image_id,path,label,role,official_train,sha256,pixels_sha256,phash,dhash
7482,128.Seaside_Sparrow/Seaside_Sparrow_0001_120720.jpg,0,train,True,f715ea1b17514602cd81932e189de680755dc0fd0e0c53816a3ba3297f7a14c5,a286af62dcb38d068fa70e7a4357f82b75c84cde1013717648de48241c42a75d,7171649788212117808,7884619233992479698
7462,128.Seaside_Sparrow/Seaside_Sparrow_0047_796520.jpg,0,train,True,76b6f0dbcc53d6b7c06658b39273d517ff62f3c73520509d6c5c0dd5f6a73992,7dd71e507c504a19096b22a095993b18b1c03636443529ac684695997cfbad9e,3842562622700494706,16638103633295234806
7461,128.Seaside_Sparrow/Seaside_Sparrow_0071_796519.jpg,0,train,True,954618b9e7ba0d26485330df7e47d7826cebdf895fd0504e23213f5abe1ac54a,12118b03fe84e1e6df1815b402c93b0a8ce5bcfc051d4b518694301a0f233e00,699267116260156364,13401001564300538731
7495,128.Seaside_Sparrow/Seaside_Sparrow_0036_120785.jpg,0,train,True,8a57ab46220682b12728e9e84718b1713b51e4aefef9bfcb248d55e364691878,d0d9e163d22b4a060e4fd5702672e1a3e28faa9515160630e38ebbbedf64e911,274048449067247121,8355280994475728217
7474,128.Seaside_Sparrow/Seaside_Sparrow_0002_796536.jpg,0,train,True,aa5db89b1cf0db5fed962ecc4c5d69f529c95b24804d70e6924ba8b68305431a,60e36d6b1f339f61adf5c886a12bc4cc1686e390ec42d97fab3229754325e006,2049576890943196977,1155405256636093559
7456,128.Seaside_Sparrow/Seaside_Sparrow_0017_796513.jpg,0,train,True,dafa72bc9d11d6285f3766fe0b688b1ffac4f1759803217f0214990468b2d724,120802f55ff3eb675a1ea9df84f8472442ba44459158cafefebc8213c578f3ae,7190505437499130934,14524434043716816334
7496,128.Seaside_Sparrow/Seaside_Sparrow_0066_120791.jpg,0,train,True,f0ad0f9408956f8146339c672e0e9cecec3f65a20d14be7d58f0ce6d4dae6664,d42e7255bc0bd12fefd4da198538c1a09c38ccf331c59f9bd1efff0e9e978743,2514922351001546348,10702115435761601946
7472,128.Seaside_Sparrow/Seaside_Sparrow_0035_796533.jpg,0,train,True,74dc4e04b97406884f7aeae5a92bc1339b19b46f23e2c87e98c5edade7153077,c654e00b6934e6d17b2588e250d05769f9802867149c5474037847b320ce5487,3730753832890879540,17360760697920264991
7453,128.Seaside_Sparrow/Seaside_Sparrow_0050_796508.jpg,0,train,True,f38b78ff339a0f80163a6ae642a0730cf2ff672d43c776827438e37a461a7974,b5472912d8b218041cb8a0c985b41f3acdde26d0c15710fd5a27283d5a7892f2,2928428051339862425,12874572310018240821
7459,128.Seaside_Sparrow/Seaside_Sparrow_0005_796516.jpg,0,train,True,66d20cc005682fb7c82d4f568357565838ffce981e6c4c11ac90caccf4be72da,dd8ed956d567aa3928c4dba82335f179e77e42a79b57d09ad0211473e2091d16,3541181812503978347,18007298536034020169
7484,128.Seaside_Sparrow/Seaside_Sparrow_0012_120732.jpg,0,train,True,9d5d01f74b433388b0380892881192c9293120c247e83171859cae03eea55395,b51357ae25d07e34143ec2ed5f02f81b1a0e45a7aec704ff55bc3932d646b6bb,7263982476115455076,9837733257865400195
7465,128.Seaside_Sparrow/Seaside_Sparrow_0023_796525.jpg,0,train,True,9d0eed3d90868311fda74a1edb44ab182e797db9c03c3469fe616b4dc5af68ce,d0ed43c8863afc11054633ec34f8e2f5652bece01b7311bf690d1d804168205a,3571018267232197076,17279991389766966485
7469,128.Seaside_Sparrow/Seaside_Sparrow_0039_796530.jpg,0,train,True,6ecde5c7934e9d48eafad615cc8b6d0bac3b5f19218e4169e8c35c3d83966b44,6afa82822b876913e5ad626d68163a5946c5992bee421418ff36be115df062c7,3514721792426493492,7977956376193867318
7464,128.Seaside_Sparrow/Seaside_Sparrow_0051_796522.jpg,0,train,True,a576aa8cc0208e7e6865eaca559d780edcdeba57fc4a684fd06a7792b23b6e7e,2a4e011d82173f7e4aba18033927f11416c03f9c0ab2ee08e285a583f311953a,2917376993602914756,4444971839035013533
7485,128.Seaside_Sparrow/Seaside_Sparrow_0049_120735.jpg,0,train,True,8efeece7594ca7cb0ff9e6c92ee76e74d03f6c2788d7b2efecad88fa77bc8a38,2d4aa8602ba3cb07a4ad1fd21923a41bea2360accb52a960176b2eb1c185b9fb,8941289044322646794,14424508665342396017
7471,128.Seaside_Sparrow/Seaside_Sparrow_0067_796532.jpg,0,train,True,d146aa5371638fb2434b6fa3b276f0b522c901dd6427f0320ccc04be51c471ac,469209e80e5b1fd3a67b089d009aa1ee5a1bb9d6a6e840276d8f2261b9a7a56a,2931794198903797326,5267855413665836445
7491,128.Seaside_Sparrow/Seaside_Sparrow_0028_120766.jpg,0,train,True,482eedc2c0307cc73efdb9e45b4ca3bc880b707c1e8bb9254461522fe652ef71,c53a9a6d6496ccb257c7c0c2dd700d2003494cde6b51cb3dde91e91a3aa8a07e,2579605076452140997,14255396736918707292
7468,128.Seaside_Sparrow/Seaside_Sparrow_0041_796529.jpg,0,train,True,988155d84a82bcf962cdffd4b8798a8c91bc73d2dfadf4bb0bb29394aea19dc3,db6221d9af114044dbce4af2b3c2a2f810d2dfb28455de4bb13723b3a58e58fd,8172141047868149528,4900438225037400164
7493,128.Seaside_Sparrow/Seaside_Sparrow_0046_120768.jpg,0,train,True,47b5ffb84d5b960f7f3b8d8e879accec7b5e0b403f17b20baf4929af1ca78516,51daffcb41d6d617a172055e177f3f5debb0ec1923a088f404e3ddfe323f8860,211359346528090634,12513227214762667497
7467,128.Seaside_Sparrow/Seaside_Sparrow_0042_796528.jpg,0,train,True,1e4a2a25c86b3d3195ded75c492f8c57fae69cb9a9a75267961e77c722573f11,9a5cb94d037d8ae70ae13f32d217d6bc04d71535e38a24a2b514c1aa7efa21bc,3542018211842742691,7407958065778103898
7479,128.Seaside_Sparrow/Seaside_Sparrow_0056_120710.jpg,0,val_seen,False,4bd8aadb32a1d2526ac25a513111ce72a2bdd5eebfadef0691d080174d049b9b,2954ef563e33826c3f184ca2d7c6fe61c2d49402f542b2039ab40cd01882f135,8409569905962733735,1456384738803339861
7447,128.Seaside_Sparrow/Seaside_Sparrow_0052_796498.jpg,0,val_seen,False,0b953e2ac221a7f4f5d02a73b4b6eb93616febde49951b1e3b0f03049c453812,b19161445ce9626b7c5f550aebdbee32f422de249637edcd24435dbba4ce04f5,8753668083455935384,4921188191821215916
7494,128.Seaside_Sparrow/Seaside_Sparrow_0030_120780.jpg,0,val_seen,False,a7525090da60e14eac59c881ebc1419d78ccbb2b5dc46e1ce11fcbbe7ce65e1a,de46c5a1fcbf7660753cbfe5b8b5a035b09a0eee396c9bf70e52af69a83748d1,5884751066885570997,10103883647881386186
7486,128.Seaside_Sparrow/Seaside_Sparrow_0020_120743.jpg,0,val_seen,False,56eb6090a5fb7debc2fbf6f0c2e5a57653dd9d5986bebe0a48fd79db65e57900,a2175be7a91401293c7e6924cee6a4c039477be6e24dd2f8b745503051d0dd5c,8331180581360929378,16299245912353967751
7481,128.Seaside_Sparrow/Seaside_Sparrow_0018_120716.jpg,0,val_seen,False,e9ba6568eda82349d6ce48152a4b3c31b897023765ff064ba7a202b3d3478aec,372f0345a785645dcc911d7a6c58f1444c38c5f79168e17892b90327fa71e49a,8265105653945881383,14756550558081392800
7463,128.Seaside_Sparrow/Seaside_Sparrow_0034_796521.jpg,0,val_seen,False,5366bafe15493cedd5fa07e4e773a4b9e3bedbad5f4635424b8c108c69f349f4,69f2478a4331b82778f1acdfbd0899c9475e3aa895ed58b3c4a50e32d8352960,6535223432071704907,13288323266518765889
7477,128.Seaside_Sparrow/Seaside_Sparrow_0070_796540.jpg,0,val_seen,False,5f2d0373111a0f9d5faa689c148f0ee75a45bfaab840571fa31d67d99b5d46fd,fb113fde668b8cd6c89dd94dbefc534b70e969bb30bb59289e391a81f32d7cf9,6047602444039816292,5459458382644235645
7454,128.Seaside_Sparrow/Seaside_Sparrow_0043_796510.jpg,0,val_seen,False,3fc99f79ae631ac802db7ebaf4faa8413d30113967d9ae3d349b76d79acbd703,796fcca78fbae673880984e753bbe31002218ab83bfd54d2209df7ff994a2b32,3864032157981748888,8966717556361438866
7500,128.Seaside_Sparrow/Seaside_Sparrow_0069_120700.jpg,0,val_seen,False,617910e4b15b359e6557d5966754e228a5ffe49718290a133736585b4ffbbf05,d6bc8d095bcb39630313663317d7321ce9bc8622f88c4b1be36b4d2bf9f709cd,559913550800921375,11802325656695157836
7449,128.Seaside_Sparrow/Seaside_Sparrow_0062_796503.jpg,0,val_seen,False,53df72a63098893f29dc413991a09417a624c0ed0b706ff3c3d32684ce84f6a2,21c39a62d4777bec560f1e4a8fb5a4d9fb55a3940a343bad6a24fcdc2d91f3db,7607765368934064780,14053384448683223851
7476,128.Seaside_Sparrow/Seaside_Sparrow_0003_796539.jpg,0,test_seen,False,1c2a65d1ac857aa33c3c541837197e4ffdc63863569221bb64f08fa7ecdae3b9,a0bb6af2663f8cd0f04425b346b6ea98ada2d2c884292a44abfb57f928997208,4311321640295611807,11291494383924005835
7505,128.Seaside_Sparrow/Seaside_Sparrow_0019_120826.jpg,0,test_seen,False,34e923761ef9171de1b0e74dabc93b9aeedbdf8d4268016bf4995a5116c567ff,7ada3723da7f4d2926ca8f9d49ec6a78d28c5146bb4acd1516f36119baec9f27,7824047001774311692,2609473335398188819
7458,128.Seaside_Sparrow/Seaside_Sparrow_0068_796515.jpg,0,test_seen,False,d011655f9f5c8ced18d6b90c835d4b2ae8e7291ba4002f4ef5ac25a679aa5ae8,8d384910dc80db92d8176e348a18c7db1b1858cde02ec841cc34229e00cfb7b4,3830254365168815769,6221246016510898738
7470,128.Seaside_Sparrow/Seaside_Sparrow_0037_796531.jpg,0,test_seen,False,d749e48b0f20de28f4935aa1075bc694ba01faa5bef375b89ef32d1562e98ea3,ef7e1cbd3741aa7effd8eddc08cd217e5ece66105d0e184cd9ced2fc81a4d807,4229686306978054253,11032303191464331170
7478,128.Seaside_Sparrow/Seaside_Sparrow_0063_120707.jpg,0,test_seen,False,880fdbd764a99dc78832145ec12f323db1b8acd222a114c4712a9421d30e61a5,9eb8c8f30dc96888ebe52eb51593a61388a9965232e87a65aea3b0c1f9ef994d,1424347543008174175,17484289440873012573
7498,128.Seaside_Sparrow/Seaside_Sparrow_0026_120798.jpg,0,test_seen,False,6984b3bb37b5cc14b34954961b4541747dea6ce46db1ba57c9a7b28990dc7eaa,670ae9d963b4a595338e1428929ee20292aad3c9e141557e29f8db9f6534dc14,6162207391116332131,15298862392861661209
7488,128.Seaside_Sparrow/Seaside_Sparrow_0007_120690.jpg,0,test_seen,False,bc89ff7f4f3ece1f384937ab3331f483a2dea34bab27a7746146910cfdf1ae23,7feb9910f8403a55baec5a5d1f521b47ebf086c0a840a55f6f31f596e86d5047,8523512323152976749,1247858892060048692
7452,128.Seaside_Sparrow/Seaside_Sparrow_0054_796507.jpg,0,test_seen,False,bd6a8555987fdf1330315c1a51b6ee22fa792ae49793be2d2a1330754f7d1752,d33a04d9812e34623ee8b008f5f32496f9e920ae4532036ebbdfc5a67fd1a9e6,8746912684026485016,6073407091316314296
7497,128.Seaside_Sparrow/Seaside_Sparrow_0059_120794.jpg,0,test_seen,False,0c993684072b03d83ddf536b027e8b8a664de18867e4036730ca2a485e335c67,7ed491ed3757ed22eb94ad754bdd42be213fb1d5153e73a14b81643aa3fe823d,1432651307903737123,16778820497982380140
7450,128.Seaside_Sparrow/Seaside_Sparrow_0065_796504.jpg,0,test_seen,False,4033e3c8ebaafff5a88d6a7ad5bf2cb511c25ead62e49309a03bbb09fce3d297,f778ea25528756b95c92b907ee9b8a0c72f567cc0544b728d009f19a8af1d64a,71523751240869083,14817350493183335899
2106,037.Acadian_Flycatcher/Acadian_Flycatcher_0004_795623.jpg,1,train,True,f74483dac756ba1e18dd98d8a0279426ec92a4249a08fac8d804621d33a3affd,b842e9f375e64e010f56216c601a5138dbea2461a30fa630d02a352e69aeb74d,6315395318537619859,16493532374422031433
2079,037.Acadian_Flycatcher/Acadian_Flycatcher_0045_795587.jpg,1,train,True,791a53307d936fc3799e724a0708232a6b6efa2791f6044757728399a68c7460,bf8161517855abc1f307cc07aca30adbe8ba815f2beb80711fe3df8efef86f1a,5561509597279403616,244147598266649105
2054,037.Acadian_Flycatcher/Acadian_Flycatcher_0033_29195.jpg,1,train,True,fa9852cdd1aa50d3f676678fd22287b3d2ef26ea1b864352aeacfaa0de8223f1,6e1e8e1c90e8a8718efdb8b587281f2fb60b08d3abc8b743429e80361094937a,2508110514310486425,11554588120659300520
2068,037.Acadian_Flycatcher/Acadian_Flycatcher_0056_29086.jpg,1,train,True,ad00eee0d9a4d22562cdc1522d1001dbe817de8dcdeea387abc5a386ce7a028e,2c2630e7f563caab8353a8f8c2327eac815ba03c38a2bff30cd3af9dda5ab839,6690702548778303692,2306970086863561900
2105,037.Acadian_Flycatcher/Acadian_Flycatcher_0032_795622.jpg,1,train,True,a2faf64b9d13581c7e94ec774250b49f6821532da4d5874bc63d10004b685297,292dfb18dd4ed29cba08ae22de84e87c36a5de4a2558943b31e6826cecdc0127,5487623583656101593,10704107300211757108
2069,037.Acadian_Flycatcher/Acadian_Flycatcher_0003_29094.jpg,1,train,True,e864e1d4803fc7ce38b7147e92e4cb9af354e021e657dd722482eedc387a93d5,c6974e25b77c0890f1df8c24c0fdcd326ceaba1391ec029f05d921ea83133493,2609514007075107047,11425261609809246862
2097,037.Acadian_Flycatcher/Acadian_Flycatcher_0055_795609.jpg,1,train,True,326f04789acc4256e2aab71cf323c7b023ac68438fb2284ca1c7b204fc97898a,57cc0b781d5fd8f93513e39153bce2914317cd9ab09e011494ae71e9fc7399e5,3356124406327890122,13423485625024579349
2090,037.Acadian_Flycatcher/Acadian_Flycatcher_0058_795602.jpg,1,train,True,06674cd84c454248bfca435456892039dcb704c281eac0b453f7f99313645449,7a3314bc30b24c49468259a3265c4972ae11f70305ba4d68e0ab17e2d9a64395,8015412757721448832,508659589555621663
2066,037.Acadian_Flycatcher/Acadian_Flycatcher_0065_29070.jpg,1,train,True,de99a45e1afd7de613fbc1e6090ae725e8b983126f01af335d0516211d3a7fed,c35d4ba0d7c05353f166a40132b7e503ef3b9b8c70f3a4f360037e9c9e1eebf4,3287023422599091386,17398082206823834417
2065,037.Acadian_Flycatcher/Acadian_Flycatcher_0020_29069.jpg,1,train,True,aef3047bc3ac49b436704433b36449a47825efd96fb6a89d964b479f7dcf11fe,df0bb2640bf80b3af549d3d9d04edb55ab635a36803a9ddbcd0936fcdd2c47a2,9114878901189048968,2388637396810389863
2103,037.Acadian_Flycatcher/Acadian_Flycatcher_0053_795620.jpg,1,train,True,0fdfa0f3808977271e68305939e94eef3f47aa7a4159f7676681e310dfc1be00,63dbf4c9a52e94fe72ed494bfff2f2f51a67763b2c6771ae5b617f5dd3e49e0e,3360953450776086014,13780890646066705351
2087,037.Acadian_Flycatcher/Acadian_Flycatcher_0017_795598.jpg,1,train,True,c665a37cd3be103a0dd975cc6a6211d1f6bcf708ef5911d2c0ea615a31deb746,73774862e807cbf17a69dac93959d206eaa9095ae5d4b57eb2c379ddab9b4276,3904792585684546103,1699701384695866724
2053,037.Acadian_Flycatcher/Acadian_Flycatcher_0066_29190.jpg,1,train,True,8c4150ebe278b3a951af484da1a8fb999dee37a0fea9337d76a51f164b9bce36,c071f5a1077d00b28329aea4d4c76c6eb24028537332e98e178959016fe93324,3981185229100476027,14186916336300750861
2056,037.Acadian_Flycatcher/Acadian_Flycatcher_0010_29199.jpg,1,train,True,c227a7f0bbdb117fc574a22bcbb88e4560deeb62f005a7e3de1c979225de1fb1,6437b010d29b60b16c0e42fadbc5d26dd0744305284c946ceb33a9f8992b7351,7429480673352846945,15693965593108007580
2089,037.Acadian_Flycatcher/Acadian_Flycatcher_0007_795600.jpg,1,train,True,37e28ab90a8beebb419721ddb3abc1aea9afd41256c427d17b1721bdf01cd76c,11162ddcf985af06af3864c70fe9641c9485b65fbcbb67ff417a5e3699550dd8,6117018040499784593,16709646158039899292
2082,037.Acadian_Flycatcher/Acadian_Flycatcher_0019_795592.jpg,1,train,True,53138492dfd0e5318f8d1df51338a6802c4f68fd43d82dc07c958d5fe0271ab7,0ddde2196f72c1a04d6ae1e56587bf6722e57c5c367c996698c02059351a15c4,5564310482530685127,5419291001028110283
2071,037.Acadian_Flycatcher/Acadian_Flycatcher_0054_29113.jpg,1,train,True,8f88de7023d98341f63f8f7253a33da3e9cc36cbd9b0a44a6a620c1fbb296e68,ae4e02d505ad1e72cebe3f7f70f7dec15a09982a45ef5c52a0d09eb78d546a64,5113723068603376526,8694282980250857957
2058,037.Acadian_Flycatcher/Acadian_Flycatcher_0016_29217.jpg,1,train,True,a0c2d448f11d3a68f47ce67316c59be4a06a5e8cec453092edd354c9fee43927,07f9d7c85e92334a0f7209bb8f0b0eacd97ea0660834fc002338367709a1d780,181067215904550109,16558004759205160673
2080,037.Acadian_Flycatcher/Acadian_Flycatcher_0068_795590.jpg,1,train,True,d2352d37444052cf942aa418d5abbcec7b8e5d8080a91800d30228924bf8e4f0,6dcda66e83984d731ff4bd61345bde14675080bf3d601c9d4fe6abfdd2e5e254,2310185215587019670,14399076518926722951
2102,037.Acadian_Flycatcher/Acadian_Flycatcher_0035_795618.jpg,1,train,True,6c2be4043e1aa08042678511cca00534104fa830405465f30964c7b75de2137b,f09780ff0acac35386977e1e6d10aafcad19e572d1f1a18e7a4490571bbba367,5609341357224736796,4775142657068744772
2084,037.Acadian_Flycatcher/Acadian_Flycatcher_0021_795594.jpg,1,val_seen,False,42908539ac5309a524788b29bf96c786ab5d428bd76a8f439953c347428548cc,849df92cc3e6a73e319ee3c0b955379fc20599870f6af2fe9d939909c6208677,472201278753043514,17505769289916251581
2096,037.Acadian_Flycatcher/Acadian_Flycatcher_0050_795608.jpg,1,val_seen,False,b8c59a094b533845dbac1a9fa72f5b628f17ecef26e6e834a815d63952f2e7bd,0625b318dcbb2dc3b68df61b1079b0e8cd203252b9789bcdcc5e79e453846bd7,7342146789574129683,16404157711679646938
2104,037.Acadian_Flycatcher/Acadian_Flycatcher_0005_29157.jpg,1,val_seen,False,ea3e40132a5d290ee28c1f63da59e1535a4a496a62f6650f24998910f519ff5a,c31421081f1027b21113500cf9c9e901c5920ea4b378e6d7f58ba8a689d3655e,7088839112209145462,16197070199284627608
2060,037.Acadian_Flycatcher/Acadian_Flycatcher_0070_29150.jpg,1,val_seen,False,815f70d1badcff6a32f5fdd9252c3ca4cd0528e5d03f373f226dc3fc06567e98,4211f11d905746f257dfd8d92211f864f89df0c319c136831002fac06d0d3c2e,7790774341691575097,13989415963827930763
2092,037.Acadian_Flycatcher/Acadian_Flycatcher_0060_795604.jpg,1,val_seen,False,82570c252d6f9a8b8adf00edebb7c118f450f41242e96cd8c2dce0c8d4f13518,c5575a93f19cbf3c4ce3d620eb8e9b9bd54960c40b4d613fd2f0a2832d4a0914,2349949346287643663,11257916750416908174
2098,037.Acadian_Flycatcher/Acadian_Flycatcher_0052_795610.jpg,1,val_seen,False,77b86a189e594ffb9b1b334e8001aa21ee4254a2ec3880e4029c9c288258a25d,74c5658d9f6ce39c0ae36e3437c0ddd86490cd69799a4b53df4429f731893b1c,3556112143710198979,1808217501796365945
2108,037.Acadian_Flycatcher/Acadian_Flycatcher_0071_795627.jpg,1,val_seen,False,ab600aacfc23c93c632ce08fa4e271cb96b26cc906f63da00355edbb46bae18b,63e6e0e57b9aeaa3678dc9c9fc15802d4ae2f25c726293fe8fe4b8a6c2aac5d7,3653153244910244715,11256493890346344441
2111,037.Acadian_Flycatcher/Acadian_Flycatcher_0024_29173.jpg,1,val_seen,False,c173f3f48d6c92f6dda080c24d86dcd8ca7f6969fd52dabc52fd24d644252758,669186f079a151178897aa0ffdbe1e7d9b5fd865a01f8e7123e9b5abdac2e1ba,50896734814652855,11787809891902787977
2109,037.Acadian_Flycatcher/Acadian_Flycatcher_0073_795628.jpg,1,val_seen,False,33eb1cbf9b11e7a03d37396953e7909f18303f5fb19d0809225087bc37b772ea,1969ce509363fcca98612c1064436bb4f7c66e91fbd300acf58c563b13d60466,6403123007808086892,3472540227109496998
2072,037.Acadian_Flycatcher/Acadian_Flycatcher_0015_795578.jpg,1,val_seen,False,eba600009effd9d20c3fb7b5814e8a045b8631cc9499e0b0142a5b0486920125,0b9c32473405bbe3a25cff6f57e046a1877b04d3029861d241053176e1f0684b,7684704584472115307,16786859501261251033
2075,037.Acadian_Flycatcher/Acadian_Flycatcher_0031_795582.jpg,1,test_seen,False,4c256845e71b979dd3562f2e573c4313e70ad4605f110c5a7271fb826c276dfe,fa3433974ae8071e04b05f4847f11e917f7a3768c3798da3a041976bf49716fd,3431131736328024476,2755136787588277894
2057,037.Acadian_Flycatcher/Acadian_Flycatcher_0022_29145.jpg,1,test_seen,False,6105063176fac577adc6b53055e3e29a7f9b78e4943e9fa8137da71cdc0f0246,ffe1a97c3e49c1f241202508757a1b27028c724919d8a07242b3bbe69ddea167,6092788696166420072,3973904285635482925
2062,037.Acadian_Flycatcher/Acadian_Flycatcher_0036_795577.jpg,1,test_seen,False,b19ddb7774c209d77554d039a2ca1366dd25ef99c0b6d059d9628b107fda9845,c35bd8bcbf986226ad6e75b2a4dcf86c179772ec3cb2b0d7a41d5350c471216b,2676528902905286562,14901960879969964943
2076,037.Acadian_Flycatcher/Acadian_Flycatcher_0034_795583.jpg,1,test_seen,False,f67ac09906937e4fcb6a9ceb9d7a5cdaf926d954d400bdf28c3e2e778fc1c610,039a6eb69144752db0d6c48748c5b13b2f0d00754d4ab803941335f3b9224441,8054551905975754608,16529416093271564087
2086,037.Acadian_Flycatcher/Acadian_Flycatcher_0046_795596.jpg,1,test_seen,False,ccb9931ab6663f42301194a4f4575dc79bd56ea08149ad67a112cdd1714809da,2e6bbc5fa4a6dbcc06f5b62b446996c69d80502bd3e3e3242f832a02f5755312,7828792654422643511,2749012112649561453
2063,037.Acadian_Flycatcher/Acadian_Flycatcher_0069_795579.jpg,1,test_seen,False,7aa4fca971e3ac75da852dad4c425cbe99bcb60c1a4d6fd80e90f9b99ff2d0d6,5629fdf363744d4b4188cc945170b5944681485f00c414095632ae43488de60d,2110888823329563750,6726814820818900533
2067,037.Acadian_Flycatcher/Acadian_Flycatcher_0051_29077.jpg,1,test_seen,False,2510f311e99f3451724680ea577f1277ed9754f954f6d41b3a65b18ae7187cfd,c6e2bb3a91da45ac40996678a446bd4522cfb97a01908f2a2e3a336bc7ee766a,3749065813619926550,8718067855228967992
2073,037.Acadian_Flycatcher/Acadian_Flycatcher_0043_29115.jpg,1,test_seen,False,55a6570a1841be6e2c1819d543c048f1fa5594ee7a1f1a4063df90ae239816ca,eb302762b60bc8529945069536294c2bdb9eb62b9ad2f15268705704be2aec09,213390443412681196,5288577029449087730
2101,037.Acadian_Flycatcher/Acadian_Flycatcher_0038_795616.jpg,1,test_seen,False,ed1f412c33d7224de8b5955dc9162ecd20e614c747fce4a6c6a952195f6e7fd5,0f08c9c2ac82af0ec8854571f8ea3096c1d28e2b44406e0c67c1d3fe05a9e3a0,938500454462943155,18157213404165189674
2074,037.Acadian_Flycatcher/Acadian_Flycatcher_0049_795580.jpg,1,test_seen,False,85fa0928f541f73edb7d438361bf37cc098010a0a0716eb2922932ae0e07aabe,518538ba558c27c31fb8edfd652450f3157b54cb452710ed5ad25d991faa4353,6659191420617181876,2387228188623854678
6478,111.Loggerhead_Shrike/Loggerhead_Shrike_0128_105238.jpg,2,train,True,ba071ac8064d944048a95cb97fb0cf75509047f00cb7a5070b60229e5a8bfa94,2226dffc821594644db961b7e9e7a1df4262e4af2d5a0b5c54f5f896bb8f278c,1259076321734610393,11247969250639272398
6500,111.Loggerhead_Shrike/Loggerhead_Shrike_0090_106461.jpg,2,train,True,04e22da1839d525cecb81d00a5b1595bdcba303da6f29b2c94932cdc2c460a8c,f087fedb5d9097f8f481673eca08b4bb186aa40970c4e2fe4327fe32d14b40a1,2375593939276647940,15629433048433160161
6452,111.Loggerhead_Shrike/Loggerhead_Shrike_0071_105040.jpg,2,train,True,ee08b9b99caf980fdf60232a10c7022356a5e33f6410993bc09d15e1b62fb7b9,e629a0abbe24586de28c6ce678026fc6c9791535156d3271ef98a9a0a8c8ae3d,3510221435273681468,3191989516732443346
6448,111.Loggerhead_Shrike/Loggerhead_Shrike_0041_105002.jpg,2,train,True,95cb624d337ff0839aa495c84f28374d1ae3d124510576aa1c51f517b54b6d4f,4fc6aa564554fdb4be94bda39ca4a5d32be8c33401bb920da69893294ab4b6c2,1527298152461651358,8798975450710471410
6470,111.Loggerhead_Shrike/Loggerhead_Shrike_0033_105686.jpg,2,train,True,da9f00785e5eaaff0c22525cb42dae4dd7fedd8439e83a8832f06d14f2356a6d,e629ce9abb9ed32dd31410a5c7ca3759512aa41332c782c59d458945feeee657,7229334741737958281,15010497581984245735
6446,111.Loggerhead_Shrike/Loggerhead_Shrike_0036_105904.jpg,2,train,True,9349c8e9abe2fd2b0a0d3361484db460989199d1330e5732c446f42876968248,6f0325788dcf47def4b4c3ea2ddb3ec8c0f5c342ba28f0c526526e690492628b,2751895939070217713,11285620876850261337
6455,111.Loggerhead_Shrike/Loggerhead_Shrike_0073_106097.jpg,2,train,True,37883cd2d56fde80deca22615177dc4c2fdd9db16f064cf660d768166cc60417,f686130c9e04b99f66aa511b8df1244aa6398d4a4489a1457eda3f25b2c48586,2718232215751656395,12869684151106537695
6462,111.Loggerhead_Shrike/Loggerhead_Shrike_0052_105120.jpg,2,train,True,558bb3fc5fb3026a3a9dbc16093116d53653dd2ee615ab04ba7b1cf7a4a37c4e,b416d0b9ebb0be29f88bbbcb1239c8f498d7f2941c785a0974932abd5e774a2f,4864266227775068813,15191427474398990416
6471,111.Loggerhead_Shrike/Loggerhead_Shrike_0048_106215.jpg,2,train,True,b58cd48027e9d548e5c45a3bf425a3a513527aa1ba813d73dc9eaefbbd9f9dfc,2c6ea6c08f6229fcc78500f95afec4654266a1f1360b2b0a552807eb7b55a30d,8681995685050725284,4116612427743356656
6489,111.Loggerhead_Shrike/Loggerhead_Shrike_0029_104849.jpg,2,train,True,f6a595d92d5afc37326e78a2fe156bb48317ed82eaa4e8c94ef2dec084d302d3,860f844540929a3e02d066d660f0a5dcc9019e81e1323d43ebabfc13a01f5678,4071790341829243491,2103138369327287213
6444,111.Loggerhead_Shrike/Loggerhead_Shrike_0032_106521.jpg,2,train,True,d1fca13638c6126a533968c5ae6de7875b481cb1f11c5d542e849af201f0f52e,c7406cff259d0916017cd0257b3917c8b1703a940978a2ea7a1cd58fc75efe9d,5072822542374683557,2884177518944448736
6475,111.Loggerhead_Shrike/Loggerhead_Shrike_0109_105710.jpg,2,train,True,6f0e17b5d427fec196eefcbf83e93f1f35c80416f9fb09217ac10dad9f695074,8a2654ae713e6dd4a532cd89624608153bf34e24eaf0a6c82318f125423b89e1,3956284839682663526,15628870374162870304
6447,111.Loggerhead_Shrike/Loggerhead_Shrike_0046_104998.jpg,2,train,True,e3c88295b28a940471189135c074a3ab6eb36376a4860ced6c6f9bf7fc9738fd,13b0d7dc705e60776012a394748a457e7917b816e2d4f7add86d1ccc3ffec5b8,3233330767376157961,8371830680110216886
6443,111.Loggerhead_Shrike/Loggerhead_Shrike_0114_104960.jpg,2,train,True,4a3cd773f4f71028b31fe524b426fcebadd889154b2eb04bf2793c1c38808e37,7ccd815a7ed0bc004f93a814154444f37439b809becbbd58d9a68e0d8e53bea9,201799099491600206,9291186171475193819
6481,111.Loggerhead_Shrike/Loggerhead_Shrike_0018_26407.jpg,2,train,True,a6d2e869fd2a722b49113b3ccc8bf4d4a439d37b085a3b0eb18db3ca0e5f4e48,4819782d72f8469c4227d4723a49628c374fed4782832454adb1991c13412095,2650864927080763337,14422433685660540494
6461,111.Loggerhead_Shrike/Loggerhead_Shrike_0019_106132.jpg,2,train,True,afeba40eba7afa47a4e2aa584f8a328c2f5fcc38b3303a53db54545b05734f0f,fd1e32a83b4a67c99a311288c4ba96ce1ce27994232b03394355d0353b819639,4099339492313973646,16978161146151641954
6465,111.Loggerhead_Shrike/Loggerhead_Shrike_0119_105138.jpg,2,train,True,d7ee54525cd9a31b1eb9966455e22e180699d8b1890e505c767668b502a45714,710df712953cbdef6f0ec05d3e492d384dd7fdac4d29ab8d3781f3139d324b62,8198702158151050345,16741887839177182608
6457,111.Loggerhead_Shrike/Loggerhead_Shrike_0007_106101.jpg,2,train,True,b8b79665c29b32f3c3fc90a10fd83cdf08d8951f65daae855115a8ad143c5290,f462ee3efdb093ab4a4271b942b9b1c0bbf2521dead88b10a2a19bcd0b42e620,3572707140229724204,18173666535458355
6458,111.Loggerhead_Shrike/Loggerhead_Shrike_0024_105593.jpg,2,train,True,a02b2544d809b94de0d944042b64d83a41f391231625440b71efe5246de41c55,884820750b693d3677a6f08781cece003a0acdddfd1dc7862989361229a469bb,7227322558330095801,9387778881783875802
6460,111.Loggerhead_Shrike/Loggerhead_Shrike_0100_105106.jpg,2,train,True,6a9da84f6ad9a9f8b4ac7b0c69649f83d67f927d8eacc39ccc1200fe9acc858c,b8052c1101018663a17a4717d40fd43443a664c5b1c5ab53886efc4e15d2e4c0,2853246851525763302,9863320622330695246
6495,111.Loggerhead_Shrike/Loggerhead_Shrike_0068_105400.jpg,2,val_seen,False,06899665128b65db70fa9a7ea1de83fa8a5b94cf8f9b71da9b46d6db2de2dd06,c18eed8ddaeb98542fb45399e952ee2165320354a27a67165ee94274f68a676b,3695990854933489276,14110144642223263310
6499,111.Loggerhead_Shrike/Loggerhead_Shrike_0110_105947.jpg,2,val_seen,False,3cad1131bc4622e88d50f39c0ee5a639aacc035d73b586e6372ce6c9fa4b5c51,a21897f80e74f0d1164b03880332127f6d958d45cdbe7f7dd7c4df8c46dd4505,7321825482543343761,3959357195564861387
6451,111.Loggerhead_Shrike/Loggerhead_Shrike_0089_106055.jpg,2,val_seen,False,2db7e9b11521558969d7b080b646ef8f7f088b7ec9a5cbbd13067f5fdc7e1617,30fce58e5e96f17bf5c28f691485cab77c7d335ac961a0cb85ecea00d52056fc,8741432121040307251,2540829073494021292
6449,111.Loggerhead_Shrike/Loggerhead_Shrike_0086_105005.jpg,2,val_seen,False,47d7b739c26dfc43339148bdf3773301c1b495ba884603d8ca69bb449f008cf8,db08538131c214477ad12147d73471417914b826b85d6c9a8f702ef0bb1e3ef6,8153288226629885724,13129865165604037202
6472,111.Loggerhead_Shrike/Loggerhead_Shrike_0025_104828.jpg,2,val_seen,False,1ba32491007b41df91b386c06002f4164105d998e5ff9867270d6a78044a5f71,3e01c83f1af08fe1dc87d1eaf14f34398fbf674211d96782e8e6b0245137cf73,2655944107402454765,4721073529865798
6459,111.Loggerhead_Shrike/Loggerhead_Shrike_0125_105594.jpg,2,val_seen,False,39998abb3423bea8c1fda33b0be4f9de89364b103605872b3d6aeea15d5eeddc,875521a159ce6b845b617cb43006b7a191088defde38baef6940e5a198fe4605,7236610163332254873,870081271980901669
6493,111.Loggerhead_Shrike/Loggerhead_Shrike_0023_105892.jpg,2,val_seen,False,20ca8f889800aad02ab236263965c614e434ebb1887a47c18612df6209342e4b,7be02f2b9a13fd3616f40182d64a858a6024f546f582a2256135cbc69d3a41db,5482519728005195756,18226288081620692377
6482,111.Loggerhead_Shrike/Loggerhead_Shrike_0120_105777.jpg,2,val_seen,False,908fa6c36eb31aafb2bb984c3d492fff68722bea6676424aebd9b56a1c0c2049,3ae204a1d626e7a603927c75ee0edf6b1b20ea950cc8e757493fbe878eded0d7,4307252775772097314,1299510162630127131
6445,111.Loggerhead_Shrike/Loggerhead_Shrike_0022_105501.jpg,2,val_seen,False,54f5cf402972b55062424d21c2953f7745d8200fc8a66f5e6ccab3f690ea4a46,c887b0a89ee54fbf76a2c5808353bc772d7dd173853a065f7a93a911ba97f6c9,7853208378649873463,1299893999513021342
6466,111.Loggerhead_Shrike/Loggerhead_Shrike_0069_73908.jpg,2,val_seen,False,f176c33b364a396ca67a79c2771cfebd460bce813037b274860017038c5928dd,3a1ddd3734d4ba01b67d63cdf4892553da0440c1c8837d18896e2411978a4f07,1471913324322647442,15608511714326609342
6492,111.Loggerhead_Shrike/Loggerhead_Shrike_0010_104866.jpg,2,test_seen,False,ef580eedb291b2fc9d35f7b9719e15716b0827e8aa12e949c585b3faaf837491,a6c8041b1525fd78389f34989182a6947a5c0e7aab1bdb8b16d5bfbbcf0ef906,4941146506150035302,11009300686073671332
6485,111.Loggerhead_Shrike/Loggerhead_Shrike_0123_105849.jpg,2,test_seen,False,431d6877902775ac44fac1456b463db7935b2f40395e2572c0b2cfa30e3309ac,ef9d37d1f37664c629b3f42436f60a546c7d7bb123b3c5a813d086bb5124708a,4523333084473378851,2867287892363451291
6474,111.Loggerhead_Shrike/Loggerhead_Shrike_0028_106221.jpg,2,test_seen,False,e9f1767395330ebe959084f68fe5875523e03416534c8f5f397e736f818ebb4a,c41fb0ccabb400fbb9a00e464c07ad9d6bf5d1dce76ea6c6ddaaebb6a30aea06,513370342194154761,7236003012048770757
6469,111.Loggerhead_Shrike/Loggerhead_Shrike_0106_105437.jpg,2,test_seen,False,1460e305179aac2a2ecb94223e26f1680b37e220bb045643c780882f295e4717,86bc49749d841be1fd7cf83e5e0672a1a4a3e35a447296c4719f6670ba328f9d,3187593350041360931,16062815495785674226
6501,111.Loggerhead_Shrike/Loggerhead_Shrike_0030_104930.jpg,2,test_seen,False,e379efea3e4ef17da53b9b282f7f978c6c1660de6066202ce88e935ee4f5a6d8,9df6ae3d159e475000934585f6cf2303a94bad1ef552367731b1469ba7a0860e,315024588931888049,13165964431761774230
6467,111.Loggerhead_Shrike/Loggerhead_Shrike_0088_105663.jpg,2,test_seen,False,ec6377ba2a29fcbd84ed6ce470fe6c5983046ce81fdf7cbd2e88d4bfd02c7788,bde06d1c353cb54891ce671eb744c48a944c02c2abbcd3405d19a33be09725be,2622954503871542963,17934711286268224760
6463,111.Loggerhead_Shrike/Loggerhead_Shrike_0075_106153.jpg,2,test_seen,False,fca3ae04713a6a85f8220537eef78a646effae36927f4d04b1c2e92ff3cf612a,def483d21f89ddf80a23e5e76f443cc73a4e7b623f51f42faf5ec4e46a18090e,5080545602768693708,8265466427400989773
6453,111.Loggerhead_Shrike/Loggerhead_Shrike_0059_106086.jpg,2,test_seen,False,8d2e1aefeeaa261a6ea2312d739b452cc44dc2585c38b968c12fc1adeb4f5e20,0f2dfd8f76a130857cd6cc77bfd04359eaebd62079b383dd82c1caa19c78059e,904858047932991900,18079106199842949324
6454,111.Loggerhead_Shrike/Loggerhead_Shrike_0115_105575.jpg,2,test_seen,False,afbddee8f2f7aab0bdacd010e6c3ce20608990902e8736ac683cfbebb28d2620,3e942b08084eacc061d33ca874adcb21ce9d61520f2b244c4f070fd8fd64ab1a,1612512101917288903,16855235714296476024
6468,111.Loggerhead_Shrike/Loggerhead_Shrike_0118_105157.jpg,2,test_seen,False,fa17f0a806a62bf068c22a891cbd7ab47212642a8437fde5d63505f5080d1a0d,7dad60b17cf85a01cd692d7c203c280a59a6db10c79d41952ebe9d092572238d,3812588963174015798,12374308149296659644
6669,114.Black_throated_Sparrow/Black_Throated_Sparrow_0072_107255.jpg,3,train,True,3bed8a6e6b907108e86177a73a18229e481a4aa7867a7c0211471ab5b44ba4e8,3cf02ca3ae0263da4235b6f79c3908bd9273baa5e341833a684da18c0483005d,3527998802590339021,10239609731668479159
6651,114.Black_throated_Sparrow/Black_Throated_Sparrow_0026_107198.jpg,3,train,True,02240e58c03097a1a652b98f37d78f15573fa568fd0ae8ce23b8d64c9c6d0202,569f54795e7674476f6811e4cc61a83d60d24f3430e5793ef6dec031bc064bd7,1175035743198219643,16481252066135678012
6633,114.Black_throated_Sparrow/Black_Throated_Sparrow_0017_107355.jpg,3,train,True,993663c6ac1d19942c624e9ec7ca2d4a19d76dfa84bb38e48316941b3c160fc7,3954bef137ea2a5e45c43e5f5f504aac33f5f556d27489667faf453e3e486d31,7327810438478839896,4925419633605240487
6644,114.Black_throated_Sparrow/Black_Throated_Sparrow_0009_107333.jpg,3,train,True,60b849fe1b433a8c455068fde8478ea46fb372dd3287c708fe980eabe0f92990,a583bb68c80bc9f8fe48a174ff8ea9c7a4e9785c69dc8259f0ad8f51a90589ab,5132868886798384320,12702765347928129968
6668,114.Black_throated_Sparrow/Black_Throated_Sparrow_0078_107298.jpg,3,train,True,b9c637aebfbae1afcef4fe24c4a802aa4f5d973cb5c900e08af51b1c1dc7608e,e64f22962f9ffb417e7f004fad13c80625f4dcf34241888f18f28a065a3d207b,5262027184175191014,10435056840284910106
6667,114.Black_throated_Sparrow/Black_Throated_Sparrow_0102_107243.jpg,3,train,True,cd04eacfb3aa48cc88e855ade04f12a9631d4ad6a123b1ed5f644c756cd5f604,153df9690f5cfd19aefcf61608b1296bb1fb408d130a373016f8443d94e7ca66,8190250879074050133,7105162394544785456
6622,114.Black_throated_Sparrow/Black_Throated_Sparrow_0090_107295.jpg,3,train,True,79f559ed70f56980fbb78f8a2c56d07cfebe552a9cc2f2c1c4a93fc881d68a7e,bd61fd7f7d61990c0092ebea522bf7f137866ac6bf48bf95041cd0e55990ff87,2530051588984983409,12988174175998529356
6664,114.Black_throated_Sparrow/Black_Throated_Sparrow_0001_107233.jpg,3,train,True,68be51f4956b37770f9890d9e5743fd79aa8d68d4163048a2889b3b99f2e92d2,41548e6caa66520e39ab4e51d10f155c6b07636d329b048747e6e287c7f0788e,98599178932418313,11796223276461495002
6638,114.Black_throated_Sparrow/Black_Throated_Sparrow_0011_107115.jpg,3,train,True,fcdbfb3ce8dd0af76c119aeb6a7ae19654f694ea1a8308862a1b27e504979393,5f3de1cb1e93cdb95dcec05a0c8371399559253aa64cc20616e0f09074da2f4a,3811107523744250233,12523820880472781351
6639,114.Black_throated_Sparrow/Black_Throated_Sparrow_0069_107116.jpg,3,train,True,3e400c56d7f313b3a7e66772bd7e2bd887fb848d2606c085875a866ea91fc18c,9bdb6dc086d0faeaae76a236a3665069f9acdac70316237f7b4d95bd2f78b7a4,8991090792682128873,16628455568822769818
6631,114.Black_throated_Sparrow/Black_Throated_Sparrow_0065_107087.jpg,3,train,True,b1f387a18ed4c05c2f884c41e0ad12e3d2efb78f0be1d475aae40dd0b8c9b314,20684b853b42cd4753651c380d454255364795f1af813f84f7e9043099f302e8,709654380966524195,8194847843059425545
6623,114.Black_throated_Sparrow/Black_Throated_Sparrow_0033_107042.jpg,3,train,True,367c76c8fffa032a02d0160c5f8abbe3121b1ce6e609e8c8777db87c57ed91e2,9b1a434863b093ff386aa3047a803d5553095bcf4f1fe66862763aef0e2d187e,8294743085616312952,13269905550529348508
6663,114.Black_throated_Sparrow/Black_Throated_Sparrow_0066_106974.jpg,3,train,True,512a9e4bfad9cbaa9aff80354c8a8f8fd1e74748573c5aa5bcef3cdb5a09530e,72941bb022c172b95c3fc0d7e81511cd85f86e105e04bfe873dbff24164ca72b,7297225135162281017,11156795947659726747
6614,114.Black_throated_Sparrow/Black_Throated_Sparrow_0095_107268.jpg,3,train,True,f665b80e7586b72c074248424c3073e0700919ef458e28fa8b65f4a5afe6664e,fc6aa1e1449a7581e433ef0c8b2d1e726db378aee8825a6ff19feaf40ef55c27,8847470465539390659,2359926942641753870
6661,114.Black_throated_Sparrow/Black_Throated_Sparrow_0086_106970.jpg,3,train,True,aa37e29a900a5b1be1571e969c9855f515c4540fd366cc4b5ad0765d5ad7a506,6bc43128bf50e4e6710edb3e7dd2f90e737839077d724dd34ad3d79d50e197f2,1886124371350987754,3690099520134740140
6641,114.Black_throated_Sparrow/Black_Throated_Sparrow_0010_107375.jpg,3,train,True,14d9d37d8db36ccb8e40553c5b1a1cd786fd98f516f4146467775c1ab8697cfe,67824ab8a7169ad1898d22b1a0739a84366adf86d29fa8ab6af57fd17ddb8d3c,3341784820343793070,12655070657680009579
6649,114.Black_throated_Sparrow/Black_Throated_Sparrow_0019_107192.jpg,3,train,True,6046a536ea743104932fb70b046eb7f80d00dacdc57bc4f6f8c65e6110869e64,44e0c4ee29260774280936fcf20253ee6a257c945b2b5667c771cdea5d584c76,691452533490941891,17418227716515809420
6617,114.Black_throated_Sparrow/Black_Throated_Sparrow_0027_107278.jpg,3,train,True,1f65af0b0d6cc5081cf92ebd4d1cbab4527e16550707701a058a764b73d3bcca,d18270189c8ad05794461b132d6b6cc76eac5e06b1acc04c1f721037446317e6,7256382174651046567,868801970065307280
6662,114.Black_throated_Sparrow/Black_Throated_Sparrow_0020_106971.jpg,3,train,True,f2d1169f54e8b70f71f7d42212b410f3b910f593fd94ae18503a99b80fe886f8,bbb77ea39811594a8301d80b698f1f717e571308d194dc5d6507cfcde459a29e,4103842542450192698,2330782955375895328
6654,114.Black_throated_Sparrow/Black_Throated_Sparrow_0055_107213.jpg,3,train,True,0eb81e0f2f42b11757abcc8a24e1d3d1a107b65bed59a688e4716c786c3ac166,32a54830f3657be3e078c40cdd3e402f334f8a7ba6c7f05a0a58b6011151f389,3753978469788261838,3468951062060617411
6648,114.Black_throated_Sparrow/Black_Throated_Sparrow_0076_106995.jpg,3,val_seen,False,cb103f87389947ec492231883a7b05d060725bc8488caa7ada6c12bf5ef1dacf,ed925d7fc9a49845a438b6900ee35dc395f2b40e27ef6b8c708842c6c6a51c86,7274840484218542156,9702499955881444745
6625,114.Black_throated_Sparrow/Black_Throated_Sparrow_0059_107060.jpg,3,val_seen,False,34ab79222693df50295e3a4dfe60edcb078f940eb9994a234f8bf08a2b00c065,a375e77d6a939b12cc7414f4a8dcdb999b88d19a6de37a3ed5e1b1578bdc4e07,5666574463144880240,6153526465181868646
6672,114.Black_throated_Sparrow/Black_Throated_Sparrow_0013_107005.jpg,3,val_seen,False,b48bb71c8bbcc040629c11f0e079e48dd9445001c97c0055dc47084bfae5707d,9a97043697537e98836d65db26e400153f598ddf073f112752411cd343283754,948538680600456803,2872860551987729192
6637,114.Black_throated_Sparrow/Black_Throated_Sparrow_0074_107113.jpg,3,val_seen,False,55e611032269c4d49002aad2392cd35752fa375eb2db67c3ae5b66adaef891d0,3542759657e7fcb2dcf55a45fc126b5c55d81de736d500a989ad4d3d8d88dee1,8943184458364100157,13130567034036495363
6645,114.Black_throated_Sparrow/Black_Throated_Sparrow_0040_107172.jpg,3,val_seen,False,18273372b1d5ebe2a24ae915eecc66b2638ad3706f66b97859e40ad9ae924751,b5e7b7f53505cb0d30a160b56a5f21755a002216707edf7a0d78e3f949bca8ad,1459954568334206693,15343181037200225332
6671,114.Black_throated_Sparrow/Black_Throated_Sparrow_0039_107259.jpg,3,val_seen,False,8e3f7ff9c6c460196dd945077faf9b5c1be37c49b79402abf169ec288df7b7f3,d9201040919b634f76f9076285ecbc51e75b311a0c5871c26f3461c05dc48c3b,7248711372219796777,13590231479623749574
6613,114.Black_throated_Sparrow/Black_Throated_Sparrow_0056_107010.jpg,3,val_seen,False,48e662ab6100576eebceb72dbbfa45eb5337af8abb17661d55baeed99f793d41,b61e037495492a1c12f67796ebb2df205df4430dbb40d35d0525b1b7d69e8781,7194670341054232681,17388497453510514397
6640,114.Black_throated_Sparrow/Black_Throated_Sparrow_0053_107282.jpg,3,val_seen,False,1879a628c5a7443d357cb2e6ca673aac3727da5719b6ebb37f1f361f2db78658,83a67e55c175dd259e0d530e399f47431b7b61c761a6f9308feb69d3c5dbb065,4872428794527594716,2463803564016453833
6660,114.Black_throated_Sparrow/Black_Throated_Sparrow_0061_106967.jpg,3,val_seen,False,ce946b8f19f1f27c12f36d914377e1d3a9fa0ad197d0d979e93511d71b4b5993,02915c72aaf0e3eb5576538d073ce10cbd4af5a39aa24cf89b55badd66a9535a,7040976460749490361,7155452651631219207
6621,114.Black_throated_Sparrow/Black_Throated_Sparrow_0057_107036.jpg,3,val_seen,False,9ecafa8c5a23e01202419b2c479e148b7b770dfe40d9b9675217777805278383,c317762a64dccc78280ab62dc662473b90b81c0cc4a8d920570f4c38ffc303a6,5693025444495061980,15772665031359537959
6618,114.Black_throated_Sparrow/Black_Throated_Sparrow_0054_107026.jpg,3,test_seen,False,8db49b77af92ec1de861613a0404464f2d265e8d330e64da9b550ebe99d9fc25,53c9ce8d73b33e4b6c7f9f94410267b7851065878cf314219ba8d4ba0b0e3009,6001694276145831023,7191062909606335392
6624,114.Black_throated_Sparrow/Black_Throated_Sparrow_0080_107050.jpg,3,test_seen,False,4edbd9ec0a111721c940d87f6de135a30dd7c68ba66a9c18fb9e512a7df80049,e3d4937d169c5358efd54c71881efcb34ed02f6a6756c89e6081bde00777bada,5241229278332714138,14296737317954639342
6628,114.Black_throated_Sparrow/Black_Throated_Sparrow_0015_107079.jpg,3,test_seen,False,a7aee32f23b30e61c4dee4da70f12a62eaacf80403c084097826465addd06a0e,969b65eafe0bee50ebe55499d23adf0999c8d38882f1bbc0af24164e95a04e1e,8105016338433596168,4735040350472090802
6643,114.Black_throated_Sparrow/Black_Throated_Sparrow_0005_107150.jpg,3,test_seen,False,1328d0b6bd4ab05ea19d330cd63c777707903e256fca86ca49c172eae326a0c5,934864261239cd5c7b821f0343623834352955a92e9b17051a811befdfda2bf0,2045168778357287350,5076883834120844388
6642,114.Black_throated_Sparrow/Black_Throated_Sparrow_0098_107138.jpg,3,test_seen,False,0f4d8e348f107126d72d7469a8bf9cde940cc69ef4336f75366aaec1fedcfbaa,3618a5da29a41e6a18116bcb53158072d7b4d8703e276e333c8c309220d85048,1419591337561361318,17900925166855906916
6650,114.Black_throated_Sparrow/Black_Throated_Sparrow_0070_107196.jpg,3,test_seen,False,67e0fc5779d084346dec1e140fc905121f6a2317d7eab614e94e4d962653dd42,2b4ddfe6e131749840ecac372c3517971d8dd458c94a43b8ec502f7cd0aac368,4218258472759931360,16943016161041942982
6656,114.Black_throated_Sparrow/Black_Throated_Sparrow_0068_106960.jpg,3,test_seen,False,c4ab15f217b40d09243aebdbaddf8bc5b7114d60e525fe13c8283b57f43dc1e8,9f3b4c1838b256c283060e3be92fc3440f351e1056b5be146f7d30642c818ad8,821508153585694664,2641760766046960251
6670,114.Black_throated_Sparrow/Black_Throated_Sparrow_0008_107000.jpg,3,test_seen,False,a8a4b95578d68986140a8698748270044e44d97ad485b81c871edc0681f9d12e,0aa55151d7e5891737c8f0a283922327f1ebbb1afa1b5fd78b96b49f2b2b1cc0,2418928259229866429,18201470062455156711
6646,114.Black_throated_Sparrow/Black_Throated_Sparrow_0060_107177.jpg,3,test_seen,False,e81c4c23bbeb7946f84372edc465b88482814f194a3ed763dbffc5dadfb3c88b,9df35a8752ce7bfebdc4d662b13d28f58c8100b8cbb5af0ae5dfc63c9fba4ec8,4315535247017271708,9570408466780729649
6620,114.Black_throated_Sparrow/Black_Throated_Sparrow_0003_107035.jpg,3,test_seen,False,80e9363900d1cebec562092355001d882752276479738e1d97853b3b31c1845a,84bc9ddfd6f4a28caf3c2092b0666944e352d1f15a4ec18c249308c0988c9c80,6765235806869162465,957215600247190056
6805,117.Clay_colored_Sparrow/Clay_Colored_Sparrow_0071_110656.jpg,4,train,True,7b4ecf235095387cbe2141e585eab624e5b7dc31680afb76e09edfad37eb6650,2e6759bc0dc808a68eddb41f8b41b11c1e60e30531668bc52f5913fec5b642fe,5520485678283673863,10571184803071272331
6832,117.Clay_colored_Sparrow/Clay_Colored_Sparrow_0098_110735.jpg,4,train,True,2d8a32fb1abc64a1686c2144bcf4cbe2a97c21481b54de0932443af9bd9dee8d,c500f2b654d1d61552e865d047b02e765c73d6632f61c8696a1da89812d00651,51722428164524910,10276261336092812715
6792,117.Clay_colored_Sparrow/Clay_Colored_Sparrow_0056_110848.jpg,4,train,True,527a09a37b2ecaa86669198a2112fbc376ce9a3301735fde29a7082e02bd6786,e9f614a2d544950f41b201bd740d86059233f5a6cc4a3cc57cd460bbc89adb32,1512411547256821631,11899949012996379109
6847,117.Clay_colored_Sparrow/Clay_Colored_Sparrow_0061_110830.jpg,4,train,True,a48b5272d476eaf1355ef446ce84f96bde16c60d0fddb237a5309c10b2cda3db,334033dc4e5ef3b673d9fd2e31960a7fb6894f653636f25b5c486eeef0a992d3,3928155494945623494,8952117904617646116
6822,117.Clay_colored_Sparrow/Clay_Colored_Sparrow_0062_110908.jpg,4,train,True,872ef10030899290e6c44f88ad0e34d509c981622e9f885406d62d7b098a43dd,04e8c480ffcc4afb638b97a2df67e63465dec6a5b74505c47d75919cc6b4b55a,670018432762624417,3833112156941435291
6828,117.Clay_colored_Sparrow/Clay_Colored_Sparrow_0029_110720.jpg,4,train,True,b974de82bbc758122d5ea49b1c9b635cb9ac603884e9a00b341997f98788b083,4e59bb42dfb04d492455f071f2d942b3802f2a963ba87c43229a4e69f0987243,8774709041522796169,16254071707303498707
6818,117.Clay_colored_Sparrow/Clay_Colored_Sparrow_0043_110685.jpg,4,train,True,5e4599a31c4a46711a056ba6b6a8bae3f80c418080481e8ba2f957aff2ec1bd3,7b91e6f7ee943c4ea006012ca3e156f5cbcf0551f69c219e0f1c45d61365eca9,5211975054302684279,16457478717409930086
6803,117.Clay_colored_Sparrow/Clay_Colored_Sparrow_0018_797246.jpg,4,train,True,c560c7ccb5e7b90da934829d6c1ff5598564c43213a8065315d4f7fc3a3a343d,3c9792c5d5242e070cb133fe669dccd34ab397ded1337eac9ec9bff72015bd83,2709505495252537221,13182708218121818874
6810,117.Clay_colored_Sparrow/Clay_Colored_Sparrow_0064_110664.jpg,4,train,True,41a089d1a273682dcf6cdd7572e7cc919018bc020de97ed7fe2c6822394a3a3a,58b7b109c637fb5a263bb56663dd8bc67d661cc85a56f83545acc4b1fcba4c09,9052320543488502881,15624859062656905746
6829,117.Clay_colored_Sparrow/Clay_Colored_Sparrow_0041_110726.jpg,4,train,True,a0524699765a6cfd1332a47c6c6a9232ac6e6fa225793ee4c4063d1896e031d0,9c24f45d0c337329499fcf5d289e68227b19be1b48cd566574c96e9573bce2a4,3335646443311125859,2754840865060399894
6825,117.Clay_colored_Sparrow/Clay_Colored_Sparrow_0099_110561.jpg,4,train,True,aa2011367e0a81253d40655cd18754097999f8c230c61a1c28b79ddc25d077ed,645f66a8bf7b407778eb060966d3a3d9e32e2fdd07d1ccaef70dc3883ba5f78d,7767260966039629875,12192215499464728770
6819,117.Clay_colored_Sparrow/Clay_Colored_Sparrow_0044_110942.jpg,4,train,True,054f364531114af77f23cf509590056e4bed641a144a5f57d434608fad54ffcd,cbda48b5bf0d6616ca57db0106415f6fe1e4b854ca078aadb0be40f911424390,6676060329534579984,2776089513222115987
6835,117.Clay_colored_Sparrow/Clay_Colored_Sparrow_0091_110768.jpg,4,train,True,11d6bff8b047884df294604ea2ea508944bc294938216dbe1d740547de778abc,d0609d354ce39cf3944c39f07c8ef9fb6a48469645af7c658d5d30a223573cff,7057781327143943266,10758199884245554380
6834,117.Clay_colored_Sparrow/Clay_Colored_Sparrow_0033_797255.jpg,4,train,True,1d0b295f991e58653eb804c7547139d5ca4966b10650d74cc067b7d7084ea144,7c306e02a9480360c51cc1340d93921fe1994d2740ec15179f7f52dbcf6d02a0,5392041795499443020,9413615518103992267
6795,117.Clay_colored_Sparrow/Clay_Colored_Sparrow_0078_110912.jpg,4,train,True,19c15013f3d41589fb4aed9382de11197a9bc01c53a75a2bcc64de409de42a20,7f818d95f1d6de9c93e2a02b4f0f03431a315a8c3f6696360f881b3c630437d7,2984447274677212235,4702804429594619530
6809,117.Clay_colored_Sparrow/Clay_Colored_Sparrow_0080_797253.jpg,4,train,True,66e0d067134a8ae4a8e56abe6309c4bd98f20104f123f94ddd958d945a9e939d,b473302b8ea9b318ca6bd63e9831053d587341ede2c1ca6eccb1c2b05e5e788c,6907450018438256716,1745181556657048371
6804,117.Clay_colored_Sparrow/Clay_Colored_Sparrow_0106_797247.jpg,4,train,True,e33ed2a8d392f6471ca1d66ec301b0ee47d105e462c23e862a31e4e63dcb15cc,950abc341e1a88dbda5087bd3dc43f4ea77a5c62887e526cd2bb7c8c27e24530,2689398395053437396,2641535513182234579
6798,117.Clay_colored_Sparrow/Clay_Colored_Sparrow_0095_110635.jpg,4,train,True,e513a342aeffbeba535fecbac20baec62f61233f30b75aa9b83472b9854fbc2a,32392259edbe4ebf4be914e4947ee9abff6e7e0f6ae122eaf07dcb1d50dc92e4,2098292763284844851,7438004994597868239
6848,117.Clay_colored_Sparrow/Clay_Colored_Sparrow_0005_110911.jpg,4,train,True,9de1885e5799bb2215998d78a8f1fdfca30a35c11657b9f7adb4eee65c853c58,242e4f03ea08a2d64af4a028341c1f63cef5f4286eb8a1805e28532409d3a2ea,6297749094102317768,14727237851226361880
6849,117.Clay_colored_Sparrow/Clay_Colored_Sparrow_0105_110547.jpg,4,train,True,2509927d922400a33c17b36b0b2fd647d392367daa3ec58079b4326eb29dd4b2,8c25be1bf5fc668e9ddf977b4fa799662f32bed95f4c1ede1280cad631f208b4,7884837693446168481,15692044785953250250
6836,117.Clay_colored_Sparrow/Clay_Colored_Sparrow_0031_110769.jpg,4,val_seen,False,97723397fdbb36d662880e4c57745a2b7c050ea9b4d371ac0b2f0eaf31a2d10a,4007b3f26c0240045ab467d9d909d5d99652623a611d0461a5b57bd067a2f9ee,5487032760186713113,10566241764160860210
6850,117.Clay_colored_Sparrow/Clay_Colored_Sparrow_0008_110536.jpg,4,val_seen,False,d85a77bfb28075141db968cc1be08cdc9635d2e4fdde32effbee947223f7f6c7,d227ed7d98d7997bb9c34363f82c7028d82a7674eff5533443f180c4824b6801,2216316520300982569,10719362203518710077
6813,117.Clay_colored_Sparrow/Clay_Colored_Sparrow_0090_110669.jpg,4,val_seen,False,ca1e805c40f2852f2dcacb4e2305f409e56a724be5f30840e23fe7b0f0533252,0120796891027527a4af97feb50721065e983f4df8e3a194282f110908afa561,4910105275092221388,10288164261156062545
6796,117.Clay_colored_Sparrow/Clay_Colored_Sparrow_0020_110609.jpg,4,val_seen,False,e88959b0303ecb96fbd50434bfd425c4133830c23972f1f187b85bc3d4568fc1,caeee7496a3c9eab18b66e6d0ab2586849c099844b00ab4096e25e90693cc4aa,3637904138887204118,12226584190931028444
6824,117.Clay_colored_Sparrow/Clay_Colored_Sparrow_0068_110706.jpg,4,val_seen,False,1964f9d5ce1f803d8f1532ae55c454d04775a933f93bf2e7fc57df5c521a1fb6,9154b946d17cf7c157dbcba1b3de3457075db1ed5ddee6114d8c16f4bf29e58c,3501732801057820179,13526136629396753679
6831,117.Clay_colored_Sparrow/Clay_Colored_Sparrow_0083_110734.jpg,4,val_seen,False,dde7b629e12f34a58739631962081cca20160e06ecb98e58a40a7b7f31f95375,db42f31bda89c031d17c3f7ef0ae9f8ce55ba7ae529e1472e3812e5723a1ebee,4031639235996481595,14144848954233689878
6814,117.Clay_colored_Sparrow/Clay_Colored_Sparrow_0010_797262.jpg,4,val_seen,False,7b36153163c0379196083420536c7674dd5da4cc6e3de4223f187f786e786a22,104cce5297940cd38da34089dfed461dd3330ee6d5d642d1aeeacafbe41e7bc3,3552327247809242259,16400868051216944269
6843,117.Clay_colored_Sparrow/Clay_Colored_Sparrow_0022_110518.jpg,4,val_seen,False,2f6f67f9e19784cdcc66a91072989216ecaa36bef0a68af284508cec5354b974,c995757aff9cad61f9f779c63cb738f99ee0e567acbf4bf1dc8749dee4e78cef,1322489751958427294,3763031927327332556
6830,117.Clay_colored_Sparrow/Clay_Colored_Sparrow_0046_110728.jpg,4,val_seen,False,1357844a44d86f8cda44b5d559ecc120482933fa5b101d7807edbd269196b2ea,8ccfdbba8d366a3f65de9297feb579018e3c95c1f07360658d80d5a8dd8ca5fe,5886466711221828065,12919873628485567077
6827,117.Clay_colored_Sparrow/Clay_Colored_Sparrow_0073_110718.jpg,4,val_seen,False,11bb459958caf42a1757b56516c416acaead133485c3fb17075e79f603e0c080,1a219a0f763c777d1f16ffc0afef523627e0db49523b3ab681dcb95d985f882d,3673171778783459934,11114353399918214461
6797,117.Clay_colored_Sparrow/Clay_Colored_Sparrow_0001_110632.jpg,4,test_seen,False,77a2c904dee1671ab192a6cc07c4d267434bca6d6509d6d6aa315f7a31a6700f,084a140e29f14c82124d95bab27ed42be0ce8471fe3942e4d3441b5da2d2d52a,7473662997624821868,5505713278065886161
6799,117.Clay_colored_Sparrow/Clay_Colored_Sparrow_0055_110647.jpg,4,test_seen,False,ed1b21ead47a8a52d8385f97e520e1ab706e41d60fc5093327c3c5e8052a0c14,da1916a3ee1ebc8bcb6020ca3b1b688ff60470c65a44d55a61b56641b5d353a4,5156924209560322883,14756264796104279624
6839,117.Clay_colored_Sparrow/Clay_Colored_Sparrow_0009_797256.jpg,4,test_seen,False,e2bd2d3e201258793f9e9b02b40fc404ce795dba558051f7ad8df1f950f66bbf,ef47a1293c1b5735af75449981082bdbeafeb0b74cee0f72e71ccc20adee058a,4740379611812944755,15459409268771952340
6816,117.Clay_colored_Sparrow/Clay_Colored_Sparrow_0093_110677.jpg,4,test_seen,False,964ec677433770fff51fae0a7d5a661e8239fd8afc7af36b82c7c873b2d2b443,4fe30d2caeb861d936669dc720a2d28b985635cb748f4f8b9afeab6426e52936,6216460251418897653,11692580952077998132
6801,117.Clay_colored_Sparrow/Clay_Colored_Sparrow_0042_797243.jpg,4,test_seen,False,419a155b42a8fb5071adb16ab10c1d1925998c400e94d3d6c678f9e3762c720a,2e961101efd7616d0779798605c4e94ed7209e9b43f55617684f8f3712ccc8ae,1822045235345303194,15902995175310821518
6808,117.Clay_colored_Sparrow/Clay_Colored_Sparrow_0034_797252.jpg,4,test_seen,False,711fbb6889157f5f06027491f02eecbc0080c68d46202c47cf52ca3927209825,5a46bb4403683475400917ff5a9d9099566ba8e437f67c04a86daa41c666ed2e,158874248716380661,17106348950942766438
6802,117.Clay_colored_Sparrow/Clay_Colored_Sparrow_0048_110653.jpg,4,test_seen,False,8cadda282a06debb183acccc7f444170565cea0c7dbce55c4b29481d1b21e29a,74037143306d6b8ef2cc303986aa3a13a8b14dacb3a5cb6aaf70b4019a13e98c,8965186730425974898,514480906603609142
6837,117.Clay_colored_Sparrow/Clay_Colored_Sparrow_0097_110516.jpg,4,test_seen,False,49e1ed24289bddbdc10417b758db602494b4872f68b8b015ca183f86970062cc,1ef7e9e3d2021ba7e69afd3ec838590e7b9722714b9809dd6f408be4a2639e89,1047852833358581651,8300523234770713023
6833,117.Clay_colored_Sparrow/Clay_Colored_Sparrow_0049_110736.jpg,4,test_seen,False,0e68743b21af837a19f086881f360775d75ca00aef26dc9cd3267c2c5af7611f,3b38199a8dc05b9b3200e27b3fa4a2a9b519f0725f1a8f0cd1d1fb5cfc5ea613,5958686083713137998,11301933404268061128
6842,117.Clay_colored_Sparrow/Clay_Colored_Sparrow_0100_110545.jpg,4,test_seen,False,5eb15d1ed53f2264017ae3472a64f8560ae318d4b6dd9091e863bd50a1b1a0a6,60117ecae1743c5df63155ef2f358d822ab8496e5fae1789c0340330498a9a82,1678898270616931514,3905311753524665484
9480,162.Canada_Warbler/Canada_Warbler_0039_162330.jpg,5,train,True,fd773ab373b7cfb7c4ea8de2a7fcf2725146c79a339180e9331c9d5c3ae76f03,664171d0cc28cccd431609dc0c28ce7806fc35ea7e8dca174b0cdc49a33f2975,8211511595320193625,9693609085045133068
9477,162.Canada_Warbler/Canada_Warbler_0021_162325.jpg,5,train,True,64d5382ebdd872abe560dbfa0d009280a0c6c3895b054ca1db7c8453e59b8001,a829d5efb63bcfc3aa247a5190b4f341b8da533e0dae27e0154a5bda0d22518a,4339462668144528526,3547493497464580205
9511,162.Canada_Warbler/Canada_Warbler_0019_162409.jpg,5,train,True,267acc7f7c8ca0a8dee4d8e633a86d0753b540f52c32f70abafca2150eb628fa,1f387732240b7bf0641d976c618caaf38583bc3a5c2a65303896f730f509ba36,82575782009037286,12886714547049786427
9517,162.Canada_Warbler/Canada_Warbler_0099_162425.jpg,5,train,True,6f9ccd335ad6cbb16e291cfc7c21f8099ee906317d4c629c9624cc40d95a4f94,5e2330c3e31f0f6bc19889047c316ea754aa880fcfd05297c401cae63fd77193,5523145684609442692,2838612142396257126
9502,162.Canada_Warbler/Canada_Warbler_0080_162392.jpg,5,train,True,924f1468ec521f711b6a29deb2ef68ff89fddd12a2a0f5ed5406a6df28dfcf56,0e6aec34b9db72bfe9eec4b47bfb896c57f2e4d35c579b300a80b2531b4a7ec0,1340257633183379811,3616836548914064738
9496,162.Canada_Warbler/Canada_Warbler_0091_162378.jpg,5,train,True,4b2831509e6f1c1f424166981f13a964370b3d61fd6c4d7948acdc813281e62b,7a9478dd61d794e1b7b07eb817ff1e690a348378cbe63ef1179ab7c84a25466d,8716774464143413129,2068316807635814381
9512,162.Canada_Warbler/Canada_Warbler_0016_162411.jpg,5,train,True,8576e1b07fe2750c95ffc5443094790eec8b166382747351770361ca25c05023,39c5df8089d009751d9e0d74769a1508b835e32aa1e769a628b8591272373f7a,1543126252283071675,7136265630557018802
9506,162.Canada_Warbler/Canada_Warbler_0112_162398.jpg,5,train,True,ba12d22868b2b47725b58d3f7eec5c2f1f69dc77415e59290f6eff53194db54d,2bc6fc76da0f1a949dc3b14bf1600bd27728ef1374d043abc0a45291861eb5fd,9001221396350522916,5265609788178314444
9522,162.Canada_Warbler/Canada_Warbler_0047_162439.jpg,5,train,True,f481a260226fdf7caefaa84c1ab3d6f47f554736e7e3538e8b03079221f8f82c,4c7b4e7a24fe9be8c8e29053b655bd737ab6ebf579898a34262bf1107fbb09d1,6460188187604567565,4705837818937610489
9530,162.Canada_Warbler/Canada_Warbler_0032_162229.jpg,5,train,True,af2d393f4868e868b06b69831e5e26a4db49fc8defd1008e3aa9d7f6c26a2467,6461d16b03ce9414fc3e3ff86d555095c177cc01aebe1413729f6e953f8cb6c5,3957853934593356868,3769403610390925356
9501,162.Canada_Warbler/Canada_Warbler_0005_162389.jpg,5,train,True,b36769aa76fab91ab7e3f39a0375ea5669476209b726ade9c0328f726200ca2f,ee1e0f77e09f408d8e0b47ded1a1c00d89f55b42aac96df527c76bc38f793007,1844830349787677361,18228592655238668239
9481,162.Canada_Warbler/Canada_Warbler_0004_162224.jpg,5,train,True,41916d0efde7e24ca3bd0923280e9eec6582cd5a4b39fea86dcd66ef2614d065,389a92b5dc05c896ac628c5b3082650c391802954864f33b729055505b7baafd,669430653077328347,8751604264895183833
9499,162.Canada_Warbler/Canada_Warbler_0085_162385.jpg,5,train,True,9985599184ceeb0776f27fe537a092d5a31e1ace9999e4e3473ceb5b12601c32,e47c56c2b9da44f3967501a9207b5b04c5c99d4df4a48d4710eba8ff58355442,1823511647404788622,10333354144180974488
9515,162.Canada_Warbler/Canada_Warbler_0064_162417.jpg,5,train,True,b7215ad05bc545a80e529e40224550fe65958b327500f8210aaa244a6bce9701,dd1111e54b5c044fb0b7997682712b1be3af3ad58c9275c1927d0dc8e04a91fb,7429123299561985248,7767468471533096773
9503,162.Canada_Warbler/Canada_Warbler_0076_162393.jpg,5,train,True,03d3e7af93eeed662074bd421fa39269efe54cc7c2dc57bb3b22c411bca6e052,4b032624e3b9c4b6f7a81aaba7163fcdb105ab79d22df75b339db96ea8031348,3500563419405867780,14165148727488645914
9483,162.Canada_Warbler/Canada_Warbler_0088_162341.jpg,5,train,True,646005c8916d2a1b3c9db0b0b72ff4c0b440bf7ba856e315290f74601d47a3dd,01844727113e6b47ff76c3b6ccec19c2b20646a65deb76fe8358874c87001dc1,4741505277849116776,4783645692952725148
9516,162.Canada_Warbler/Canada_Warbler_0041_162418.jpg,5,train,True,f2a311dd3fb5804d7a4dedea85de32a6d163ea768ee08369ff2d57aea7373ca2,04a2855401e377a5855dcea203f5f9547a1c6bcd07a7a5dedd0d409ed4a9164f,50123970838724581,13608994851314137308
9491,162.Canada_Warbler/Canada_Warbler_0007_162364.jpg,5,train,True,fd2b5af4f9563cfa96a15a5d21087e82b7bbe58f96ae58c14ea0cbb6cff1b728,f32300fb299650602967ee318a018349660255b4f65e408c9a611b4cfd82a287,2919953076330073901,11089663416308179207
9525,162.Canada_Warbler/Canada_Warbler_0042_162448.jpg,5,train,True,3ae9da83483f296f883bb65bc88689beead02887d14355ac01a2f88ecaa06dd6,021dbd4184a8f34011c954eb843d006c5c294a1beae86cefb35dfbad3e482509,8762081241992436759,10454739952270198691
9488,162.Canada_Warbler/Canada_Warbler_0040_162352.jpg,5,train,True,355825f1c5316ed3de61a493af3b98229580b2c0570cb1c565ed3a005ee1c70c,87e839974bf7de4167be5cb16639576ff000ef4248882f9336720b20a340a350,1388461716665138227,7694565745305966887
9479,162.Canada_Warbler/Canada_Warbler_0006_103959.jpg,5,val_seen,False,340cd1c5528221f5e98b043aeaaa2c59f19dfebcefd98df42d36857418c436ca,5c0bb39140a431c3c3e2285f072cbfe35d36b95812faad72d228ccd97a8f36ee,6429815566240065491,4141439397456883920
9524,162.Canada_Warbler/Canada_Warbler_0051_162447.jpg,5,val_seen,False,3785d2ca94004f3eed3445c245786249718d3a25a9ea334549817cefcc7f7d21,c38d1c8d233525b15a321040db89578202cc66ffaaa4528844341b96b4f28fbb,2364622852635716994,10204548895418571611
9514,162.Canada_Warbler/Canada_Warbler_0008_162416.jpg,5,val_seen,False,3f63561b9c985d2de3701d21434fcd69dd9838d1fac9d252fd4255bc68e3db72,deda8ce4dc5a41bab7e82522ed4aa80d74dc1dd5236924eac12739d1e019267d,468165026433612905,8382118837888598150
9487,162.Canada_Warbler/Canada_Warbler_0022_157106.jpg,5,val_seen,False,d5117caeb7bb5862137d8e2abcef6a1654bfec703527aeabc5b2e6152712745f,9ebcecf71d1fb5dc832730a95f31b2c23c4abc2bdb540ea799215c07e6965ff0,1375397020690671512,3908171174102402694
9520,162.Canada_Warbler/Canada_Warbler_0090_162432.jpg,5,val_seen,False,dbc242a297632d87ef679d50a5406621522d2dfd27adf131ced1829cc38bdc28,49303cd2078ce3d6483dbc8573f3a0b4aa69a32d5bf2e9cf9944ed99a876a3e9,8527938582254912452,10131314820208534693
9476,162.Canada_Warbler/Canada_Warbler_0063_162324.jpg,5,val_seen,False,f04116c2e2f93ddd02c7b2e7be1ae6045e90f9fea6364b5c5e6535c49f5300ad,7b65640132f8b62933d0bcfe3180ec34b2fd0177429a89a6685033cf0483eec7,3654401395884765511,989763413688731953
9510,162.Canada_Warbler/Canada_Warbler_0056_162407.jpg,5,val_seen,False,36b066ad54aa1fdf366861f7d48624c7e1930ad2309455f461a82c24714cdbd8,41b6811f1f9b662040ce1e4e000754b6e8ed57a9da165461b827b3c25f23f5f1,5527014633486634508,5270339190287295728
9509,162.Canada_Warbler/Canada_Warbler_0037_162405.jpg,5,val_seen,False,54fe9085f04cbc3159b7e38765bb98362cc0def7f895b30f67782f0295be6138,4dec8795bda53f84018c71f47fe665d8ee15024cdfea5d6f75b50b1cb8ed7a5c,5051336258202552375,10995971592086965575
9490,162.Canada_Warbler/Canada_Warbler_0093_162356.jpg,5,val_seen,False,ce2eb8b0305df7a2f3f42d92a0a12919d0a394c3eff62fa7c8861ede3bc41c66,c2ff14ff401aa56abd3ad44f5a16782f76f72faab557b8eb4f21af4ed3d56e3c,2720398279269774632,15984848129627659131
9472,162.Canada_Warbler/Canada_Warbler_0119_162307.jpg,5,val_seen,False,8296bcfede6129030030f4bd7aa144c7beaef33a18b57f056b2fcce4f317e536,55bbea1d57ad7d2284cc42d789ecc019bd2d28bf4835fe91079de4b21c21e814,5940845144486363460,6672528757897800696
9523,162.Canada_Warbler/Canada_Warbler_0107_162440.jpg,5,test_seen,False,6de414b2a5ab102230ac07685b56e85644a068ed07646c3b343f40af42d48c4a,6f7c95a324197411e6e0f3a0d9c1c588efa2f2030611610c04edb3f730a82ac3,247925156223523960,17205673402744499401
9471,162.Canada_Warbler/Canada_Warbler_0094_26880.jpg,5,test_seen,False,2bd6d2a74c168d3d09936f647a4e77c14e3dde16b6f88a2f0f8487e0dacf6f7b,2ece07116e2bc68972b3be196cc8286fec3f67a4e889dde9f0a154fc5def307a,5576567725246006449,14215271905390538224
9507,162.Canada_Warbler/Canada_Warbler_0095_162401.jpg,5,test_seen,False,2e0e1890d8e616ea24b259055bb873cd2e4cf1ae51e3f584b468eb0e30626c53,3e478c5e3e59e97468051fcd836c443e93616aa90e8c08b9f3f32224b08d6086,3287124585611477724,16679072404878059190
9518,162.Canada_Warbler/Canada_Warbler_0002_162426.jpg,5,test_seen,False,76b940459b44c94e78ff4066f10d00d840aa2745f25ec761ee160f17f7f0d96b,2d8f182a8327fc5f310d0b45d1126c8410b22240ddb75177685a6a1a5dcf5cb5,4583471109321839753,13644075591829186242
9492,162.Canada_Warbler/Canada_Warbler_0074_162366.jpg,5,test_seen,False,cb39a1007ef49a168344f30b863aa3c7a3a71e24293762637e994e8a3311fa94,b77b4b63ad1918dae2878a3a3f725a43e790efb4ce020c9c3bdc2c196e464d37,1576024038522175550,8230394719832431767
9493,162.Canada_Warbler/Canada_Warbler_0105_162372.jpg,5,test_seen,False,dd2dd9a8fa7b00cf73eefe352c04b0a29bcf4afa04e374687d87aa84c688f892,d62928d5b685ccbdc8abbcf2ddcb75cbcabfb8ccaed13118a8901233ba721afe,8719521961232939251,14867388364951394858
9475,162.Canada_Warbler/Canada_Warbler_0067_162314.jpg,5,test_seen,False,7190088c258709019fb844a4f7ed33bf6fa7dcb1c52336d9ec4c1140bdee5d26,1580ab1c9d0739ce2cc38617dc10b5a30818b16877994590727f4c2a78f8bce9,2057638368099350937,8174424067725676760
9495,162.Canada_Warbler/Canada_Warbler_0035_162377.jpg,5,test_seen,False,ab09f116e9d456a945d555d6a6e7e295e1216d9110981179645e369d0e5f4638,43e432ff3ce1dd1d45e6d6a925d6e2ec964311e7098402d83a09f6dd331eac23,8110791579998023805,1487785627206126996
9529,162.Canada_Warbler/Canada_Warbler_0109_93363.jpg,5,test_seen,False,4198c76f4baaace9dfe39440a413d9dbdd3c494d60ed6777c84b41d8f0761da8,74c9114b602ce2a7c27eb1aefaa7dfa41f12e53ce598f48b0f17c46323d21567,965794910089653682,5388106577174658174
9528,162.Canada_Warbler/Canada_Warbler_0027_162223.jpg,5,test_seen,False,7a7047ead00bfa3374005379356b7244b822c749cc66cfcbda7d4719cb1dcdad,217f8ce95accd102778559f14a6f61b3f19eeac1e08e52e4defe02e3afe88460,320387277238274721,3180845507633641022
1515,027.Shiny_Cowbird/Shiny_Cowbird_0077_24273.jpg,6,train,True,1ba356df5509bbaeca3d82ac7ef9e147e877d8d3acfb90671bf1af1e5be9bf9c,b3a441bc5953494c689a843cc7abea2f8cf79e93963aa5bfcc21c959f95e0953,3356115352827972581,15617486687265060833
1500,027.Shiny_Cowbird/Shiny_Cowbird_0064_796848.jpg,6,train,True,7e6810adcd13c466287598e8d65b820cbcc415b4079666c0e4a13d1f3bffb8b0,b8493375f2ebe695375816cf14dc8a7686b75265f8ef9b842b56852194cda5bf,3912952367345896147,5769168727510421101
1501,027.Shiny_Cowbird/Shiny_Cowbird_0034_796849.jpg,6,train,True,84164da75782e3da1610a9d2975599dc1da8dfefd123a4e01cc8b0c832664e10,58048e80c3d576d46ac0ab08a3ab329ed9689b2e4667e6715885ad5492170c6b,2563564327436261705,18426295692802117589
1472,027.Shiny_Cowbird/Shiny_Cowbird_0076_24363.jpg,6,train,True,9c240f64224120aed5767d06a3574ca77098d8a77b8aee96d57d4291ef6f299f,9cdd10805500fb364cb38e48736c54b362ffb984b2f26f10a9ca1b7d205ddd29,4531973836794899665,3326521917182995754
1468,027.Shiny_Cowbird/Shiny_Cowbird_0026_796847.jpg,6,train,True,36bcf2b5d3eb9a608bf80e51341d18a97c4e13f1d0bae131476a6886f9ef322b,31e78f5ee79c6546cb374c545f85263cccc33b14c56a10f831bfc145114f0b4f,7769716666285130893,10355608467924210473
1475,027.Shiny_Cowbird/Shiny_Cowbird_0002_24380.jpg,6,train,True,5e0d1c8574f55ade4677f8824ed9dd8f514f92db1fd6c2a74fe8f9461941f11a,da292a8bcbaaa1fff3d8b83a374881de27d285e705b5b8aad453afc861d48fee,3726953432906163474,10706633621894466377
1474,027.Shiny_Cowbird/Shiny_Cowbird_0040_24379.jpg,6,train,True,1e52995927d3cb0afbcd102b6298ac36c251c009ec488153d42caa038adda9be,e3ab2bb3c058c5300c8da53260d3a4ce04b6b3b7d9daf9fb4cf6cd82228c2e6d,7027814002821547569,14611520580946075013
1476,027.Shiny_Cowbird/Shiny_Cowbird_0086_24386.jpg,6,train,True,9daf86e597db8de077475f7dfc0351d702193e9cb9d6db773208e2eb54ba94e5,c6e460cbedf02f1316faaaf898c1e1569648209df53245d82c7d979ae7d6dc12,3516141627304938740,2965991761110277780
1491,027.Shiny_Cowbird/Shiny_Cowbird_0070_796832.jpg,6,train,True,d4c879904c8daa0b589dddbe7ac5a7487c17f73d55e297ce6135176002ae2608,7bea6c123dc7c3707102bd6c992e8e3bac55df09bc0eaaa87962ae7deace8983,3391098586249719814,9039681466535849060
1509,027.Shiny_Cowbird/Shiny_Cowbird_0006_796864.jpg,6,train,True,50d09fe0581cb8a67e451e18309f9da08a5a1873d94d0b7f755b7da67a34c7a9,b3a20aeb275f0219e0b0f12e46442c1329f802ddc16c1c72e3566a867d900b1a,4367593765168214296,5417052166408849177
1499,027.Shiny_Cowbird/Shiny_Cowbird_0044_24239.jpg,6,train,True,5add2bedbd230e57dd53e4262c94c9ec3a8d72736112894d6ec8546a98ef0b14,ba8fdefdcce87cd7c4cbab711664536936816be3d426c918254f584f78e4661d,7316539832241894009,14626446693542686340
1484,027.Shiny_Cowbird/Shiny_Cowbird_0010_24439.jpg,6,train,True,436c23f6bdda0afb8bdb5e4fa5e546d923e36d43ffcc27959973d30affb06a8c,02a3c8def0b9e356d993674a2a71c64da0f4d0b4d108697ad7397bfc3590127e,7174951973655530604,2939101561423014550
1465,027.Shiny_Cowbird/Shiny_Cowbird_0055_24331.jpg,6,train,True,972998f3da59969aacac0ff21320e3e2dbc1053daf6f51401c899b4a60941f82,5f982f990ad9d4ccf95cba295d3da7e980f053b6b70f27d12d082b7b04ff0431,7828824508610026349,11912762256351382884
1466,027.Shiny_Cowbird/Shiny_Cowbird_0075_24335.jpg,6,train,True,e31ee040f59e2ee0a90aacdbeb8312068dfd6e7d904d030a6a5dab6d271487dc,2b3f3d90a9f2bc90144488a0fe600ffff373c702f2b55ed7dd3091dcecd99a8f,2997600091741825136,6022328426388996903
1505,027.Shiny_Cowbird/Shiny_Cowbird_0045_796856.jpg,6,train,True,6a9afd5ef97b38d107a8fa30962bb5029bdf54fcdbb84746c519122da2a7f275,1742f0938f1b1573c92ec990738755633d6c1d3fed6734062517c127f93b1b50,3597334642823477390,11161631396774530250
1516,027.Shiny_Cowbird/Shiny_Cowbird_0036_24274.jpg,6,train,True,6007937dedbef265098aaf8276c55e9ea90ad89e435c41bd4f5b7b79b9f9f43b,11420e7721729b3d537b68ce83fad9ad8a838e70ba78e0dc58e105191ec0898b,7261372500979739680,14755065643904724495
1511,027.Shiny_Cowbird/Shiny_Cowbird_0021_796870.jpg,6,train,True,b8cfa01dbd7cf07142301e3bbb8e88d583bec85e42c4d79e1a532fb8c23e56b1,9fd736ae2453b80ddc15b1b463da8acdab7ba6f9dc69928bc2686d4c7957501b,3596623584667233047,10562801083726142628
1464,027.Shiny_Cowbird/Shiny_Cowbird_0019_24323.jpg,6,train,True,b2a64b79757cf3b382ba57df26f6161ee4e03a2fbb47da06e5d578ca911b6e07,19cfbf8f7ec149238c7ef3a64629a50ce1c4a311997137d06f3a04c6f36d4f5b,3646158560742021182,16471977743351598284
1469,027.Shiny_Cowbird/Shiny_Cowbird_0069_24351.jpg,6,train,True,35287ffaf31f3761cd52396c6e486665ca763af1a88698b73e62c2d1cc0eafb3,e4f36d28b0ff5bc92c85ea338d694df50839e228729446594b9e1e05061a4f28,4626073263214770532,4173856682584236774
1519,027.Shiny_Cowbird/Shiny_Cowbird_0024_24281.jpg,6,train,True,04a38ee52e5ea525f03dda2c766a19639a5eb13355e08b7676f0aba531d5f475,c894a868c686d8bc076511bf1c618e4405340c63942f2940cbabf3fce1e348b3,7385561599259001958,289647698410658626
1520,027.Shiny_Cowbird/Shiny_Cowbird_0005_796873.jpg,6,val_seen,False,3e255eeadb31bbb8ce4f4e7c206577b97d1e6cb2474e0dc2e4a2f511e5f6d6e2,fc1c2f0ec68dc3010a901361bd274c53d864fe39e2b59cb82f94aaebb53eb086,4229940836585556192,8326343284530359348
1480,027.Shiny_Cowbird/Shiny_Cowbird_0068_24413.jpg,6,val_seen,False,77219e97351956016b0a5087242f0e87e2fb65d876901529a18c7c5fc14caef3,7325a4127be1c06d784f3dd5a8244dd43fa49508f7ff32a523f98f2009d6b6be,3005187764950306319,4228499166277097945
1478,027.Shiny_Cowbird/Shiny_Cowbird_0079_24399.jpg,6,val_seen,False,e7ddd3867a705bc35fb19ebb3972566e618c749c44ab32ca2b72e5a8ec752069,ca854a8e675e4f5b3fb785c2be047396c00cbba9a6db082b4bda9fbb2a22989a,8150259052816549682,11176561041205529486
1490,027.Shiny_Cowbird/Shiny_Cowbird_0018_796830.jpg,6,val_seen,False,fe1823894475635c6310ce9053a433cb8d2e68ac57f3a474d50044e5624cdbe7,f3e7e3dff0fa409e3d27f1b3c0934e4be97aae46803a5acbb1e87c578f46caa2,5135150571451805872,7840987267508269000
1463,027.Shiny_Cowbird/Shiny_Cowbird_0056_24321.jpg,6,val_seen,False,c6e2e93959a6a102553142bbf4c00bdd2f8ae2c182cd47b3275fd91c0f002b75,eca2a84c8b06f76d0bf4cf7c2eaba9dc71ce7c6cf76a824eaf98d2a058d55ff8,3586210217044423580,13179439847193678755
1498,027.Shiny_Cowbird/Shiny_Cowbird_0078_796846.jpg,6,val_seen,False,4f43344b7213d2051621e6bb73edf49ca0497141b1d3132f0fc9bfaac2bfd8d0,3494070d105a433e361b5493d769b982f2a2e19b674e03037bd12d24ca679883,7216697455822716528,12188331888308110004
1496,027.Shiny_Cowbird/Shiny_Cowbird_0085_796839.jpg,6,val_seen,False,931c4e18a5d22cf48568e2c4f262a57bdc8758b4790f948f309d613f45b9f471,7c93f59ec1d692223ed8503f6ba3c6ca463ca734a4c411c189569571d70fb0e2,7040989243812659658,11388792669113615153
1481,027.Shiny_Cowbird/Shiny_Cowbird_0059_24421.jpg,6,val_seen,False,959b5832fa1f4bc50006df0764bed1b22f4567ada8a9c0bcc1459741b4a92ee3,a7cb0863ad83cf02b91a075ad43c1cd7b6fb0a8dae926dc9ed94597d10f0825c,8351024585361252034,13840701363593201816
1521,027.Shiny_Cowbird/Shiny_Cowbird_0032_24284.jpg,6,val_seen,False,26b2ae5cdfb9169359d506e244d6d7c2b6c763cde2d6b7674bc2c8f2c7797667,770414e8f19b7f24ec56eebdd908a947656ea7a21ddd6eed7b1546ca217bb151,7306467630292297292,10147249928252504376
1471,027.Shiny_Cowbird/Shiny_Cowbird_0039_24359.jpg,6,val_seen,False,7e53455635e79fc9b677ad6ef16898c2b18ae3e36d1dcdbb85551e471dedade7,674e5115cf875a5ecfdfbaebed4ca2fc52ee4a4b8dfca010fd70ad33cc17fe8c,7608148127554896793,8141061884154682686
1507,027.Shiny_Cowbird/Shiny_Cowbird_0015_796858.jpg,6,test_seen,False,7b592ba805fc7f5214f622d801e5bd22cb9d8492cc4bab9cef9ae2ee7c80d2c2,8e986900a361b458acdf07c6cfa84f1546eff4d5431dc8406732cb7efb73dce1,7183973457706849065,2599237026008208018
1506,027.Shiny_Cowbird/Shiny_Cowbird_0043_796857.jpg,6,test_seen,False,0deff26a83f1297a8d1fcaf5bff3b8d97264ade4dddb05012d841e27bbf365b3,3b2c81794511253e5ab5d3b85743f912e8451e4645d3bf0be4a395bdb84b89c3,3534989133994363757,14298149385821313180
1495,027.Shiny_Cowbird/Shiny_Cowbird_0035_796837.jpg,6,test_seen,False,d046f1a8c59ea241058a67f8ea4408b39b6919426c3d2d90c4390f8002ffd5aa,a3c189f27eb2273f716efe407a2503f821cb538dd01d061e7875080aa61a65b0,8077433976849051536,13085376513221051396
1494,027.Shiny_Cowbird/Shiny_Cowbird_0009_796835.jpg,6,test_seen,False,b493536e02a918ddc7158450e46ccc301ce29d83951298e76e704db06e499bad,bfd38a5c115f32f09466371a68694577d69a7a862ad2c40c4cf1f922eb04a3f2,7626516271079265357,11533806656349946659
1467,027.Shiny_Cowbird/Shiny_Cowbird_0057_24345.jpg,6,test_seen,False,1a7570d4b619cef490f0d52a74a08ddbfc959e0d21eef1e6e4e78d443f401bae,9a0216c280a5a95c907b475da5257ca4673a7131069b814cdd076660d2659853,8099265130476384593,6343752772043789736
1492,027.Shiny_Cowbird/Shiny_Cowbird_0081_796833.jpg,6,test_seen,False,a1d161aac6709533cffe8a98d5945931a3d2ce5388f13f7bd9cdd865c9f6581b,b6e974917a62218b0c403c01eb1debaadff61c612dad45ff31f2ec62495983f4,3487136972278218724,4043826252138188857
1502,027.Shiny_Cowbird/Shiny_Cowbird_0027_796850.jpg,6,test_seen,False,f9b0f06bce7a17fbec4c96804344b82ce7acce47df6e465f13b375050b910317,ac498f4e73d8f1043fe760ea6dc9de7b1c6b15fb02a92e80c254e601d0f00785,8608587827807193356,16150573796020897907
1513,027.Shiny_Cowbird/Shiny_Cowbird_0080_796875.jpg,6,test_seen,False,119b51689d3f241f5efdae918042772e46dbdb1652232801785f2f2647356240,ec85f16903dc4ba69ff858c3f76d8d3ef037dbdf3ac484f322c42616460289e6,3876630139982665993,3217314089508880073
1503,027.Shiny_Cowbird/Shiny_Cowbird_0031_796851.jpg,6,test_seen,False,f7efd28730b591e4ae43774f902068d4cea0dca09832c1e1a5ab90764de175fa,870b6b68fc44bc9a84a9dc3f589cc5d96179ec2ef6802b1548231691017d3879,3466873838897845101,7865566017509462832
1497,027.Shiny_Cowbird/Shiny_Cowbird_0004_796841.jpg,6,test_seen,False,51e672b2aad655a7c71e13ed38d73dbd34f05a76d94909fd029ba330372f33d1,8c574f0a04e183238c597c601ca95e272d4ca98e6a97222397488766a291172b,7261455098812797744,11529223320835467129
5782,099.Ovenbird/Ovenbird_0011_92451.jpg,7,train,True,c980a37b02583dc02b99d064d21f6a9b1ecce37e251993c12798fb601cf0567d,9b9f727561ee900dc81ff48a36049b6b149a0f0246663e25abc5b2aee7962867,1711469356811202440,3508539185200511030
5758,099.Ovenbird/Ovenbird_0046_92821.jpg,7,train,True,d59d8e5d34676cd2c20f1f70b40790f045b45499e26500ab2238c63a1145f837,7d3b48049a7bd445eed68e61d2c3aead1b6f78e370bfaf94d5f7cdf64f1e3a0d,8920463206542154826,660642774445854104
5756,099.Ovenbird/Ovenbird_0035_92785.jpg,7,train,True,21f85b33a8801cb8f15453699334050db72ddc8c61e91a2b53d8b9f52270b664,aea2373406f848a88f44dea47cfe8cd11823683ffb704750a2e6647f24499f48,1643516051197718747,7911725452128341467
5780,099.Ovenbird/Ovenbird_0112_93018.jpg,7,train,True,de57d8d97830d7c2bbb687e9dc6a502195ad8e0837db3662e9e281cbb0def644,5f833e0af853dff0a8c985eb6f65198865366000f4d1ec34bc917e9db7b5d0d2,6961604375146241590,17345664020639745932
5794,099.Ovenbird/Ovenbird_0124_93103.jpg,7,train,True,0c4118ec2cb752133793d84741c11b7d39c86fe58d3f7ba48ac4791b7947381d,385c614bf78bd31ac23aa6b5f9a273b59c91d44bc23c7c5db50c43380632a5bf,5895716630153843299,17354775121600926560
5790,099.Ovenbird/Ovenbird_0027_93086.jpg,7,train,True,bd7fe78cab19cbcb967198b442532168bf07411711d9d1b50b825da2b3b46661,9396b345e859f60147f8036502b5349c7d688bda62eac193635039de289713d6,3103066104726658292,16706018821321999145
5793,099.Ovenbird/Ovenbird_0077_92590.jpg,7,train,True,d2eb4f2b42517289c098b675bf3162c1bb3461a5f822df3c1d3762a543ba257e,eec70c562cafc1a7100d9e4a447a8e2d7d164dc2ccd576b279b49d50fa02a8cb,1439584446149321990,2700290986094027500
5745,099.Ovenbird/Ovenbird_0050_92672.jpg,7,train,True,9854c9ded9ba4c884fd027cebac8e87faa009098f603fcb9cf45aacbec363f70,476ea3a6066ea1dc10b6cff16ec45d05bd669a71dcc72b293094a7a9658fc35b,6413375165614732193,14811663183916894985
5747,099.Ovenbird/Ovenbird_0032_93199.jpg,7,train,True,e5e186968ed64ad60400b8ac1f3c60ef8b1f23314665386b43b8f8cf35e0a543,d82f3f73216e4717ce5ef4e25dbfcac1398a8ab6756afb34b1c66a8cc491b48f,7911079012925452618,16421201502125565731
5803,099.Ovenbird/Ovenbird_0135_93168.jpg,7,train,True,865ec23438aa864ce4cd9170b105f7a8f89d91b16dfe559bf98ba3001dd611cc,087dd3b3019695a3823d7be7c9e4ffe278651e54c6d9e4599341a37a1030efc6,1381855577806255725,7825091708299557148
5771,099.Ovenbird/Ovenbird_0045_92973.jpg,7,train,True,b8c07e8758bc7bcc9ed9b26e47d0398790bd7fb487837be5b1ac87b476b4ca26,50e4ab67c110838aa83ab767f3637876d6009e7c13d61dfba8cfa9dabae8a008,6178519671543751302,7382618143821584020
5754,099.Ovenbird/Ovenbird_0104_92763.jpg,7,train,True,93b13a7812b53b56a59154d8c879bd5fdb5f9ba0d44a110a7ae6ba7e42d74e9f,b3f6cd7e04b2edf0db2d029061e3e30e5e65d132e5dd5a558da5aa5e872fd6a8,7375709054089890356,8199100050113537679
5764,099.Ovenbird/Ovenbird_0090_93375.jpg,7,train,True,a84dbed684dd86bac0d5308d54bf761f8ab237e1ed2d50b75a9e334f3b018278,d5fa5268dbc817d1ea1e04234696a2d643053fd18ff36431d3618993418989eb,6982249332904137028,9791914684433849773
5773,099.Ovenbird/Ovenbird_0130_92452.jpg,7,train,True,d78822f361756214173635f6c7dde66303098272a4c6874474c59787d494baed,45528dbcf52ba9c1fe796df27a1a9fd827cede05a9935c2dce1856745c0063bb,3460048484318007098,14031136848459930928
5781,099.Ovenbird/Ovenbird_0098_93032.jpg,7,train,True,404255d014b2f120463b04bd6dbbad360c7a901fc28e61f54da58e0c67230808,b8005a3e8367abcd3a2a38810383dd3cf785d9dfc568947ba05032bd46760444,6660325972566368973,76755465248585304
5800,099.Ovenbird/Ovenbird_0096_93131.jpg,7,train,True,ec03515c07a8cb34d0e3bf84389c25d6672aa721ebe622898b7686382a48b2cb,b79b6b36338580456a60d6f58cdaa17c1b755d7520f4cadeba996c19f742fc60,5173384943274468756,14214418262821836844
5761,099.Ovenbird/Ovenbird_0128_93366.jpg,7,train,True,b570e12cd3ee83fa4d22275c3aa6217f2674b0b94d019758e1690bc71aed0935,f3b0be3bfab9449a85dd1fbb8c943fee756d4fcd315ebaa5c2c8ebc552b91f10,8740625846421857762,447741146195728789
5765,099.Ovenbird/Ovenbird_0004_92868.jpg,7,train,True,83d78e21eeb39ada2d16ee4bb7674ebed029e650032953ee38336cd2338db038,e8467b4ce1bf57dfbbac775143816c966bd60dd979835e57e2952e559a333812,1080427897379926736,12494944659080862565
5776,099.Ovenbird/Ovenbird_0059_92470.jpg,7,train,True,8286c3e6f3498c8b0044230537694fee42eb6019df30ae21ed8218ba274d1c13,3034e44b7d931cc030cbc4fece0afe099449a0cbe243cc78ebeb622ae4d8e4b5,499980260640140918,12731803919249158891
5783,099.Ovenbird/Ovenbird_0064_93208.jpg,7,train,True,3d792e414bdd0cd4d4dcaca461257fa9117cf26263b80ea587b7a52429a8fa0b,179cfec70cba941dfb51d30a2ff348bdd7e28d0a12582e51d72fd3fde9cda0f6,4126299913563954289,15085737802575232635
5788,099.Ovenbird/Ovenbird_0083_92561.jpg,7,val_seen,False,20bc5da1c308d1270bba14d3003dc8d4793f7c4200fe978cb6da61793b1e969a,638da9370e7faab34d41fe1cb26d088a615b1afda7f92b4438bdb23dac00c07c,4629596361544145009,4846824706989392026
5755,099.Ovenbird/Ovenbird_0012_92778.jpg,7,val_seen,False,fb50755e4b5e82667fb5400a6ffcda0f5afdf881c4f35737f2c4209422647c44,791ca0bcbba629c3d4aacf1df6766fde3628283fda03b8734d8bf189667b38ce,1951022461437718848,6082484425696535319
5795,099.Ovenbird/Ovenbird_0101_93104.jpg,7,val_seen,False,094e027a90f2e985f068281723337ffb241e47047bbb3fc2b0455618704c7344,91e345fafe1d23ad98a30a859734f731321f737c22c86140d9fb7f0479cc0e68,3940526937996806754,8438778021455634348
5801,099.Ovenbird/Ovenbird_0070_93140.jpg,7,val_seen,False,174fd7932b01f529bd19c35fd377367f1c6e22fa94eb9ffe3947585fc8d3ff75,0a3fe9973c63796e73c6e63e67964f5efdc0cd717ceb6cbc866e5b376ad701ad,5543475080486896523,7400998743801209491
5767,099.Ovenbird/Ovenbird_0009_93395.jpg,7,val_seen,False,53730d706c1f37006cabe529b200462c0c39c8e3c47c637f93198d7c5ff0ab5e,6debcfc9e8db19bb92064556a6f8ff79ba62be30dabe1a7cf4b3c43b0ed8a746,2197278782513132740,3707707800744119408
5775,099.Ovenbird/Ovenbird_0053_92462.jpg,7,val_seen,False,7c8ebf0ebe74f9520f3ee9bad7186c0ed5270ff54187a590854a27186f3adb34,f294a61c63c1131691a8e5dcdfbf40270e8073f02a0e83ffabba4f26aba6be88,7125601393273740878,2146921530283894167
5786,099.Ovenbird/Ovenbird_0020_93049.jpg,7,val_seen,False,1787e5133098374b6a3a49b8555bd906e0d05d87a526b4ab4f7ad96bf6d56460,5b6de81f3726b567119e1074677fccdf672b0b1ab9d7d685b53259ffc74590f0,7601244255420093237,1374187377430202851
5752,099.Ovenbird/Ovenbird_0033_93232.jpg,7,val_seen,False,0d1be9caddeb8cf81484062e1e527e10b1319b477a6d0624c03ef25ced090cc6,873479f8b7d122270964a621c872552ca29650598b87a26fb76fc228eada64a3,1106591218062337243,7089338042206643175
5749,099.Ovenbird/Ovenbird_0019_92699.jpg,7,val_seen,False,2c33126af9c146689d549e65cb1771944c463c80fe5bd71b3f0b97a1f032218b,2e81b209dab2033ebb8659fe10a8e977378e52e6fd4609146bbbcd1a91ffbc2e,2605550421164152771,14314223674920954830
5789,099.Ovenbird/Ovenbird_0058_93078.jpg,7,val_seen,False,1d8432edf3db47431c9f980f7e16d33ecbeda9bd2cec55880a127ef35be24066,dbabb3bd038c6083306bdc91959eec375aeb06365762cff86f5a86b97c78e8b2,7792006252834244147,16692366700894904866
5797,099.Ovenbird/Ovenbird_0126_92602.jpg,7,test_seen,False,a49813ede6ba7af842bdde93a4253f494f0d0af2212923a6afbd636621999ee0,417123abfd52d2dbe0b8e09b0d275e4cbaa74495208ceac0813de9f8a4879e9c,3016908918261749843,3613641078712032981
5774,099.Ovenbird/Ovenbird_0099_93148.jpg,7,test_seen,False,e10f7e0541c915c98aaf6b4b9d4b00e6066cee439e03b33ce22922534e4148e3,9c66477f921647be2f8682904e387d1017ba994ab3ecb078fa67ec86a695029f,3657921756450504788,3162029798432468533
5777,099.Ovenbird/Ovenbird_0122_92993.jpg,7,test_seen,False,39ed27dfb31cdbf0f66ee42c14a90a1955d36ea923a6d87867d61ca9d2685ba2,98453c3da451e6f211d57149274fe8c2877e06fdca645b36168b20b0f36f394c,7052241903275000678,4554126459350689299
5769,099.Ovenbird/Ovenbird_0092_93416.jpg,7,test_seen,False,91a030e74fbfea5deafed495f6f6c62c1b332b8bab36825c59e25f20916d6846,031ac98dad22de74d9808dd4bc15ca932cfc97ea3d21e44c689c4b7f3f705bbf,6088288772943361171,9448328614664528044
5757,099.Ovenbird/Ovenbird_0095_92796.jpg,7,test_seen,False,42aede9d4ccca570a68bc04eddd4b95e14b6a6d727ca7146450010fb063d9565,ab734532f475f1be60bb48aab5e78d90aedf7220e0803a031595313f59326c83,3658767163636423596,15180875189272319822
5760,099.Ovenbird/Ovenbird_0026_92850.jpg,7,test_seen,False,183bf47caf93e9422800543c420a8fd3d32c67ae21933057c56d56c790cc30d1,7723a7d23d77fbc5ded15c4cbb650f87919aa68b36a5fc76f777aa549a74729a,7121612881037179380,16565040737981795177
5787,099.Ovenbird/Ovenbird_0131_92559.jpg,7,test_seen,False,93339b5a1953dac88290484cd9e4bd47abe33818fce313842e5f6551c0a3dbf7,505fd165fa1aa8fbba1045ce42ae23597fc4c39dd14a2f905b862f49012a75ec,5392445624220529113,13837477398449988005
5746,099.Ovenbird/Ovenbird_0108_92675.jpg,7,test_seen,False,c788967ec183190dbeb9c7319661749b49839e640bf3afdf0e2eabbd19e7c927,1f67b764628694b507d4936cf8ebfa023040ab661fa3bef7c5f29e81821fa8cb,8548920072127973257,5284356849448880160
5748,099.Ovenbird/Ovenbird_0047_93203.jpg,7,test_seen,False,9464b87663101c3ab4eec554efd2c631d6420a82e7afa974132bb3388a0c4ae7,0218dbfa2eca00a8ff193e65713824ff16985317fe4a454322739b80c76c1a58,5166245118903301945,4338492990173923425
5791,099.Ovenbird/Ovenbird_0094_92577.jpg,7,test_seen,False,d679aecbceb6f7f2861f317228a61d4c574458512e9b5b8ef2ae5e413421dba3,98b820dee0ff996405687518b5a2a25d9936d450c161a2894797c396de3a4409,5330412264915740360,5968065384540658131
1125,021.Eastern_Towhee/Eastern_Towhee_0124_22585.jpg,8,train,True,69deae0f5d8a9c4173016ddff752c0f3ab7608e999482821a11363512efd0827,270609185faf1a2c864800f6475fa3e167440ffb29583d01ede433745fbd7539,6121258074215180146,15337093900310599916
1175,021.Eastern_Towhee/Eastern_Towhee_0079_22690.jpg,8,train,True,dc3e1c3c911e5a8f0b734d8ca274928d9621f0e76025bac6868cc10728dd804e,90b4a29e19d46281d9382ccf98ed8039b05ae484584a80b8588465f3752d2a94,7915101454174845977,872311856600370750
1121,021.Eastern_Towhee/Eastern_Towhee_0101_22559.jpg,8,train,True,cdbdcde86337a21080dcc7be489b4e29e09134e57893d8f7289dce5db5d32d40,f1f02f170980f3261fe14d1c6ceed826f566b66a61d6dee7d9bc8b8b7d5089ec,8549601879534979892,3552863520253615130
1151,021.Eastern_Towhee/Eastern_Towhee_0035_22223.jpg,8,train,True,28427de57d04bfcf2a6785de267d04822b0fe0de2fd4d3400a3a1aaff4bd8274,f882513d4d999efc210a9e29770af4f37816aef01eeb4b64b44553170a5dd1dc,2633923064318777751,16629878241164367837
1122,021.Eastern_Towhee/Eastern_Towhee_0099_22566.jpg,8,train,True,6e0d39529ce93a04807b847258d2c0c9ec1e27f34e8d856601d426dbf5484926,53ecad080a0907c3157e7d765718ae9d6d008c7d906dbf7e38b882aae75f8166,4886579945888628283,15908124053887068515
1171,021.Eastern_Towhee/Eastern_Towhee_0027_22372.jpg,8,train,True,f5324c9733535844211763beb56aa398fc0598a89aed5aede2076772a8a9ff6a,5466ef370ce2cf6978ef553082bee0ccef8228897e0eb9b5b6ae9907620ec9c2,7984294108955254193,12764101178426198863
1146,021.Eastern_Towhee/Eastern_Towhee_0007_22172.jpg,8,train,True,bd9bbeae717154c3b47881d54a46f8228f9d18348ab6b5e7b6ed6009d9ee9ac8,d4d9b8efe9da1c7c7fab755199c99ba53c8d7b2dce1ce26a3a1e91a64adaeba6,2713799834500222409,18226897577610504163
1156,021.Eastern_Towhee/Eastern_Towhee_0050_22257.jpg,8,train,True,862fe1ba71d0244e579da86d040feff8ded5df798dae10441b2e752b3aef6330,5a0314e51bd4c1609a805280ee921dccbe0da5c24c2fe6dd634c5d008072df91,8815680328150190897,8083004382805997853
1166,021.Eastern_Towhee/Eastern_Towhee_0013_22336.jpg,8,train,True,b7f68266510d6b15e68377881209db7803bd91e1b7bc15fb4d11d93be283ea78,26ab0e7f5290e1335a8e4133694c12e6a2acbfb0bb805ddefb90bb424ab1b863,3739900948679938835,15665644914171607280
1130,021.Eastern_Towhee/Eastern_Towhee_0093_22621.jpg,8,train,True,a5924f8037646e0512d85f21bf31c73d7933dcd6b0980da0c17a3768691b7a98,42ffda1a6d16a7a5fcd356cee46777c90c6506e2e27a5e0ea4e3e7a0a9613b41,4593489929386915842,2053142364790593593
1163,021.Eastern_Towhee/Eastern_Towhee_0002_22318.jpg,8,train,True,894895156fc4419cdacbc53183fd58bf8eba36780372dc3ff922b8312aca4ad8,7ea8f0cd0babab17b35dab38ecebf68706db46fbab4f0fbe48079849904dffe9,1770646285793286989,11065547196542071091
1124,021.Eastern_Towhee/Eastern_Towhee_0097_22580.jpg,8,train,True,4fe46ae3ee392f7f9acb291a8f79f54db0293dfc3582dabc3310c8501750d4ba,ad7be327904c15d369a5d7438260c439885f9a919ccedb1a421effa34d7cdb31,3182557531760708225,8016321277153575164
1155,021.Eastern_Towhee/Eastern_Towhee_0073_22247.jpg,8,train,True,c9be1b4e0a59576f1ed3a08b058ca47d3babdfb18ce6611bdaa13c1a490620db,f65664a35cfa57d22181c2bae723d4713bf281fcd6ce14092a4a73f40b2a9423,2094463738293217498,17470149544606329969
1149,021.Eastern_Towhee/Eastern_Towhee_0120_22189.jpg,8,train,True,f0edaeecace8bb163d345c1d640938a7243eceaaa06791a22151aac1d85a0361,670645df52207c8f68ec25517266c283ca575efd8ce23e19cde236afc9a029e9,2868118012303345822,11695111588729863264
1173,021.Eastern_Towhee/Eastern_Towhee_0038_22399.jpg,8,train,True,1e4bc02669e80b1bd9a03aef5d987cc4e917f1cd27a62bb55414233cacb94a84,fbb136f5dab6425c215ecac0a9a93d60e83055d74f98063b8b9eae0aecd1ba45,7119236167473876401,6999094672333851097
1126,021.Eastern_Towhee/Eastern_Towhee_0075_22588.jpg,8,train,True,0db96e60416370e0da6e0467b086d14dd6b295ae20af2a649400945691e1c62a,9df222e470c203834557bc1a1643dcfd3b29033ed2fede62904ca2ed2891b5a1,515905027910174841,16572116089392611436
1145,021.Eastern_Towhee/Eastern_Towhee_0111_22168.jpg,8,train,True,6cb3baa494e7ef4923ed0a6152a5f32a1d90fef522d9dd5cd08691294c7de2e6,1b5714865cbb9c364255c7a0dfcedad729826558f7f5eeeddfef542bcd4cc462,2490924378761435767,16272025309089220065
1147,021.Eastern_Towhee/Eastern_Towhee_0030_22693.jpg,8,train,True,ddd2ad97548ab23e74be620d27ba301d81b74a2bae472e83ae91aa96d62bcbed,be04e5016462f70069c0ddedfa01476f4bb7e882b02bdaaa401052b129e43c2a,2802536601385349967,13143305583780051055
1152,021.Eastern_Towhee/Eastern_Towhee_0117_22741.jpg,8,train,True,70b9d4721ff0793352e41cab018c006ee1c9c4477db8f5e7f03fb9daccbb0f5e,355e73e53441e7f18f7a2614cb4f6d0ad1f4ba01b70478f9531328b7b2dddb2b,621306844013809895,17616243447276052809
1120,021.Eastern_Towhee/Eastern_Towhee_0052_22558.jpg,8,train,True,38412e85eeff23922775b665da107834f8a6bd0df838af6939d609d1542431b2,5240b62a306b60e26cc26ed5aca59b90331bfaf4af2baeae949da46230603e30,4331505595993458209,12695845968650969771
1136,021.Eastern_Towhee/Eastern_Towhee_0017_22138.jpg,8,val_seen,False,fd9a4d723fa21ff4cf3dbf28c36e322e2a217a11c83db2c32d852ffa6ade486b,43e2dac5a27da80888384f9b96ea03173edf89cc7be07368172014fd7e4b812b,868901726971868733,17755272092886487578
1153,021.Eastern_Towhee/Eastern_Towhee_0112_22231.jpg,8,val_seen,False,cb6019d3a5fa92994afb0314b42251a37bc6fa11a213f2b3b76e45ce513753b1,ca19592d3bce1ce001fc8446aa27e1f1301c704c5deda38520e703f3e63f15fb,2392506295840698524,16415231598809285519
1162,021.Eastern_Towhee/Eastern_Towhee_0001_22314.jpg,8,val_seen,False,821c816176402a63d6b9d3a26bc3354c5e1cf792fef24763433e74e06f6e4335,0c5c6aa51f190a8420e5051e353c6d9c02ea4cf042492a6aac1703c9e897c93a,3983941073351843232,5927891929909181003
1170,021.Eastern_Towhee/Eastern_Towhee_0014_22367.jpg,8,val_seen,False,a6ff1236b0b289ec2df8deee9cc4bbd905e4f02fc30c2786d41d367477df5dd1,41b7fdf9ab59d45d1f0e578fc1c7e6d4d75e824ec4be775e48852a86bb0a6ac6,5933648120887483979,8771215046050858508
1138,021.Eastern_Towhee/Eastern_Towhee_0067_22142.jpg,8,val_seen,False,2589aade3f764c3f23e6e5301c61690abe123b8dd5446609b84e54c5353434f7,62c30c83029ec1563eb39ee871a8dadafc038a7c35424e5a96e9e86073db6384,5438075352254532886,11844863711107058854
1142,021.Eastern_Towhee/Eastern_Towhee_0085_22674.jpg,8,val_seen,False,dd329abba138b9bb29a5eca04e5d0cc0a818ce44e9bff2f66591eddbf21dd336,eb080c9178db16aa7ca40031ca573ac756c364e8cc403b8b06909d00e575a6a1,7658747299789265969,17348309708664555821
1154,021.Eastern_Towhee/Eastern_Towhee_0031_22233.jpg,8,val_seen,False,07f22fa26c5a3448180b445b1a49a4d9357a8468fcdc108606f95268addb2612,0eb99e2782fb418db3840e14783c376585c305a4cd339fb32a92a894c62e4240,4386724961103976839,16639846359653180616
1119,021.Eastern_Towhee/Eastern_Towhee_0048_22557.jpg,8,val_seen,False,45527fb94f201e2b40b7875e9c8e71a28b94ad8c84627e07bd14a3a56f39ffd4,81ce6dd410012f9f01f7cb6673c48cb0b30a99012aff4bf80a8d8bc8476e9e73,8124080098353742584,7587474169422518734
1159,021.Eastern_Towhee/Eastern_Towhee_0022_22279.jpg,8,val_seen,False,6e5abb72263ba1177703a80d62b893f64bd519be8f26d68428e33e0c5aac874a,de89641f58c7869a25b4b52d1ef696858047a1b313a17177b8c05f8bb5abf3e4,3504336582888506076,10938852752564755200
1150,021.Eastern_Towhee/Eastern_Towhee_0125_22220.jpg,8,val_seen,False,1ebe8351a6a31608711c3343a1a0df1b6cc35459535531715ca64313e75d72b4,95851cdd202cc014a3456e30b2135f1ddcfa553ae83f25eb1758d0f785f64eed,6640813056013395399,11795237608368545888
1160,021.Eastern_Towhee/Eastern_Towhee_0080_22303.jpg,8,test_seen,False,367bb3d1cb6e3eafc5fc9747544961204c5d46748c34ad894d277f168e530c7c,de2904287acfb2dff10fdb05c6271968d455cbbec58b6657d0c4613a1f5d7c36,1399888933430589075,4786991418404821069
1143,021.Eastern_Towhee/Eastern_Towhee_0105_22675.jpg,8,test_seen,False,d5f11a79914fae20f472c84a1868c832b8b4ad4bb6185f5cd679eabb0757df27,278bb79ac1baf666a91cf64f9c1ce6b95c4f2d18afa04f89fa9c925d5446510c,2763477505806329638,11642485116056221110
1161,021.Eastern_Towhee/Eastern_Towhee_0115_22304.jpg,8,test_seen,False,4b0ff485f1189297ff095732df89e54fbb159e50fdcfa23488e6891235da984d,ece659d152b572d6f74067716013330577d3fbcf33d53de37f7318abde09cb44,3947014719167285302,15610785615515692152
1118,021.Eastern_Towhee/Eastern_Towhee_0110_22549.jpg,8,test_seen,False,e198a0f37046de3f8453e1c9497a4174d9943409381b12c1604d235d8964e017,c87323cdab27b2d75fe51110110aea9a694ba724c714f905590cd595e539f1f5,2739728489805614351,13707240715160291080
1169,021.Eastern_Towhee/Eastern_Towhee_0129_22358.jpg,8,test_seen,False,356bcff251ea85c31defdd43cc33bfe3dc72b48a02f6a9c9a3adeb80c859b1ad,df3cc5813840fb398a75c8cdab87af28da45631ece7200f93812f6ca3bc5c32b,8392146891345562578,10089211143989831578
1144,021.Eastern_Towhee/Eastern_Towhee_0098_22676.jpg,8,test_seen,False,b4f612b0b182433292c3497a60f54294bf3b980cb5555cadc92b846d273c7e80,c53a2cb2ef9c91984cba186f97e7eea9f54e1a436b3f1519d7fd6c83253307c0,2851267366627364241,12456365920250260525
1132,021.Eastern_Towhee/Eastern_Towhee_0134_22624.jpg,8,test_seen,False,d0330533edfc8a756122f57fb331b754f0fc018d2ace721706ba9890a31c2d48,c3551358fe145830d49dd4afb711bee50688c39c8d0dd9978e63ef71cd48ae9d,908481745393967002,16744759343969634036
1131,021.Eastern_Towhee/Eastern_Towhee_0053_22623.jpg,8,test_seen,False,e9611a091ca33c47ac02cf2e7245003f476c6f5c52a305f807500d73c604f7fb,d819ae96abfeef9aeb27d6de51a5fdf4b43deb3a1d1fe3a118a0fec887db1461,3570426361420074265,1841663038144302108
1117,021.Eastern_Towhee/Eastern_Towhee_0018_22546.jpg,8,test_seen,False,4be18cd69418f8efe92528fc44666a374c87c6a50abea5c321afc12bf874ba1b,614414c1af5e9d90610ee7fedeeb76f7d714dc98c4d4fae87246d08810adf57a,8114884478018096996,10385411643424997869
1127,021.Eastern_Towhee/Eastern_Towhee_0095_22594.jpg,8,test_seen,False,38bc6034cf56ecd815a64ee032b5d6d4ddf68544eec54065232b9b97aa741a42,c4e7af01764df500f7e62735dde8787dee41f3cfa95205ac0d57cc63a57c2159,140345191878059652,15680313013603587835
5549,095.Baltimore_Oriole/Baltimore_Oriole_0120_88403.jpg,9,train,True,0016451ffc921299d246789c0c5aba995cff6ade8d95cbb45d8487aa3640d1e1,5109b3c292a16289f45626b43c885d0e480a3105b16a0e3884b4ce2d133d101d,1831953067212576985,11760645420216829638
5564,095.Baltimore_Oriole/Baltimore_Oriole_0131_87542.jpg,9,train,True,7fdc1b6ac5d1499e337fcea80c06c75f7a0dbad8109c0cb88ddfa71326716701,405844b5af0a3cd0a75e02b239edcb1f76c0b292172cdda56059d676b2c7d03e,5808755422449290053,12157108932825306386
5522,095.Baltimore_Oriole/Baltimore_Oriole_0045_88178.jpg,9,train,True,6f44997d19c7384be632691a1e824028b6f6ab91cd6b5cfc044686033aebd0a4,33c8b4add2c434470656c0ee2c8cd6053cd690e326a79f2efb71d8ef47e834fe,6670270015007356936,3814769451173570531
5561,095.Baltimore_Oriole/Baltimore_Oriole_0119_88022.jpg,9,train,True,d3e29b5bc1562c1cb6145147a7f27246a6af3b0e248404bca16cc754aad82cdb,b463e329224d05e9337c6e472b292c04d47c7df993fe34b69bd9ef801ca94d72,3248593805311834924,15770645849388963611
5513,095.Baltimore_Oriole/Baltimore_Oriole_0021_87089.jpg,9,train,True,112361d016858e7f46036eb43606b9496d8bfe044346cccc1cdef9c8916ea1e1,6c000226541d5293808bec8ea07ec71854382fa912204110e0366cf8115ca48f,2615943056913024676,13899910320227360012
5553,095.Baltimore_Oriole/Baltimore_Oriole_0050_89750.jpg,9,train,True,b2ca4f721a050b27475f2bd6afa167b315befdbba01b8043ac243e4bf32c9047,77baff09395c86f9d9f4a6e7ce7c02eb7dbd4e9010eab34a3d885470107ad525,9005511088897481891,2894453503217261735
5528,095.Baltimore_Oriole/Baltimore_Oriole_0101_87207.jpg,9,train,True,26b0514a07ba7f54c49c72aa92e4ff2519b163dc66e6e3568e52735927666d23,44af43945c9be81f947724dc298ce49ecfe712a27a6e2c0aac70b1fa0aac204f,4263436466187612531,14549187668938953618
5556,095.Baltimore_Oriole/Baltimore_Oriole_0111_87449.jpg,9,train,True,fce23415820dab858ba4fd183e4cb0dbf6e5ed251505eb813218329d6caa4f68,180c810ff4a4de0bb5da5938c42d1a9cb989b6046fd9376b58df70d673f496d7,7308299941739665049,12291140108040333042
5534,095.Baltimore_Oriole/Baltimore_Oriole_0102_88818.jpg,9,train,True,a21287a4e648f786202e745e58ffc6d6d3c03a2d7318b9e79986da0e7a3de2c5,89ef84060ee8557880d2e309e35d4b71f5cbcd71b9cdf65455e0ba226e38ad7e,8984268923208177712,13092431881859010737
5516,095.Baltimore_Oriole/Baltimore_Oriole_0071_89611.jpg,9,train,True,539be8c26ac1cf9e652dbaf4894ce9f33a20224c977df50c1c86ec339a1fd70e,f2ebb8a33d0c7cdb4b24f4941babaca7d2c930fee91cf09d84e91a28eea18154,1058751951908910068,3602550283926282280
5557,095.Baltimore_Oriole/Baltimore_Oriole_0091_88487.jpg,9,train,True,bababb7191c01624fbd45aeb4adb2114ffc68e59919f105c17076053d92f1c68,2b470703cc1d3c00b5f2ecc5ab2bbf60f034736caab8fb560f1010a6e8051d84,3092992846314365677,16660265462630301407
5514,095.Baltimore_Oriole/Baltimore_Oriole_0133_87602.jpg,9,train,True,e2bbf59030bc67ee4803e2df2a1714f6f143e1d7149dd5592aba1a9b9be7b02b,8d5d3621f09bcaa5e47cf9336482e8fd4f40f410c89a407bf03f0b91f1073a25,5988034228127807180,14472489585399877346
5511,095.Baltimore_Oriole/Baltimore_Oriole_0020_87066.jpg,9,train,True,b9da4cb17832243a0713e1a2db663f0f4d9b74a3994761f1a1f7e75c85112d6f,241028e82e8d35d42ed098ecfff40105015f75fa8b4639316379da760727a39b,2875723754781250817,2573534249519836268
5523,095.Baltimore_Oriole/Baltimore_Oriole_0024_89720.jpg,9,train,True,ec77f5aa84c4d3b844696fcc03c157b915a06038ced1c2d122d2664291704d34,5933068598691610b5d3f05456d5f5b2c52c555ec8966dd31f3e62ad373b1545,3221282165255871426,12945188756531170259
5526,095.Baltimore_Oriole/Baltimore_Oriole_0014_87690.jpg,9,train,True,c4e93cb2ba562f62c362f18e6bd8d7e7f1bde0dbf3ccf0d88e5951b62ea1408f,989b9421f2a3bc2365523810d0263e0fe328c186efc70dacbdad2ba1e50c98de,7767188945615852717,15651107688712933175
5554,095.Baltimore_Oriole/Baltimore_Oriole_0092_87435.jpg,9,train,True,8cf4fdb0f17cdc2382ff4b2ee9b58cd86ecc8dee056b016b04ff806e2972a082,56a787f647361acec5d1f0955448db24d6769702957b0c1938c15d7d7f77bc3a,5785550426096690789,1793780350599859338
5559,095.Baltimore_Oriole/Baltimore_Oriole_0052_89553.jpg,9,train,True,7c080c207c2a1c0dc40bbb90bf0a98df9a8f40d3660ec66fc9b3c1b1de894775,60e986bbdefa360baf4ffbbf9b4c46ec0f51e14408d14cc0ebb515c51efe5c9a,2072436156338027679,12452999624412773598
5540,095.Baltimore_Oriole/Baltimore_Oriole_0033_88347.jpg,9,train,True,c6d6fdb97d1904e1ea19f154e441310296112acfcb018e88b4913415102132f2,228184db73f34e666d195a584a229ae980b0e9b642fcb82148dbbc0a1038d220,7463463369469146774,298464943064720285
5517,095.Baltimore_Oriole/Baltimore_Oriole_0106_89680.jpg,9,train,True,f2d299b10833db6ce4a03d9813cad9f25cc19df19e63142a1e9e0a50cfbe9a0a,894a06b6ae47442eeafa5c2fd87043bf34e75ca25a1317cd755238dd63bd3ffc,3180819920016956269,2713321634440475489
5543,095.Baltimore_Oriole/Baltimore_Oriole_0069_87839.jpg,9,train,True,cc7e347fda49a6d22c0d20cbfbe17dead688d888ff6768106e71c0c7df0b574c,4a512fdb7d095de8e5f2e279a375911903664d3c7c9a96ee3d3184151236403f,7389717127978445925,18183044137209302049
5533,095.Baltimore_Oriole/Baltimore_Oriole_0018_87782.jpg,9,val_seen,False,a6cebbfa1b6c5afc1ec7594ac51ba46df70a47c450d140ef8e81f42a20b470a6,1bb887c161c3726c106f8757c8203ab16c406aa4b1c993b695c3a2a415c2789e,3268316337279453593,7380972333637822127
5525,095.Baltimore_Oriole/Baltimore_Oriole_0087_89726.jpg,9,val_seen,False,cf440628e50d73f5899d3738a1c489dd332f4cf26eb1324f83b91196296c7e56,725557e4669c273bba832ef1ec34eaafd7616386419f1b48d93539b3bad65afe,2694416145358967559,10860060534101457974
5551,095.Baltimore_Oriole/Baltimore_Oriole_0109_87398.jpg,9,val_seen,False,57459ee1bdb5387503a5525d99bf4bd356728778760d71ca39f3d598fb195352,0db8cb3e6aad466102dc4a1c12bb242ec52aac2809079dee71d981b637ebaf97,4004207272570088137,4277957972354104942
5532,095.Baltimore_Oriole/Baltimore_Oriole_0054_89825.jpg,9,val_seen,False,53d313c1a9c6c6ba6f2b7ad14a1597f6dd342ce2bbaf1da1498105268fdc79dd,81059de15be9d170f4084f25b9fec8842af0efddd72e304e6af79c65364a0908,5800098155044826675,111197531297520092
5555,095.Baltimore_Oriole/Baltimore_Oriole_0112_87447.jpg,9,val_seen,False,79d1e31e2245e840ef3ca6ae9308882de59cb3fb3616dd9fe171a0f63a4764e9,5100a0073a071fc57c273ff664616a9c21435317c98147caed84621197bedff0,4454723239920993853,4051195355602492214
5537,095.Baltimore_Oriole/Baltimore_Oriole_0058_87296.jpg,9,val_seen,False,705a37854f8c2ce226adb4913dbf4431fe89ca77fba6ee372d4cfe01968ea738,3443017cd064367f568926e6c82a6d094c1bcb9d1da8d976220b2f2146f769b3,7236493688764230342,2276154025261123228
5520,095.Baltimore_Oriole/Baltimore_Oriole_0076_89705.jpg,9,val_seen,False,c6a3410e52dab278e5059b86d9e56be054a082b63dc784703b86f6d903be724c,de99bc40bb37a438e2c54494a23269bfc9b8c8a72c47bebe62fbbd0e1b8e749b,6679137169088082118,3761649836604022882
5550,095.Baltimore_Oriole/Baltimore_Oriole_0066_87380.jpg,9,val_seen,False,a098b0978356b3407192c579d3f39ee26a45d319ac4e4b4cb6cd0f4cfb4f0a79,72c6e353f164e0f017b023cad800bdcc2f999c2b178d40ec435cba5ee2ed2b19,7252491792860546876,1010582706716672307
5552,095.Baltimore_Oriole/Baltimore_Oriole_0125_88450.jpg,9,val_seen,False,3d6306733c984e6b219fd7ce284cdf7fd35adb95a9b61b8682a49a2db2cf54fc,1e8c6b19436b9d2f6212ddbff97ffc4945cc1caaa1035d30ff6eea1006464090,4814209413303719093,16153112556524037068
5529,095.Baltimore_Oriole/Baltimore_Oriole_0074_87214.jpg,9,val_seen,False,a84a899c33ff1ce5dcee3772f5942012f48f97e4bae153d02d0aa5749a38230e,a76781bfb50925777d1c561dd3c37ad8e19ceec480b2138e8bdc6823aa61023e,7760144485594706483,6362053168844711190
5527,095.Baltimore_Oriole/Baltimore_Oriole_0073_87187.jpg,9,test_seen,False,40524e3bda2e36045fd9616381ebf73360e8ea83b966f6cc469af478d3a3149b,5737a97703cf37cabdb5cee72deca4be064e3f6ebe4445ef519a2b6d75a664ab,5815914137636278113,15694143757649887955
5506,095.Baltimore_Oriole/Baltimore_Oriole_0127_87560.jpg,9,test_seen,False,4bf2adc206a22807466929522df064c49d16e15d9e85d03f8f848b27bf685218,f52dae59b68df855a147787279a1c9050f899dd62bf656b7e012edcbc8fefeb1,8696529286015495440,9712178346090291798
5515,095.Baltimore_Oriole/Baltimore_Oriole_0126_89651.jpg,9,test_seen,False,5ea2c068ae0fd9ad07bd09a9871dd6de2f1f1a34485d7019d5e47075351892ed,761d6c8b67ebc25f60c9714b3f1e046c433a79ad953578532fc50f0083a17f24,5873490437365508925,16470958960577550352
5546,095.Baltimore_Oriole/Baltimore_Oriole_0086_88375.jpg,9,test_seen,False,c6b6e58a6e9060db43b8d65f07dd186d90097f81a08c1a12d3a64df46bfdd9b3,c365e4e623c1cda02e7409bb5387d0d32a2b96a8baae815309e4ab98534dca99,234501902688454647,8130345151874428000
5508,095.Baltimore_Oriole/Baltimore_Oriole_0090_87054.jpg,9,test_seen,False,4eb8dea9a121629164f21c66c7350b31b3ced96e0a30204c4ebadcb33feedc07,a8568822872dd9468a2aa479897bfc0ad60e2a6cb2a70c3c07dcfab5366c4d4b,7835497727601752898,8512704028343264736
5521,095.Baltimore_Oriole/Baltimore_Oriole_0083_89712.jpg,9,test_seen,False,ed407c0bea373583111e65e9cb1c717b6c35711438e18ddfb1f687eff681bc70,0301bd491f3d96cc4ca51f0fdc79cabc756bf5696aff71ba7edd060ee45e6c18,3843745781218114312,3417331440905264701
5531,095.Baltimore_Oriole/Baltimore_Oriole_0051_89722.jpg,9,test_seen,False,ee8f44dcc6114f525ec3d7f66703b73dc0ea585244c19a2eaa17d966aaf6fb81,679d228a0c176f806f7c2cba611d9f2600104ebbbde1f557e91bcc66145e109e,1989760041699690597,8102522016701902483
5548,095.Baltimore_Oriole/Baltimore_Oriole_0006_89935.jpg,9,test_seen,False,d2ec193f6db5cc11b0c191e970a26c48ace6fdfcdf253769cedff0fbea11aa9b,b75d6d575060d0e9f62893f975913b8dc187e2c0249b241781ba561ce33d383a,3757078626238782066,17139597608775588364
5530,095.Baltimore_Oriole/Baltimore_Oriole_0042_87216.jpg,9,test_seen,False,7eabdc6d062986df45f5a5c0ed6d7d331579b04f814cba82f858697bd731c8e7,ac4bf6e62a9c6000aefe3dc93328ce19a1137ad29b5347c5a379dd9a6e646d47,8120001171816939290,10634140591883998544
5542,095.Baltimore_Oriole/Baltimore_Oriole_0082_87838.jpg,9,test_seen,False,ee951bf3257a87feb8df028ce5cadea73164ae6688fd4ded0dba660f348dcbb8,25258b3122187ceb27a46af248027e2ba1dde2abb0369f3adc464d1d7019251f,6262409474091814896,3866419892826453220
7210,124.Le_Conte_Sparrow/Le_Conte_Sparrow_0005_795137.jpg,10,val_unseen,False,8788fc42f03c5627f47f5effa16d13083dccdef79cf04c9e76923da15ee4dcbf,8bb6fef0a67d6e910d9be579d775ee4d34aaa463996e95fbf1cc5c6d6dd4cc4d,688381324492371400,8282843822930250600
7253,124.Le_Conte_Sparrow/Le_Conte_Sparrow_0092_795221.jpg,10,val_unseen,False,0ffcff299de8ff78d180987252d5db7d1f64f9b676f8db3af238b35dc782cda8,f441b5f0a44fdcd3699484a59a0314df5ad8a47f7f65341db92e0f33117e81dc,886328194652918748,11592860100411268206
7263,124.Le_Conte_Sparrow/Le_Conte_Sparrow_0044_117116.jpg,10,val_unseen,False,20c2264f042e84a06773cce3c335f7ffde4e409cc1efe10e9e72d86507ae55a1,8fc3d0170595650c4c4184a2959f638bc801644cae2a7a9549b9d6696673dad3,6770854212133528051,12946206491092875826
7240,124.Le_Conte_Sparrow/Le_Conte_Sparrow_0047_795192.jpg,10,val_unseen,False,b28bb0460488f3aff87e4ef585a1879d3975785d901cfe7f04b36af7b741fad2,05ae85a010c5ddb1967584f600ccc6114b9624a66cbeb73e6341af100bf5db06,3758757708449526718,10939189198915933388
7252,124.Le_Conte_Sparrow/Le_Conte_Sparrow_0049_795220.jpg,10,val_unseen,False,9014c7d766060d87222ae802051dab6d29c3395da4b71d76141061cb95c92c9d,edf03f76dce025b00384901481baddb0fc60ba990cec4c0def88abd158a97281,7594672325409441504,183457855756806953
7228,124.Le_Conte_Sparrow/Le_Conte_Sparrow_0013_795176.jpg,10,val_unseen,False,90bd61a8518672dd8e0604b7e61a9e1b2c44464c1967122463f803fef7a30a1d,83472ed6d52f5e80bdb1fff86fd2a19b03e9e173a146120af6be4edc1f835bf0,7042998827153580038,2471366887620766147
7242,124.Le_Conte_Sparrow/Le_Conte_Sparrow_0102_795195.jpg,10,val_unseen,False,100b45e60d4d70f41b70d720c205611a51a33cd36f566c19a9b678cb27f753d8,f613738688ab9cd4dadbb6031cf98b4591d0b8bb1d5974ebfd4d597bbf6bb1b4,1845687938897879243,2097043768448244082
7249,124.Le_Conte_Sparrow/Le_Conte_Sparrow_0035_795214.jpg,10,val_unseen,False,a3b2dd65e279c165a36bee87014fb6e3a497fe724ce537b8e38e0a5dd6301493,1d52e77342dbb39196da033f37847983cc54b79f6876f9dd2f1f9c2f81be546b,3517257640570990798,11066628082885314776
7244,124.Le_Conte_Sparrow/Le_Conte_Sparrow_0087_795198.jpg,10,val_unseen,False,0e38e505908e61fd6abd82789f702debd95735a837b419d154555c9429f7b599,9dd2504f632791484bd44f782b66e55048d122743ce3937a882e74bf69f3fb5b,2073698645088235736,16190643350308010904
7226,124.Le_Conte_Sparrow/Le_Conte_Sparrow_0086_795170.jpg,10,val_unseen,False,ba4d44812f77f7b871decb5899ec5b84f072d96a45d78e02ff0f7f1afa4465e8,9bf7d20b6c12daa094921401e9125f977f46d878c570a8c558be56811102cb58,1339996602482667778,4086345463898138029
7213,124.Le_Conte_Sparrow/Le_Conte_Sparrow_0006_795146.jpg,10,val_unseen,False,8aa9c72c6bc80e7b00337c3974b86553b1cd23da5747183764692460fec547c0,a383a235a6754cade9624a1a41892c5e5d846700679bee14901e0abc0ba3ad5a,5519074862203132106,12690216217939789715
7255,124.Le_Conte_Sparrow/Le_Conte_Sparrow_0046_795227.jpg,10,val_unseen,False,ac5820ec51e863a73ee04b8289ef15bd3b254bb95215a7f82473e34d66c825d6,43b19c94eaca57f7ce552663b5f6e7d01cf9df79a414dab264a7ede52c1c9aa3,904506037305682994,3876106914159101467
7241,124.Le_Conte_Sparrow/Le_Conte_Sparrow_0061_795194.jpg,10,val_unseen,False,0b2b001ccb824bd2245f9f12c9e94835eb1f02ade19837f4b5a83351fc2841d0,287848bac86e2432e4a082e10918f43e8615a22d49bbd8e9fa3cbae6a7485614,2686168807192881036,14890816011331942356
7212,124.Le_Conte_Sparrow/Le_Conte_Sparrow_0050_795143.jpg,10,val_unseen,False,8c589474f32a022665c6ccead6f8d3461f2073ad7b9d2c9f8e43f3015f8237de,48c0363c5f35b450b2a5c29b3980c8675f8bcaed4ae7a95eda2beb7ac7e656b4,6642653393651440334,3185227082019427500
7247,124.Le_Conte_Sparrow/Le_Conte_Sparrow_0012_795211.jpg,10,val_unseen,False,86268f40ad77659be8fa35a1bdf97bc6450b2a7aec42413ed4bc186c2c3a5941,eab28a8af9f9fee971b4dc769d6aebb6ab46dee5e63be69e4ef0d79f27e0f910,5091154016969765270,16413022383816434658
7246,124.Le_Conte_Sparrow/Le_Conte_Sparrow_0066_795206.jpg,10,val_unseen,False,283a35a54454315ed8e3ee74f46f297d64ecbea947137cbcc00c3a95b06c74d3,328add3d63f46e1c73550f3dcba3f9de9b5b8cced45e254d0f9f35a336be94ea,5083219525416657165,1994220408875039020
7224,124.Le_Conte_Sparrow/Le_Conte_Sparrow_0085_795167.jpg,10,val_unseen,False,0073407900ec4d0f2964e82f87f86b57767c61ba4c47fccbd8cf9ea2948bef05,12d63452e2dc8fb791682469d1b7996c11f212926b875d40a3f2e86a02e9351a,5925673457541257622,3941121145013783689
7239,124.Le_Conte_Sparrow/Le_Conte_Sparrow_0024_795190.jpg,10,val_unseen,False,a341d6b1b20e8bb8258f8182259b0215a6ac5b446cd8b57e99c5152aa80d1872,a5c11a00b42048929da4079a7ac9362d4be3c4d33de5c3e69cee6d25d2a23c95,3426348106439187558,7378626233790189405
7257,124.Le_Conte_Sparrow/Le_Conte_Sparrow_0098_795231.jpg,10,val_unseen,False,f466d19656eb95aac4c18e96690a5ae866c930a318a3def9650cfbe7d0781800,c984136eeb90560b9ccb8976355aa9b5d8e0da55a897dd650d0f12e8c6bf387a,5206217411296837321,11212436061780415003
7225,124.Le_Conte_Sparrow/Le_Conte_Sparrow_0088_117040.jpg,10,val_unseen,False,8684d516c9f8e6520d5ff42ed56560986daadc78a89ab7a865268bfd685afceb,6a0369c46d5e9a72063449cfbc854ec24dad5bcf0085d340c3605816226cdfd0,494228417009768305,15633676537363754216
2142,038.Great_Crested_Flycatcher/Great_Crested_Flycatcher_0097_29398.jpg,11,val_unseen,False,cea79b8a6c23c0af5d483cfde0af83bc6cdc2a4ff3dd85017ed07a1530eb6763,d020013fc0422c8204589f1718f9273167920215476f513099a5d954d93176e8,7616315312209210470,3606273148094512130
2158,038.Great_Crested_Flycatcher/Great_Crested_Flycatcher_0041_29521.jpg,11,val_unseen,False,3c7fc0364d5b671081906336b85e08ba6d1abc7a0a78b4b224c22fe669daf349,7c286445226afbc2f9566e8728a0cee1b69f6aa51ef3dffd001b00739464ae99,1810277843952984604,6446521167243726359
2164,038.Great_Crested_Flycatcher/Great_Crested_Flycatcher_0074_29553.jpg,11,val_unseen,False,c84dfeaf25de1dd9fa2f9d156304f28855e65a6cbfcab5a15e05b4a97d61f967,881d46f52b98bd12678568aeb2961e66111942ce8bbf89a75e0196d76d3e166d,4354192654441289937,2812273265981499930
2156,038.Great_Crested_Flycatcher/Great_Crested_Flycatcher_0024_29516.jpg,11,val_unseen,False,af9f24ee7865428363a3a59743b018a4a6eecafa1c7401257c66d7a8b5c4cfe1,0bdcc63221f55f181e5fff45f9833770a04c6812eebe88c324266494846647dd,1570530207282339506,14196314079043706004
2128,038.Great_Crested_Flycatcher/Great_Crested_Flycatcher_0132_29300.jpg,11,val_unseen,False,f0487bc8a55b0f8989296a4a6d683f1c7102cab1625a90f075f92375e70ed49a,3abb3f459e0c820855bf02c22e731588ceb8292db9b9a80c9ab505fe64c350ef,6501188310301641012,1239925077572610402
2129,038.Great_Crested_Flycatcher/Great_Crested_Flycatcher_0139_29302.jpg,11,val_unseen,False,38ac3c6150131c260684368d3f9f4234fbfcc8b5662c91ba546d7dfcfccef646,9b8763f59a6b3f0e56a623a60fb705f5fd9489544cb2f80bc5c17cff0189e9ec,4959578389153123285,17072249616475858600
2145,038.Great_Crested_Flycatcher/Great_Crested_Flycatcher_0021_29929.jpg,11,val_unseen,False,f96d1ba9ea06f087d10d718bb4cbcca88fa4b48b6fad69fdb6812702f050eb1d,76ff9c1c03056582aa584f4cf109edd83a841f710425126f1cada88da2283344,3874193559344028748,14870351985323552316
2120,038.Great_Crested_Flycatcher/Great_Crested_Flycatcher_0119_29778.jpg,11,val_unseen,False,06aed0378035d25b872285768124ce856bfdc21d397c20655af6b92259e890f6,97650d64804ca076f6b7d8e9c4261ce0439c29ed72ebb29baddb84e37fe40df0,7552386192350655053,1948655195594262425
2150,038.Great_Crested_Flycatcher/Great_Crested_Flycatcher_0044_29995.jpg,11,val_unseen,False,aa0194b937ced9026259188a08dd4d2d552c3bf7445d7ea7eba86ee50cad6ee1,a835daf25c965d3f057856cf03b8a1a47969c2e7ce26561e61646f893c46467d,1905818248756685924,4052278080334557241
2168,038.Great_Crested_Flycatcher/Great_Crested_Flycatcher_0125_29593.jpg,11,val_unseen,False,f6050deea7037a4c84f21c535881d460cc9392edf58b4130eb268315a08b996b,227b252d1b2eb4c0b88b8ed382dc7988f81a26eb657081262456807aacdcd1dc,9151376697955916044,243687821726452766
2143,038.Great_Crested_Flycatcher/Great_Crested_Flycatcher_0016_29406.jpg,11,val_unseen,False,b7e5b56df0eeb626585bbc2bedc497e415b6b4769033f29bb54735b3d1f8c092,c7aa9d848c77856808b07d9b1fad4f942f7d9b60e70a22b3bcbe08fb5c1105a2,5532024821057616984,14694866144714789687
2132,038.Great_Crested_Flycatcher/Great_Crested_Flycatcher_0133_29314.jpg,11,val_unseen,False,73886dee6831123a287f75701bc69e3d43fc657ecc91e3c30ff1398986ce6fca,0ecc194054148a74e2dc515ed95afc8c3e0f927a94716a6d460a003f65b7f307,2025430866615586922,17320976632529579777
2163,038.Great_Crested_Flycatcher/Great_Crested_Flycatcher_0064_29546.jpg,11,val_unseen,False,36a732752d1d6192d09d2950b8a2a5f2f0da855cfaf66db97aaed71c3cb3ac0d,ce8856ad3acae7f5d495fd1a5e4cac9d09539f872ee777da53d6f7075f855d38,3687209135911461147,11289075301231271064
2171,038.Great_Crested_Flycatcher/Great_Crested_Flycatcher_0036_29693.jpg,11,val_unseen,False,dde8794a69925e13c146809896f6f81dd2805b737c9c0799953e57507693b473,345af9dcecfd307e1f558b0cd800812b35590dc7ae3d3e19e59b3d8ef080730c,7414838244578122387,7216574533444461155
2134,038.Great_Crested_Flycatcher/Great_Crested_Flycatcher_0131_29329.jpg,11,val_unseen,False,574afe09644217133acd5fd43042f01f81cb195a613ee2ccbc988a107ef0c636,9cda612ce798906f1d3b1a7f8345be38582363a2c924751d4a9505755b211e05,4602897066199838849,36125932875180096
2139,038.Great_Crested_Flycatcher/Great_Crested_Flycatcher_0120_29472.jpg,11,val_unseen,False,48f4ebe170d0d39c5e49794253913313a1ab520a77cc52ba55864780b94e228d,375141f25ff1ac6607923fa7fc119ab667545fd6c6e2ec27cb326056fa4e0c2b,7247023441248361325,2316074704289845762
2123,038.Great_Crested_Flycatcher/Great_Crested_Flycatcher_0007_29280.jpg,11,val_unseen,False,197c5f24886c4828c8f097eeab95fd2c9a2b7d05045908ca0046bb16c4e38f1c,c108904591274763f0371197154df0f2d48490cdc8cd36058abfb4673a7a88e9,2717422619036747475,2832463888476701394
2153,038.Great_Crested_Flycatcher/Great_Crested_Flycatcher_0013_29496.jpg,11,val_unseen,False,fd8fd3ca04cc395134ada638c2e1eb7b3eb5fadddac3d1feef1e32965ac9d54e,ac21dc740610258332967d64008724218cdaf09ed6e7c29040a2d93910cd0257,1402347941253890012,14649129429067536551
2126,038.Great_Crested_Flycatcher/Great_Crested_Flycatcher_0124_29294.jpg,11,val_unseen,False,c2ddcfe7d976bd501af7d1ada4e268215c64a1efd92aff1195ee7686a66dfdcd,9e5170ad6f03ef7edd7c3a652e9daede854719a47d34d0501a5f4552af7a19ab,6028291724488777549,5898513317463119064
2112,038.Great_Crested_Flycatcher/Great_Crested_Flycatcher_0028_29696.jpg,11,val_unseen,False,8eadfcf74b251a03069553ee8f06e95fdb84a06fcbfdfa9788f1773943fcc16a,1e8578211eab39ad9cb33e39d953855aa1788f5c5a7690375d52fbf20508345e,7223944717160586865,10128071400089751356
8487,145.Elegant_Tern/Elegant_Tern_0023_150654.jpg,12,val_unseen,False,71b352940fc76d7a81a9ff7be9bff61bb1756767e527cb80a63ca56fa1da8a5e,8f65cb19f4c71d842275daa563fd4620c9badcd15ba1eb920dabec8da65430c9,7911014973106506694,17047324646780149076
8481,145.Elegant_Tern/Elegant_Tern_0106_150872.jpg,12,val_unseen,False,de0cfacd71b75cf9e2747c1a46f3755faf214e9e2394a344e30629c3dd8557a8,902f94f309ba1d07dbd212cf039b4752eab53d31cc42646b300c03b3c56e1a02,5533921407346264371,3487161463408189480
8495,145.Elegant_Tern/Elegant_Tern_0099_150682.jpg,12,val_unseen,False,6a090693126afa8b9e6071adcd88a634b264e7063c5ee3324dad680883178e16,71e968158c71ef891e673b199a27cfe1f7ce71bbde855a0094637cfef3637b76,5173571852476292668,2364495818332362829
8477,145.Elegant_Tern/Elegant_Tern_0058_150853.jpg,12,val_unseen,False,e261d342bc075eb17cabe995113b66f000f7106ad01843788f7f05a28d15f107,2114c861ef8194e256f0063a786ec95355a48c1724d9d85163e99c088962ad1e,3586772079366781176,9817865435240515784
8497,145.Elegant_Tern/Elegant_Tern_0033_150687.jpg,12,val_unseen,False,5223fefec680f3160566452e19e5cb954e40be12318c6d3f3af3b7bfbe479ff1,09b556522b8669c1f54e1c527d8607db03e17d82c0cf6125fbd8672f810c2683,6110129142175749658,8836278531959090889
8464,145.Elegant_Tern/Elegant_Tern_0093_150534.jpg,12,val_unseen,False,82ee84b1bf47c9592d63fe9766d9515f95004ecd702c0a29a8b080841a3ae6df,5b2bda58d8c3d1be24c5f273a0e064cc35e95b65ed3a8efeaf2d503839711bf9,6853533480536263731,60838352594865154
8519,145.Elegant_Tern/Elegant_Tern_0082_150517.jpg,12,val_unseen,False,1d317af148a49cb2038f3a036889251aff23985823a9bb6853bc8e0f8d0f77ed,ae3300109630714f8a351cca69a90270d20e5bdd5b6197738611a69e50c37451,6607313476545647052,8174439427623445861
8507,145.Elegant_Tern/Elegant_Tern_0036_150972.jpg,12,val_unseen,False,1c8f2590bd28ecb21a91d9fa1f50426789b09b12253be1d8da1b13d20c4dce0b,adcc27086b3c0717fb2771cc274074fe0c97433c048f0dfa932ade6ae1aa1330,4381094253447565204,3510118435381132556
8476,145.Elegant_Tern/Elegant_Tern_0024_150852.jpg,12,val_unseen,False,3d16ad7a147ac7b434fa93564a96e425639459e2c7ef665d8aa6cdddcbcb3fc2,a94d9a3932d9324f7460eb162f91e6226e8179629383c5350397203fd713aac5,5085154888263354682,2475899991645931244
8504,145.Elegant_Tern/Elegant_Tern_0006_150963.jpg,12,val_unseen,False,15f1ba7d1ce665e91c74ab9ab90239558268284180747e9e4a9c2312ea8fff75,88aebcac3894b0ea9c6ef3602d3526be5ad11fda64a90d4b46f7d2fa18d5fac0,1815063815113750493,12510259592504004637
8505,145.Elegant_Tern/Elegant_Tern_0005_150708.jpg,12,val_unseen,False,ea0a1f10f9fa6f6bf111678ab56976f9b6d21b76576440a02c2c547be5fbf751,0fb3155a5536e1bb3ba3adfec8e3096073340d947dd5ef7ab879a9f3f93d2d32,5878393120065368109,6072713606662132321
8501,145.Elegant_Tern/Elegant_Tern_0079_150953.jpg,12,val_unseen,False,540df4d4ab2e69f216e837c224cf7bda0d78ae3f487faf425a7caceabc84eaf2,e801a1226f0e523a5d2efd647b40185e631bf8db3dd93cc07d0e2942775f5cde,5156121506420278988,3488143914560179250
8478,145.Elegant_Tern/Elegant_Tern_0089_150854.jpg,12,val_unseen,False,96edf7fcf1a9ef8aa7542d259b30ad4ca74145959a55c07a5aa952141ac8adc7,27d846bfd7b9208e6dcdcda9d0c4c8793e3cf1e9c23569885b4f3c3952cbb7c6,4219247656898685093,15006034296966818134
8506,145.Elegant_Tern/Elegant_Tern_0101_150715.jpg,12,val_unseen,False,a1d90ea22520d4f317d8282ed7b62877b8be0cc4d712a5f3fb283925a45461f9,b86732e2164c4fca651e4effc7bfaa99696c3102b53b9a33bc86c37927142ad9,7766901993666845426,1388297547465646488
8467,145.Elegant_Tern/Elegant_Tern_0077_150548.jpg,12,val_unseen,False,1a2950558b4340bae01f6c84e1c82c898c58780f629202dd93925b161c2bb282,2a401a25b61ad6a7ac4afc0d0ac4a712818d06eb614a38874cfe568a5f26b47c,1287253808798643912,17933550151686472856
8474,145.Elegant_Tern/Elegant_Tern_0085_151091.jpg,12,val_unseen,False,1e4c1a57d2d3344744214899da9c1c4223a6e410d7eae1ce660f4a6f7d75d307,ab7e55a4877b917e9e302d7163d8aa43dd914863af2eddf401ed3bed29a9f0d8,2009759445967870873,16200250407993792728
8509,145.Elegant_Tern/Elegant_Tern_0044_150946.jpg,12,val_unseen,False,539394d21e1311ce528e09f8701648c0e88cfb08c98e07cac8b02fdb99e895d5,7172b9f26f9c2e5ea2e2adf47acd442f44a34b09e716a0b4fd44aac55fd0ba3f,4810455989162734535,10403818201523744818
8465,145.Elegant_Tern/Elegant_Tern_0080_150538.jpg,12,val_unseen,False,aa92d4f074710abc3ab4a85faad5099840b56e68e3a75658ed6dce56d6008e82,4b58b878669326bf19387caab95c45b0ad974b013c55896c7aeaf7e46a1c87df,7234637637724234547,6351279252063957168
8508,145.Elegant_Tern/Elegant_Tern_0039_150944.jpg,12,val_unseen,False,17ba8365da7f8616057720a8f98db5530f16672fd6fbeefba3d57f93806607c5,fbee68165424efff726fa0ec142802e6de886e91678abf2356db56c92f6b39b1,8146464870246150599,17862281191086396576
8490,145.Elegant_Tern/Elegant_Tern_0084_150922.jpg,12,val_unseen,False,2eadf50f05c0577d7523c7c98347c5766b5c882f2b6bd68421fe7809037f4a49,608f11f1be397835324fdb42d0ca10b453565d2e4f332ee8b3afae5a34850757,7823371911935975731,2326264945863773219
1179,022.Chuck_will_Widow/Chuck_Will_Widow_0019_22806.jpg,13,val_unseen,False,342630d74f6cea2673c4e596512f64338aee05494df47fbaeb7f3c79541393db,1f70bf82a0a13422879d7702f886495b987ddd6ca3830e21bcbc4ba2f164d054,4307070016222872109,15037743784395356987
1218,022.Chuck_will_Widow/Chuck_Will_Widow_0051_796991.jpg,13,val_unseen,False,b0fafc080d1f08f72f4428d6ab4e35fc2a9287e9596702da48e66ac93e21afcb,ab15507016496fa010336433ddadfec7f48507a9859edc2261c6d39e3a51614b,4175072645283161346,10960001946313505124
1223,022.Chuck_will_Widow/Chuck_Will_Widow_0041_796997.jpg,13,val_unseen,False,8c317fc0683a1e0104551f18bda6a13e016987b70a8fdde0e1ab7203a4f16ac9,42da056a069ee4443bfc09a624494990d9bfed36495cf3c48b0c5fc6d48fe82f,7294851059630922696,879950314542450628
1180,022.Chuck_will_Widow/Chuck_Will_Widow_0021_796952.jpg,13,val_unseen,False,3674bbf27fe6d88ed714d8994830a36ba36d58061f9b8cc6fce0e5f1f84b64ac,a8f7f0d698ae3cebee5967e8480189037cc213c0b9d4a2c92d87dc6a74c729e6,4427660244410261190,2170174927459786270
1178,022.Chuck_will_Widow/Chuck_Will_Widow_0032_22802.jpg,13,val_unseen,False,f8f89a8d873071f616d54c169fda6b730cf569213b31b9458fa135664c6d68aa,411e9cf68dc424b7b6dba85928fde7a0ac27d92869d6c4c90a1bf1c6bea0db5e,8319917735279901186,6360644857817195235
1193,022.Chuck_will_Widow/Chuck_Will_Widow_0020_796965.jpg,13,val_unseen,False,96ccb93f46adc278ebb2a18d0b7b5807a20eafc96bb8f10a7b9193c8fa4bb582,b67722be967fa32f9137defc90b6db9a61b3778c69981b335f88bee5b74bcc64,109151198379874273,16349151241612497834
1216,022.Chuck_will_Widow/Chuck_Will_Widow_0028_796988.jpg,13,val_unseen,False,c492e3d1ec0bb1e92fef98df426b27569bfd0eedf59095e25d90e852989dbb86,bc2cce6e76e4fece6534f7b3138a42caeac48cc192d7bd1955a2fa2d364278c2,6951463591923625076,2528937816380006879
1220,022.Chuck_will_Widow/Chuck_Will_Widow_0030_796994.jpg,13,val_unseen,False,2288a85a6a91f9b4591223c240734b68114a2029ceff07845497213990c0c40d,658af61a86d28cd62c98e93512724eebae4755562794127a637feb9667cc2bb6,4479366123135382276,5056184743352888358
1209,022.Chuck_will_Widow/Chuck_Will_Widow_0031_796981.jpg,13,val_unseen,False,520071c695b085121d91fe765cac537f24f23fec1997d4800c8a508557579fc4,2474a725750c82feae3229f2ade46a0861ac3e8c1d97e8ddae25f7f8d544aa31,1581906451192377028,13758079719878883038
1215,022.Chuck_will_Widow/Chuck_Will_Widow_0014_796987.jpg,13,val_unseen,False,239aec22afc3e3347cb920b391917624a401dd2bf7defd1144cad46439ba4c9b,2dc185b431cd00075a24b0680700d9c79e9fb8a456e8af5f8314d402ea7527aa,5479564889657535124,8350134899296379594
1182,022.Chuck_will_Widow/Chuck_Will_Widow_0011_796954.jpg,13,val_unseen,False,becebffc83d6065316727032ba99e158fe42e3b08063e2b9bbd0edcb3c0880ec,43818e24fc519086b25250b836561f6caf91bc6e84091467339bb4c83162db74,5296714088921000659,14696039369113014843
1195,022.Chuck_will_Widow/Chuck_Will_Widow_0022_796967.jpg,13,val_unseen,False,7ead2a9013c4a8f1ec0d10a5546f4dc7d9c5ab1cf747fbc1ec67ff446d1f14f3,2b72b43f139718051b37f7e57a7bde7b965b053d281a75e201082cca09da0921,956376566679483502,15227502620830242165
1190,022.Chuck_will_Widow/Chuck_Will_Widow_0015_796962.jpg,13,val_unseen,False,69e9e655760716766ec84c50c7ed9b542cb610e9974baaff6d6add04e9ac042e,92be368387ace2503928fcfd1fb1ffa52171f0a2a1ce1ad6f37496f30fb3e2f1,3624762811065003624,2410881325686414375
1176,022.Chuck_will_Widow/Chuck_Will_Widow_0033_22792.jpg,13,val_unseen,False,9d5767b7ebd5a78262968502b0f406e59279e4a001029ab41c8174c495772fd8,0fd36285304dbae33cce2aaf681d86dce2d46d4687fe15704a75d657baba911d,4582649430507901018,1764347187092212840
1206,022.Chuck_will_Widow/Chuck_Will_Widow_0027_796978.jpg,13,val_unseen,False,15ff374910c5e80490d40b304b590154b20c5807308bf870bee4e8e0e6a53f9f,b511c6be4bf47b03541ed1ddae4333b31d49d0ac2b80400e9db679bb8e506456,2667501479911624078,16489638513895476435
1212,022.Chuck_will_Widow/Chuck_Will_Widow_0052_796984.jpg,13,val_unseen,False,a33fdb3c893a8c391ab41e863c1c5cfb0d05a8b1a916db242454da8261e6f9db,4c54fa6649788b068bc10a21b1d7ab557f45dfa80d104d153d68bdece61d5e64,4137049077552121784,1419506153289431091
1199,022.Chuck_will_Widow/Chuck_Will_Widow_0047_796971.jpg,13,val_unseen,False,cdcd70f687f1b9a43ef84bbeed53ba1aaf92603939cf529fcab8601b12bef922,9d09423bd25e0c26bc8ae1d58461e3c30d89eaf00891c09fe42e2c0e16675e95,5492477737279852631,9913465530400255448
1192,022.Chuck_will_Widow/Chuck_Will_Widow_0010_796964.jpg,13,val_unseen,False,63c0673748093e031d81ece057a38849ac81b54b40e04cc04862c4165e6808ea,2bf7c2d38418ae23cd0a242f6e310b350d922461b6c25adf4671fad0f221b50d,892788698815280489,18222007912907960807
1183,022.Chuck_will_Widow/Chuck_Will_Widow_0009_796955.jpg,13,val_unseen,False,13f26b67ecddcc4ce0afc9a99dbbe6a1a2a09af4b3d4f54785649cf370aaf9dd,d68ddddb93cc300b00c586bd3dfb36ea4bed455c3f115b8ff52aed7c65725271,7432520940430468087,6721145819569546296
1211,022.Chuck_will_Widow/Chuck_Will_Widow_0042_796983.jpg,13,val_unseen,False,0f5690616671b74a2eaebcf516228a0978e31955eda2ef0d2931cebd444aa832,5436d0f3c3323099811224415469bdb41022293565ca1b1eeeb4d1b28bc4ca8d,6841505242634895665,10531977091424088357
4741,082.Ringed_Kingfisher/Ringed_Kingfisher_0003_72994.jpg,14,val_unseen,False,62c889fc65fe24204bafa73d205d0cc396160a0780eca066827d61a46be9d096,f48412a24f80ecbde52d60ae107d6aa7c93f20a723c2d0f9bf8ea1c40faf6fff,8344213182419811347,17296717363354257612
4774,082.Ringed_Kingfisher/Ringed_Kingfisher_0043_72877.jpg,14,val_unseen,False,b454322ac044861e23e95d302d644cf07cf3bc467287635d86e7d179de2dcd2f,51363fb97efc30f3ede05f8683e378a2c767386d84e8e201a70717fbed9be3d2,5790524607996291197,15876511072963578265
4791,082.Ringed_Kingfisher/Ringed_Kingfisher_0018_72957.jpg,14,val_unseen,False,6a8a95457fbfc16172dbc3b653b109dcb9a33c4b627f42c00d27a0abd5abc7b1,98df7aee7356b4c4e2c56af149603b3c1f92fd2c369115f71d6264edba5b0789,3736242105174730545,4943153170219906150
4783,082.Ringed_Kingfisher/Ringed_Kingfisher_0080_72923.jpg,14,val_unseen,False,0da8002ed2e5d487aeca9c7f1ea303470862def7528605318631384867b4ebe4,46172390de0882307f15f5223c3872d777514fa2fb42410dde2968f9a4ce1e2d,3356260525958083666,17463143436049142628
4735,082.Ringed_Kingfisher/Ringed_Kingfisher_0012_72974.jpg,14,val_unseen,False,595a8dee7fd3ad5f0968edaef77881d62ccc76da96227fc635662ef366a8f2fa,bf7995cf57a5dbfac7b26d92656e6e1df841f8512c9c7989c0a215481510383c,8306551521093798963,15845541782580990484
4742,082.Ringed_Kingfisher/Ringed_Kingfisher_0051_72997.jpg,14,val_unseen,False,cc2c8dfdd64698221218ff83a2845f25bfd025e3d6d1ce223f76ae87f7d5cc43,96a1116c958db668cbac41a8691c043456bd01412add0b1726ff7730e9474eed,5592538774805342483,12876480045169893530
4752,082.Ringed_Kingfisher/Ringed_Kingfisher_0001_73048.jpg,14,val_unseen,False,c29eb00a56deb62fb35013755a75c96511ab0740c7f03d8adfefb55dc7528b07,c741659f454ac3de551dc533636ba4fc8b177d7d94ade5e02f567a4b563834ac,3474752303678298520,5230394747086965824
4746,082.Ringed_Kingfisher/Ringed_Kingfisher_0035_73012.jpg,14,val_unseen,False,f6a7919de0b65fd78e56114d7ec3121289b786af97e93463c019b6bf72429771,fb9203c4e48347bda3d139127cd07bb055ef29646afd3efcac04711ec1e92785,1670111307285252332,7380896729484839260
4766,082.Ringed_Kingfisher/Ringed_Kingfisher_0073_73118.jpg,14,val_unseen,False,3480aedef3e813376159a54cc6307b720696b2c3a226598608f0a8f1d9c1ab3b,ae2ee772c59e4f0686688ec03b5aa64e4e18290c671f5afb69a38b0f5d77b5a0,1338263316793677488,7880237158238554408
4754,082.Ringed_Kingfisher/Ringed_Kingfisher_0025_72795.jpg,14,val_unseen,False,718fccc84f0b969633c0da31f197815df7812ac68723cc652c64beef36d3f7ca,ac61a093da0775dbf2be35d00ec729ef75abd3f5ee455c5ae2bf3cb90e2af5b3,7058231768048894306,10234443572938213303
4739,082.Ringed_Kingfisher/Ringed_Kingfisher_0107_72983.jpg,14,val_unseen,False,1138c38b9b9480b2cdd761b168b29d4af029dd47d1915b247f213968528ea554,cb647081acbfdae918c53222c70acbb42f7b004e32ddea44e1cb2d91e72652df,7391420068725876658,10684942451133028913
4759,082.Ringed_Kingfisher/Ringed_Kingfisher_0005_73086.jpg,14,val_unseen,False,e8a01d9861acc18cb41e322c5a6bb153fa833e6b161de890872a587c977c8dbd,8493622d655c490e7ce22b9e7d34baa94d1a23f26cd9f7cb39b92814765110f7,3588766393656413686,5825429867459222553
4753,082.Ringed_Kingfisher/Ringed_Kingfisher_0087_72794.jpg,14,val_unseen,False,f62c1d8d93253e6d882a4aa8f20ac237568e7fdeeb2552a720a8071c6c398814,136e1a7f326fd4f9f2b81d5a4d1c1ed78e6eff6b8628a4bc7d5dc3c0b3e431e9,1808871130780034254,4474565758971211971
4787,082.Ringed_Kingfisher/Ringed_Kingfisher_0089_72947.jpg,14,val_unseen,False,f63503432f039c57ee6a34721fe3bb80cc9f146a2ea445a9087fd2396ca5f014,0628af464982367d9c02d7200a04ead8dd28a34d486db715d0cca0676538a77a,1360778337811664846,14816114706646580462
4763,082.Ringed_Kingfisher/Ringed_Kingfisher_0040_72852.jpg,14,val_unseen,False,a78ac631a8feb2a390c484f4efb48e533b7281e6698f115175b19feaac719d54,a1fb42230266e170edf732605d07e8b30346e7df0c134ed9018e324fec49f791,8216155716390036976,14394802180966881669
4778,082.Ringed_Kingfisher/Ringed_Kingfisher_0023_72910.jpg,14,val_unseen,False,256c1afdb741c787fc72dca88648e83d92471f44fbdaadda0908c18e95918a18,5258a416338c3ee88f6636ec3509d23e01d6b1ff7afc6719ea9383c17f3e5fa5,7357076954826855273,17687334102640668460
4755,082.Ringed_Kingfisher/Ringed_Kingfisher_0083_73053.jpg,14,val_unseen,False,f9e2c1d8da6ce25586a3bd9d6103af1af935a52c6451622e1e46d0142447bdf1,6b9efb90339cb7c447204e6f6e3a22814793c105dcde98e5e484a5ab1b78aa8a,2572342802701208670,14181217161702209275
4736,082.Ringed_Kingfisher/Ringed_Kingfisher_0033_73133.jpg,14,val_unseen,False,37bb95fb1dfca514782a8655edbb404bfe8425c4eb334ac878a735c0bda1deb1,2a73e7c14a0190f4f95c659a697f885e6672e7b61a0872112a2fa2a2d270630e,2705792641220229435,17205693303153808538
4751,082.Ringed_Kingfisher/Ringed_Kingfisher_0009_72786.jpg,14,val_unseen,False,de2f5ed8af38f1d5deed0a866d82f4c318a3222849fed9a8d4ef43b3cb134199,72472f5e04138cf0b412a813885e9c8a4eb7fb9309cd9791c6cd30959205d26d,3290689967693256839,6329721742394156678
4761,082.Ringed_Kingfisher/Ringed_Kingfisher_0091_72839.jpg,14,val_unseen,False,f9b54f25ab13c6c5859155c5cf21703b8abbd8e8b1ebb2ff0bc1cd0f6026e758,b621331afb61a44595e9e52c4190b72424a0b7b944f585078f463d05c22c8c1a,4362877748727503177,4262153589614197647
9463,161.Blue_winged_Warbler/Blue_Winged_Warbler_0086_162027.jpg,15,test_unseen,False,25dd5381e33000afc12ea4696a35d3254144b5ca0c186d8226ce45de21d2fac7,f97cc18e84a7ea001712faa5c4a15bc802de902822f24b51b438aa89cdebc262,7051159542764065010,3155797054912384216
9416,161.Blue_winged_Warbler/Blue_Winged_Warbler_0063_161810.jpg,15,test_unseen,False,ab7c6a5e688a5fc3ea336eb9a6292ddbceb74dba43c92516aa35f5c77921e9d8,ff3cc54a5a0b62182ea98f58f506c5916d090a612ca7cf435c36a32a6fded8ff,8099079901714282402,5664696080740982077
9448,161.Blue_winged_Warbler/Blue_Winged_Warbler_0061_161984.jpg,15,test_unseen,False,2a95d88cc345a96c865fb3eb75dcca0152e8c223dbcb4d79ae5a83546b603ac7,0b44c4bd93447d84ac4bccee6c35a4ee373da4371a7fe7f6591da46e01f308e8,5149619698145980422,5354310774256169184
9412,161.Blue_winged_Warbler/Blue_Winged_Warbler_0050_162057.jpg,15,test_unseen,False,ea359ffa81b2924d7e128caeb7ffa8a63a84c52ffd5026590a538699cd6e73ad,fd319d12dc20349a040e65a1ed13fa1197d1c102ec3eb019e0f27f5e96aa26dd,5566100655730009267,7143577839829443521
9422,161.Blue_winged_Warbler/Blue_Winged_Warbler_0030_162088.jpg,15,test_unseen,False,62bd916db4db9e2adaa2e54526e07a5911c942adcfac5bb3e433237ffe053631,86c3aa157b7309cf147c0d3ad41da11ebc580363d75cdf26ea9325ead517bef7,1713774911830124314,16784964396036029026
9453,161.Blue_winged_Warbler/Blue_Winged_Warbler_0045_161997.jpg,15,test_unseen,False,d8bdb53b56564fb09959f77028ed06adb9dd475b43b8dd38462d133246e15cc3,c18e8fdee7996becc61ac6ad898ea018fbff68dc5863a8589397afc140f73ea9,1805761179978082131,7523375002676531640
9418,161.Blue_winged_Warbler/Blue_Winged_Warbler_0026_161813.jpg,15,test_unseen,False,611130074bddeaf960a78278fceea45407a2e792ca120fb335d2b1ff0a8629dc,45d7d283ed8c212ac81e51f86a4c2ab47de2a1ce787fe85cbe4ffcdee612075e,7643235709609877329,9919646466325054243
9413,161.Blue_winged_Warbler/Blue_Winged_Warbler_0041_161802.jpg,15,test_unseen,False,d9b79b689b5fe9ca68b2198733be124fbebb12fc601dec301e7919d1b4fc442e,688322c60345f63f0e792cd57d557d6666c99459bc7b0952237881f5d0a3be2d,2290358269417957159,12781606968505426468
9456,161.Blue_winged_Warbler/Blue_Winged_Warbler_0056_162013.jpg,15,test_unseen,False,2a33ac6b4bf3b09a9f367fb9da606ec9cddb344c198d7d6bf63342f7459f0cdc,db9a5b7e28b756231a04ef259a93f1cf1b101be1c94d187eeaca17b7cb8d0892,886911405646038970,2189431546521483420
9439,161.Blue_winged_Warbler/Blue_Winged_Warbler_0060_161888.jpg,15,test_unseen,False,6d98c79e5700093d54d55776153c1a839c33bc519abbffb4535379392fd5dc9e,a388612cca35c87daa3e98ed06d2b1b6d7187b303d7bcacff586f5a43e4f4964,7443351855350638134,6012952873376958584
9443,161.Blue_winged_Warbler/Blue_Winged_Warbler_0053_161896.jpg,15,test_unseen,False,0c5db41daf5e67ef6bb1501e119eb608964e47649ec645f238e272d61f98dbe2,3f787f47c3992727873d94370a78f9fd4da9085ea9c2a7accbeb9781146a062c,7035875612593501094,5100272939875995716
9467,161.Blue_winged_Warbler/Blue_Winged_Warbler_0007_161785.jpg,15,test_unseen,False,6e9732b48808fd0fb0473e6dc32ab188a1612273fa88957ade402f0ac2ccd1ed,c4630a0c5c28d0002887e433283d122e5dfd8a004e2e69a5e680018485934418,6024191481016208579,3544826333254142156
9426,161.Blue_winged_Warbler/Blue_Winged_Warbler_0049_161856.jpg,15,test_unseen,False,19c2e628628dfdb0c34a9f598f9ce9221a454a751993984516e7149181dd04b3,fd8e5835cebc2419e3c173984d0e9b161b000d154c709986bffd3e71d7a3a888,8691036224656972870,12940726559292758807
9431,161.Blue_winged_Warbler/Blue_Winged_Warbler_0042_161869.jpg,15,test_unseen,False,cf188107c769a2aed867c4c7a7e0771aa96b7af199f5336f3b0257adffeb4565,100a55eda5f8f24e94ca50e4d77e65273df687398e0030ce7d8a989cebf31173,6583036466122918244,1808503359283528750
9428,161.Blue_winged_Warbler/Blue_Winged_Warbler_0067_161860.jpg,15,test_unseen,False,bd3bca7929d009a3fc163d55abd2d30b687db0aa39792edca21ae85ac4756efc,19572cf01a2a548027b2120bbf91ca4fca6e4613236c7d7132fc1afc3fa64bc9,6477993011638391850,920075673156508530
9420,161.Blue_winged_Warbler/Blue_Winged_Warbler_0057_162085.jpg,15,test_unseen,False,6a5a1c142cf6ca69a692c2c4f39c4fb0508c0590ad9e43b1a0153fb82ed11b60,1d40cb2ec4cb7c5a63a53d00342744c7c5c00532d73555c9b40ea0b5ff73670f,80742572092110641,14463542006351827668
9470,161.Blue_winged_Warbler/Blue_Winged_Warbler_0094_161790.jpg,15,test_unseen,False,d28ce45ff2570d1484cdac9796673aaa1a910b4b7495c3662f121e6720534637,5cf937fd0b29b4573a895851c72745535431da5b54153e44301718bd7b1d9a89,4388097066768148299,2798536457498008855
9436,161.Blue_winged_Warbler/Blue_Winged_Warbler_0017_161878.jpg,15,test_unseen,False,51318ea4b3f8814a8ab93e29dcc91cbc7f9803e024667dbafd79c694fb8d4fe3,b4bd86797646b46fe3823351f1b8a3badb5f0e4111338f4afeb2f199e42f1875,6189028415641101668,14448750781348095125
9435,161.Blue_winged_Warbler/Blue_Winged_Warbler_0066_162062.jpg,15,test_unseen,False,face00ba9a51b0987f6ba48c629b436388b4a49d67c64bec33329699a9e73b35,97da03acf43cc060e5178a0623887cbeb8f67c304bbb87fa27b78fe65f677e69,3265170122190010336,10413255345272140607
9455,161.Blue_winged_Warbler/Blue_Winged_Warbler_0004_162005.jpg,15,test_unseen,False,98f225e6a861fb30b86d589e9c0153e286dd60601d406d45fb09e51f86baf849,02aa0e89b6027712991d85b79d4ce8c9613a1c91da9e9c24ab357ce60b094787,8398431222311969563,473692038987816093
65,002.Laysan_Albatross/Laysan_Albatross_0070_788.jpg,16,test_unseen,False,ed8d2b278e24535460a64dd789102bb7703f4409981720ceaf58bcb4e1bb8c35,38856cfa198d10ce2b74101eaed1f0709d3915e656a64f5ba35c3b7332f70f8f,6668994758783482932,7404676556386274564
70,002.Laysan_Albatross/Laysan_Albatross_0001_545.jpg,16,test_unseen,False,aa2bbef70a31772b8f0fa736118e8ec055a732ce7076f4f34c32b888043b4d36,389101c39308e1a8e7186a206a69835a26dd13f709a2ee47458db07c8804244c,1974455363976979641,16083310199565074173
63,002.Laysan_Albatross/Laysan_Albatross_0082_524.jpg,16,test_unseen,False,f6503656eb130657db5c7950a4cf880984052a3e2b0f569075f237de534bf021,c412203e276f58acd711b68cf2177ed2c8770086b8b56835c1454373ac63e619,5176386820830421897,17934715133494731988
61,002.Laysan_Albatross/Laysan_Albatross_0002_1027.jpg,16,test_unseen,False,28965a17a5bd63f94f794e6fd27cfb1c270eb0209d4dd7e86029ade98098bcd9,ef79c7829a92b61e7882a0631d1b4da729f19d6ebab8d242d2c9239195f0b4d5,4916553569116865459,17335701484010377936
76,002.Laysan_Albatross/Laysan_Albatross_0060_777.jpg,16,test_unseen,False,de120bf734f4cb63c603d8efb56075874baeb4cfdf4cb5934f2da4dd9a08c9c9,c0ec1899b4a3c65ec58e6d85a21592c7b68b9a1df3a895ad01b915bdbe8a18d8,5563694622918204646,2607076706786358214
71,002.Laysan_Albatross/Laysan_Albatross_0023_1059.jpg,16,test_unseen,False,130dbc59f1958455dae88a86f888a8a16c5b69301182cf2b9aa05a3ad04889b3,4afe1bd645dee276700bdacd393a628b62a8d5710217c1d45f2d1e77de82a277,7849124599053880948,7364343766114861923
100,002.Laysan_Albatross/Laysan_Albatross_0049_918.jpg,16,test_unseen,False,d1eb9f479bb183f25b5a3deaf738e5824d7c5ec7effbf9f7f4abb47034bfde4e,ba5d8719068a8b9790c0ec67ebff198d1a53eec5db1a7ef5f484bd9bc99421db,5499620432619947635,11906507183562838910
112,002.Laysan_Albatross/Laysan_Albatross_0021_737.jpg,16,test_unseen,False,ac0de6160617828917c9b10061c12d43188366c798afed1576c3933d4a7ecf8f,83592c0bc1c9f111302fe04be337533d5687361b31aaa3c72677df7aa4eec04b,6279650556921452772,17216953824776308780
94,002.Laysan_Albatross/Laysan_Albatross_0033_658.jpg,16,test_unseen,False,194ad2e978b6cf1c446bacebe3708b8e741155d98c04a03920ed69358a07fdf4,d983ba80fd22e5856c523b168f267b16e4d0e792bfe062b4b45e0f544eceab13,1971394336224717881,4069558169942160628
83,002.Laysan_Albatross/Laysan_Albatross_0102_611.jpg,16,test_unseen,False,7fa718c680a22e7f4e4e0922f693fb2446ac7762df2e9bbf7f4ef2b355c49831,632e6d2dc42b9ba023058e3861eb2eee431ea9283aa01e31d623b2139e99c010,7666698396214568310,16293186877454136177
79,002.Laysan_Albatross/Laysan_Albatross_0080_821.jpg,16,test_unseen,False,af86e507bfbd53afb32c3a5fce19e4c0a1d011b542cf1429a59a8824ba617e13,cc05556cb771a3c4cc45d4d625b50815c2d2c367ece48904eb60cad3aac78b7a,7173280257342017174,16771519959800564040
107,002.Laysan_Albatross/Laysan_Albatross_0004_930.jpg,16,test_unseen,False,fe6ca3bcbf5fa9ab7e450d12a0b2035c32d0dc542d915e36dd98ecc02470d09b,981b1b7a8b00d1170b710931bfaa6ec000e152f820e17bf3cfa7498885934168,1812600826612029937,16968177535516111196
87,002.Laysan_Albatross/Laysan_Albatross_0035_876.jpg,16,test_unseen,False,53a928d6a37d89690a8a554c19e887d1535586d14a90d011f0ea12032da48b26,029cffef1e7508becb2dc5f41825dd97b89fc750fbbaa23c16b1ade47f8281b8,3480171881921442366,14044093480281349016
118,002.Laysan_Albatross/Laysan_Albatross_0103_504.jpg,16,test_unseen,False,7b3a911781f28ac765ca4311b71abdae0ad15dc42f75a91b10545290d3b7092c,2ca336055d39c6c7a1e1c11695c5bc003aea7c3892e30034effa235e7d6adde3,5498529264458560816,7792552207591848592
101,002.Laysan_Albatross/Laysan_Albatross_0012_696.jpg,16,test_unseen,False,3cba6ae7499a80654d1daea45a01ef6e2c4e47be8c5b5a1a17fac48f7f6c706f,13cb759c0fbcaa89d1d910bb6c23a577793aa97b46b6a67fa4fa5de8f90d32f3,8905063689205040740,3899136904765703059
88,002.Laysan_Albatross/Laysan_Albatross_0098_621.jpg,16,test_unseen,False,7959048b2d2a9388392ad13e194a5ea327efdf8fc96ce5e97f457a35a1665013,117d2df1eebf9299dd4c23938304fa03984a1c916b253b4436c320509d7ece25,2416490108187066076,17355385078872477368
91,002.Laysan_Albatross/Laysan_Albatross_0104_630.jpg,16,test_unseen,False,7609ad3803341fc0dd41c3bd6259758220868320a9f9016528620976b6aa23d3,cf48ce2979c5ef1efbd1786947558fb639b914a04db0f9a98fec2a432050db6f,4090339389332797895,16337250295628599393
95,002.Laysan_Albatross/Laysan_Albatross_0075_668.jpg,16,test_unseen,False,5812e69851dbf34562a50ce465d6fe6e095c2a5b12c3cbba2f9ca164aeb21254,53f700bef0a5594b6a7f390838504ba4026cd3da23bb4b2aafce425a977d8b45,2028255438250385532,18426115956554092833
108,002.Laysan_Albatross/Laysan_Albatross_0093_725.jpg,16,test_unseen,False,6d70ce346621d4e2d7e4c6fd7908d753cd816a0b67b5a5ddabc395b3c0351e98,6ca949f43ba2cf7c55c68c380caa8e076def3306e2a6c5b45fb79e365871302a,8784569711676398053,10962768186414523496
98,002.Laysan_Albatross/Laysan_Albatross_0064_674.jpg,16,test_unseen,False,a71a03168db624348b4701ed107711920b0b4d1ec856948c907c5ede0c29e237,577d5b7a765debe859b1010793aaaa146f029cd92b86adc4a3349bcade562516,5514222283631404946,7232891185496986162
8032,137.Cliff_Swallow/Cliff_Swallow_0056_133921.jpg,17,test_unseen,False,e657758c7c8a0766149a6e17395c309bbe096d483b3bde42899e228025397f71,56598b67920fffda8755a1d361cbd89a7d2d1cc3ab11d2fa833a9b2f427fb92a,8459899965463600218,2130029751549465554
7998,137.Cliff_Swallow/Cliff_Swallow_0036_133168.jpg,17,test_unseen,False,8d9d0a3aa51e09b3eac7fff349adccad78640aa520240fb5202fa6a06047ed40,9a87cdfb908354ed655b7edf91748b42affb30ad1b786ec2cd20914f675a8349,7884003674703961188,13480174338949888342
7996,137.Cliff_Swallow/Cliff_Swallow_0031_133164.jpg,17,test_unseen,False,a7853103322b49cb871ac619d1fb96027ea8d18a96656fbfb44e3049eddb5023,b32f31e93246fc981716a9c63f48a0036390d73da28dd2ac0ca86f7db98dca40,3772279471020990927,11140379005123700324
8029,137.Cliff_Swallow/Cliff_Swallow_0052_133055.jpg,17,test_unseen,False,ebac2f400cea300ffa48ed6f9f59847ca40c9b10f1b9aa3901b1fe7af95bab7d,255fd70bb24e09d29e4bee58726a644e7f82e9c65baa9faacfe3e169b230a198,7398315620819037329,1168691002295445632
8015,137.Cliff_Swallow/Cliff_Swallow_0003_133496.jpg,17,test_unseen,False,a7e81d461b594db637e628534c0940438c5e8902f94ce1ee78e340230eb1c4a3,3a294ac670f490425d7dc1407158d277f918aeb023640f628bbd4496c85fde33,7406618267879894061,14543995575023707323
7990,137.Cliff_Swallow/Cliff_Swallow_0039_133645.jpg,17,test_unseen,False,7ab1c4044714633bef112f43290801f388b8582915ef03b2ce4b72b336175229,575c38ed47a9f87162c62835a5d68bd129b193ec8b00f0d3a666021bf59dc538,5360866043655586005,7134550512000662320
8045,137.Cliff_Swallow/Cliff_Swallow_0073_133116.jpg,17,test_unseen,False,24ff564d8383bb394fa56db9ab0f7c4f9b1f41fa24975cdb90f0c5959ad51b82,c4852f00f311aabb2fce4196fa46cd99cf3ba200a28b126fb9bbd75e305aa889,828526227698350342,2784616395996888816
8022,137.Cliff_Swallow/Cliff_Swallow_0083_133771.jpg,17,test_unseen,False,669cb93ac3c603ccee078ebee890ec4c00bd9c2c5cbbba0b0609b8905f939f11,6344b4d14d4ec4c72af686c0fb29131c5551f5a04fb07760107bb1057d547943,7220002906174228249,10164384691323798483
8017,137.Cliff_Swallow/Cliff_Swallow_0061_133259.jpg,17,test_unseen,False,c8dc75c439d28f4477239c8d8335f4ba58dc4df254d641fd317eebda79aa4793,9a7d21ea7f146b33025d8319ca95a2f1a049b5f7aeed31e776c75e460acf2ad3,1860873319763896089,1736516232270830232
7986,137.Cliff_Swallow/Cliff_Swallow_0012_133527.jpg,17,test_unseen,False,e11dbcaac6b5e981c9ed4c782e106cf5637d7d3516a2f08d013267700f88725e,9027a5a8f39ebee06120e197945695939de77262a7ae4287c9ac973690e5b2b5,8194457060464440851,6960627785547927248
8027,137.Cliff_Swallow/Cliff_Swallow_0017_133806.jpg,17,test_unseen,False,b402e7ac8b6f844facf7385f322b600b2a3424c8a06ae2b3dd674842f390db3a,2348e54520dc0f1c76e9dfe02199e35829b5f51a5e00722428d65a4ad9b569e5,8233403699434633078,16267437862517808391
8039,137.Cliff_Swallow/Cliff_Swallow_0081_134119.jpg,17,test_unseen,False,3465e29a9e36ff1f117f70e8c4c61b67ab66a0a09f52cb40140f7c6dff90eaab,a692251997b73426c8fc22a77ba6debbf5bffa15b87e6f9fc42eb176d83f3f35,3038474844906285666,17937728684885011766
8036,137.Cliff_Swallow/Cliff_Swallow_0063_133852.jpg,17,test_unseen,False,f985fef278b0725902ec50ff18c986a840e38ba7fd7777866f0bf56b378617ab,680e97f4ee72a142515a3c1fc37b140e3fa5728d59ddbf29bc41ddc974bf5310,5929284777771551695,14543162842133896505
7987,137.Cliff_Swallow/Cliff_Swallow_0084_133974.jpg,17,test_unseen,False,04518e75518bb91a5d709641e3f8cd378c202177927751dcb4025706830b16ba,928392e84a078a75e2737bf84980e1c07801aee925984d288a9bffc3ff70f6ab,3694865223499895244,17939183988309814524
8021,137.Cliff_Swallow/Cliff_Swallow_0060_133280.jpg,17,test_unseen,False,c27637f7bcf98365bd122da8da92ae950c81dd42336cfc8030f520e28fc351ab,441e5a6c5e6f7878edf2bf050032d4e5f3f6018dacece7bdd2e751770da95efa,7812786130827919773,10828786235292923641
8009,137.Cliff_Swallow/Cliff_Swallow_0068_134236.jpg,17,test_unseen,False,dc914e2b78ce93f74e955687965949e803d164b7c057fcda458cd0533c49eff1,c2a73f0bf547805a11fe185d490977e9416518c83d5b0ae41efa6ac37d2c7f52,4547444979120934340,9167990861290475271
8033,137.Cliff_Swallow/Cliff_Swallow_0033_133836.jpg,17,test_unseen,False,f93c963ae36aedc6e0a343f3735e58d6748cd66d2c903a2d08b563940904bd32,90426b564aa78f2a59f9f146b3759ccf7c03ff38f703a0167702ea91c47d76f4,3919197226173734119,17045013177356784742
8005,137.Cliff_Swallow/Cliff_Swallow_0027_133203.jpg,17,test_unseen,False,395d383ced5b406201b4ceecd9c7282dea79e1534fa1843047715ca6ddcde1b7,a08c4941ceb913c6616aff32b3e30cf1d65fab515f02f84e02f86469e40cf706,8108669391444423996,906373670519871277
8037,137.Cliff_Swallow/Cliff_Swallow_0041_134111.jpg,17,test_unseen,False,a49f209c10dff19c61f9da1686c4b07c7cba975cd18001fb90795d721e72f4e8,b98aba4fad305c3263e8a62453d0052a09e4e3c9121a9f423000f15915cab711,3905634267588444443,10243675175091845739
8013,137.Cliff_Swallow/Cliff_Swallow_0006_133489.jpg,17,test_unseen,False,beb67ea805417f850058ec6c5633ee67282445d82d13730ab005332d81c60179,c3640d8c8cc850c16c78c36b8f39a0c3a68ccc3a43a094f5681a1b41c552f0e3,3537805000503269606,17359318934013661408
3511,061.Heermann_Gull/Heermann_Gull_0013_45771.jpg,18,test_unseen,False,8a5dc3a9d5a7a5d618f97fb6d89c29439f9828ed1e61b2725be328fc331ef065,5be964b782d10cc9ca9107a05f1283212b0020a377f323e4ef2ad7d157964191,7846558742251672666,17220013073599085528
3494,061.Heermann_Gull/Heermann_Gull_0059_45642.jpg,18,test_unseen,False,ad68ee7b685fc58c583d32c8e331a1eca789574b686816d7c4324f2aec25cf7f,440a09480ebbad51772c4da9e485d7f2e020b21b3bb8316bb6258de31980680a,3982462150756940003,10566647920585501679
3487,061.Heermann_Gull/Heermann_Gull_0093_45576.jpg,18,test_unseen,False,01aeb3747ef86681b456ad1da4f2bafc5837cf527272963619fdb4f2f25298b6,27402273b4258c7743622b018999fcbadbc1ee04f663970064575320472285b9,7175527683962686309,11822593663283450404
3505,061.Heermann_Gull/Heermann_Gull_0071_45735.jpg,18,test_unseen,False,3efe7d2f3f00290629f1653afd763d9ca8574d31884cd56078da49250705bd56,a4d8154f1149bd85075c239d73efaa7246420eb73638d34ff52c7e29da5962b2,3432820542386752365,18177165156343348328
3537,061.Heermann_Gull/Heermann_Gull_0136_45416.jpg,18,test_unseen,False,c7eabd9fac65c443f5aaca198551a35992518c86452ce833c5837386e7110163,8472838716128671e22136d4df3d918104d8cc831fbf8b711249b2e495732479,4866096976858106212,14468025100417571248
3490,061.Heermann_Gull/Heermann_Gull_0109_45619.jpg,18,test_unseen,False,fe577ec65de8d1cd860cebbe3a752824fddde4546f99da7f63f4fff4b036b7cb,370a9582381bd77797ed088ef81439fdbe544bbddffb884a5865fbe8322da705,7389448916126243564,15051206764765170880
3489,061.Heermann_Gull/Heermann_Gull_0018_45608.jpg,18,test_unseen,False,322b4170e86c349ab3c453a203230d99091ba00878328735f6a4274b96bbc17c,2ad6285f623108931be664f89d200732fdfd7422c68eb4974d99bdf14bea57d3,2781141433918934372,17933017936483502324
3527,061.Heermann_Gull/Heermann_Gull_0091_45363.jpg,18,test_unseen,False,b925e423566020049a4fbf9ec982f8e9146adae5352d6584e4e17ecc1c56ee87,aa8a5ad8e81206fdd31f39c7e9009e5430be5be947deefc0ba7d7ee3aec6fbcd,4161685383272449984,5769138173174663228
3536,061.Heermann_Gull/Heermann_Gull_0133_45415.jpg,18,test_unseen,False,44ce4a41120a79d053b70ad864333b97aba51b86869d0193254768a60ecc3d70,0e76e4149c13939255a2431d09a82353b95621fd3289317d136b8297d460a720,1453758243805377717,15705385454913048696
3491,061.Heermann_Gull/Heermann_Gull_0051_45622.jpg,18,test_unseen,False,ad4100c3de680f2237a7825b756b2b4589fe05f752ff0ec92f9d947fbc4ec95e,6158852ebdb7388be25d81ad56b598f2b458bfcfc2d4e4b834606bdf1e4ec704,7824744632205888151,15139216311210706463
3496,061.Heermann_Gull/Heermann_Gull_0087_45658.jpg,18,test_unseen,False,4b455891c5f7b3775335c5386970b739cc0f1e8f3e52dda9fe714b94f0b59f9d,0becd0d13de30b5877aa51d6edbc06d3ac78b72e140191b5bb445b97b4bb548d,7354264365938623081,6876407723463391917
3514,061.Heermann_Gull/Heermann_Gull_0097_45783.jpg,18,test_unseen,False,2674cc88a38d0105ea738771605d29df2f9de9b69619a74ebaca6d029694991a,e4ecc417f841b6da4c72dffd911d58d996c5a8fa3711272a68399336a0a8e65e,2866989999294659041,11192029360545490071
3529,061.Heermann_Gull/Heermann_Gull_0121_45375.jpg,18,test_unseen,False,38e4971cac2c1ea1b63e1a5e0178856e11a21580b5420e3e2dc56979d7c1c41f,82d4676437dc1b3837affa9e772f4420585c931c3f357321bba191612d759011,3733708516853452570,15328227402130870109
3500,061.Heermann_Gull/Heermann_Gull_0034_45693.jpg,18,test_unseen,False,76f518fd689097cecccd700016fc630e45b09bd862d3d541680eb5617fbe71c5,d74a32dcc273a2a29bc37c10e2adf977fd328772eb316d0551a8b79142777e8a,2755316496710637945,4654807135832188032
3495,061.Heermann_Gull/Heermann_Gull_0111_45652.jpg,18,test_unseen,False,3912b825c859d34247a41a40e1d698329b5f4dbce2434d83f07551320031bd9e,88b1a9a2db4dc9d212f9cbecefc3991fd201670472a32b799514324f912f95bb,3551532844723059767,3883116711379758110
3526,061.Heermann_Gull/Heermann_Gull_0027_45864.jpg,18,test_unseen,False,bf8a719c637189daf2623b942d7a1c5f3d46f2e3b83ef887aa5a6612e0e48a3d,073b12736adfc6169274bc7fea2a15d51fc20409d1807a63f373aed03461b68a,7316602915655011270,5972339419045692681
3528,061.Heermann_Gull/Heermann_Gull_0083_45879.jpg,18,test_unseen,False,532b6cd214388f3a4a44e9f130bff2ddcad18d96e29ca0901b7ed2da64aa409b,877d47fbb26f72e74b369328d4d83bfc6593e3dfeaa7ba69dc02c0faac1c438e,1354134551741168066,17999076698131224792
3530,061.Heermann_Gull/Heermann_Gull_0046_45888.jpg,18,test_unseen,False,b61927e73d5c20de304f3eff9dc201624578a8519983eb16c669f2496deb7750,5686105fb161ca9baa366994051bccc11e92d3abd8c49378e4208e8c5603235b,7474020882002234790,7599008109671375989
3541,061.Heermann_Gull/Heermann_Gull_0110_45968.jpg,18,test_unseen,False,6b8ffaf39d8ce6fcb2c866a20d3367e160b23dc5adc830a5dd0336a48b4e6c93,ea0ffd95fcab2cbb0379dfea65d51d971e2be2c69f6e33372f90187a399ba84d,8114533725218496711,3760699323420837914
3492,061.Heermann_Gull/Heermann_Gull_0118_45626.jpg,18,test_unseen,False,9ae63ae174d41d5ff6e53e3c8ff2d2279caf3799b0da184d6eaf503003a89984,c1671b9ac8de7bb6864fd0380d87ea5dd35002a08eebfea9e8c357b10b05d244,5056579154214508045,15627671197738341492
11163,190.Red_cockaded_Woodpecker/Red_Cockaded_Woodpecker_0025_794710.jpg,19,test_unseen,False,bbfb38cbee37b093ac2229ec66648f6bff0237885c40213dfcdb0a1adfbe955d,fdbef26f576033f26c04cf914493b8488046c8d05e20f8bc85fa40c84f0b5433,8608851150776122308,4114634591322396772
11170,190.Red_cockaded_Woodpecker/Red_Cockaded_Woodpecker_0034_794720.jpg,19,test_unseen,False,f592b0efa0a61d34ee479ff15c70874b6216b4af745ea5f43ad256d07fddf0f9,22f0cafd1aa5ee41b1614afa00ecc4cf4a818816de718505ffb600ae4aa746e7,2619576088784393689,11068118177388303926
11140,190.Red_cockaded_Woodpecker/Red_Cockaded_Woodpecker_0042_182373.jpg,19,test_unseen,False,ca0fbbfa79823fd697b1c1eb86d693eaf15ebb535a6823a775e25eac9b737080,6a6022ca322b01e5688aa0e4dfa60ed911d5d060a5619a3db3fbc58e55d1ac74,8710079547651695779,11209889553589275945
11184,190.Red_cockaded_Woodpecker/Red_Cockaded_Woodpecker_0031_794737.jpg,19,test_unseen,False,25af8ae2725d5a358340cc2245508c9e80c02f2be63684924896272ff225f0ab,be11781bffb393ce6b1c953020c275258f2ae9f5a20bcda8abe18f5470eb2b14,4291355866611597667,1681904378909759261
11165,190.Red_cockaded_Woodpecker/Red_Cockaded_Woodpecker_0017_794712.jpg,19,test_unseen,False,7fe443c1cb8750b108e6c834b9e06daee0af98378a00116bb8a4bfa633be4b94,040c70a4635879f9109303278eb95ecf32a0386ab666571d747b68ded606a5d2,7382412768243320014,1805113377405487421
11161,190.Red_cockaded_Woodpecker/Red_Cockaded_Woodpecker_0024_794708.jpg,19,test_unseen,False,57e13957d759d1b3e3b9454b2dee4064fd6de853dbf68dcce7d0d1fa963c4e10,c6b836e2d70e3ba1fa2e16910a09566e7f2726dc6a0fb5dc724c3e7ff50c05f9,3529921074638240001,13377150004542281527
11142,190.Red_cockaded_Woodpecker/Red_Cockaded_Woodpecker_0048_182599.jpg,19,test_unseen,False,1ed2b17ef28833f3aceac0a43c256f7f192afc95d13358f6a4732b1f81f1132b,b871e9c1855282fff757cd19ca87418d1e77e9bef1abb56aaeeef490e75e4d6f,4006957253433430461,11127353489066691980
11171,190.Red_cockaded_Woodpecker/Red_Cockaded_Woodpecker_0047_794704.jpg,19,test_unseen,False,36f8535002d734605bdadd427a263afa4156fbd2a1c6cc131561d600c33f40af,0ba57b8505937906e6ff1d197965e5e631c58d7c070e2494c63891be97e2a60f,3014575407911646345,6801084468529933067
11138,190.Red_cockaded_Woodpecker/Red_Cockaded_Woodpecker_0001_182541.jpg,19,test_unseen,False,3f5cc6183b1bdb22d07a58628c594f1b91a52bf5dec3d86ceaef113fce5ab167,de2706b23c8c529f697f7fc944cd77a4e8526c20391e1c97c566b0d3e76fbef9,8203622225275150094,1157585467995652433
11180,190.Red_cockaded_Woodpecker/Red_Cockaded_Woodpecker_0045_794727.jpg,19,test_unseen,False,f383dc9d1d587f077d1071466e65586e427ca603c6674a8c6f738b714e12ea0b,8a8a4efd91d0784c8c7b2435ccc3e6d2caa63fb85e097e3029160ad3c0d5f846,5317851978874524614,3617115708603425778
11187,190.Red_cockaded_Woodpecker/Red_Cockaded_Woodpecker_0050_794743.jpg,19,test_unseen,False,f3db793d7a204a5f9480b4b6d5b53c8c07bcebb6949a6cd11169b49bd57aac0d,4532e676f275f5cff3143a482b3356e69e6a74aa1d3c6c6d41bff58131e5481e,3616773710162924902,11511093839505735479
11136,190.Red_cockaded_Woodpecker/Red_Cockaded_Woodpecker_0041_182408.jpg,19,test_unseen,False,cc48a171f3a7e125f561feba1403f9206c4caf930b7ed2c04c81d4e09060d5ed,0c8dabcf57893f4aa44d19e83189eda43ac3cc6317016b6b897ed3d9cc1031f4,3708236629931199663,10995589272183905400
11164,190.Red_cockaded_Woodpecker/Red_Cockaded_Woodpecker_0030_794711.jpg,19,test_unseen,False,3bcbda6c18152007aebe1a1c9ca74fb5fbd6b02301b43164f3e1395a4aa722e7,db892b8caca79a2e342216fa2eed099caaef70b4bf158da2a9ffa658a16a67bf,8702881078892945600,4262031485841512629
11167,190.Red_cockaded_Woodpecker/Red_Cockaded_Woodpecker_0016_182493.jpg,19,test_unseen,False,6b9f8c2fcbe989b7327c1fc93b2c9df88a21efda1715654be809470bd7619325,cb0da59ff5593e6cbbeacc3cc2b4e28721a9f21b0fb03ba8c9fa28690dbe782b,3000722613622444924,16109146237543528763
11176,190.Red_cockaded_Woodpecker/Red_Cockaded_Woodpecker_0044_182374.jpg,19,test_unseen,False,c5c6d279212f9be6be1df2e86e4849636df5b11c92adfa8c8a0c64741784b643,b5fcf4035ca54a092208704b39f5c55d01bd4ec7038db0cf0f768cb7e2713188,7154467218321348503,14794056062596943181
11144,190.Red_cockaded_Woodpecker/Red_Cockaded_Woodpecker_0049_182452.jpg,19,test_unseen,False,659710842aed55f045a40e1ef20545cf3b35110ee3173f2d613f26a53a932152,6daf076bdee94a684648144857cf9883f10bf62ac44ba29252ae05123bd31b44,7869636052212016714,289996497897075219
11152,190.Red_cockaded_Woodpecker/Red_Cockaded_Woodpecker_0003_794695.jpg,19,test_unseen,False,c1e3e77ea994972d163eb124924a241ac1b06966aa993e20c29b66d1cfdd950e,8b9d098d5762869e60e5030505c40bfd26c2c42e0772662f85ad145ee5542d9b,7643985127819635992,11950707473642510797
11186,190.Red_cockaded_Woodpecker/Red_Cockaded_Woodpecker_0013_794740.jpg,19,test_unseen,False,b960d735e4560b6be35776d1f276501c42ca680ce78cac2b9b77447e6cfa8b6b,543461293b3c82d333d17b7c193fa039b483721f521475eabeae4a5c8c5e8f1e,2990792806705255363,13747188776359822855
11137,190.Red_cockaded_Woodpecker/Red_Cockaded_Woodpecker_0009_182540.jpg,19,test_unseen,False,e78ce24b40ed2b9d0340274f345526acb22f759ef5c84955a8c2d2f664b5cff0,bd677512bbfee2b37274c38450e2f98f4c332ed0404349e6c78cc41673a73a0b,4519314978311861258,7812686554478482209
11145,190.Red_cockaded_Woodpecker/Red_Cockaded_Woodpecker_0061_794728.jpg,19,test_unseen,False,5bf753ea82aeeb14011c6eaad4e2ffce53241f2b3294ac34ddd169d5788b1ac3,7843b4b5f20fbe07d9a4451133b0000e922d82edc4ee90310dffcdc5cda0daa5,7546217433805312946,3509312719495177505
9542,163.Cape_May_Warbler/Cape_May_Warbler_0085_162628.jpg,20,test_unseen,False,0615b0d29be888922bf0dfa8420abbb9458a8bf7f8bf9d3aba84d07788e785c8,0fa3e8a0b827c6011fcc38376124be4c7c202223f14335d6fba51634ff045bc4,8850221544823532577,10993738098339830326
9547,163.Cape_May_Warbler/Cape_May_Warbler_0048_162915.jpg,20,test_unseen,False,6a52fe8ebb02f8de53d1f823729c5a52963c09814258134bbe4187e2f0d271d8,c81023bf5d727cb79226792468b1420b9da058f2b4aedcb6e15949ecd9d9ada0,8614343803719457251,3667140767604656408
9567,163.Cape_May_Warbler/Cape_May_Warbler_0053_162950.jpg,20,test_unseen,False,66f2001c54c9ac1fa40148378813c996163a838e2087c0099f01fdec5e04c9e8,69140212f51f2d2c3aa95ceab93e69988727351cc495156e4b451d329750f8d1,6349907181237996319,376456102661956141
9573,163.Cape_May_Warbler/Cape_May_Warbler_0095_162965.jpg,20,test_unseen,False,27a3637810dfbbf5a39e35c03e3950f6afaa17f490bd92815945493b8445e3b9,83f285032f61a5b5a927882d5993ef3c966865e70fb8245b1447aab0aba5896b,8505943238942222994,14658593993416761996
9556,163.Cape_May_Warbler/Cape_May_Warbler_0055_163171.jpg,20,test_unseen,False,5ad136bff39cae0ed0a8f0cd365fb3c3d2eb3769f17b2bc44cb47a678d302089,780f63f53e65d2a5f7c46ed03c28673764f57555fe3027c596714f86c7527b50,3343008881311888943,16195885431142666472
9558,163.Cape_May_Warbler/Cape_May_Warbler_0003_162920.jpg,20,test_unseen,False,7fa978001aef8ee7477b3296a557858b360db88808e81df66b1ca8eb37806f2e,f3c6e37ce005befb59075f13b691f9606599277e03bacf14aff79216d6300263,4015409607796410034,8519135690947382896
9537,163.Cape_May_Warbler/Cape_May_Warbler_0115_163121.jpg,20,test_unseen,False,fcf5786f1644389cb6ceca83a4b1342764cb94397fb1eeb989c4dd5688ac1a68,04cf8743183e4a0b686526f0bcbea5f1e3e21142aaa3c2adbd1b11f5dadd5074,8621723231357017164,15009525642277144136
9571,163.Cape_May_Warbler/Cape_May_Warbler_0104_162958.jpg,20,test_unseen,False,11de132b22c6fac6c7337f8e6a172960cdf4c37aebeffe86b3870014af98670a,78f8d57337ad0cfd7d303e2483543df5da6098802b1f3362bff80897be2386e4,6711039993201507265,2226301278234894406
9534,163.Cape_May_Warbler/Cape_May_Warbler_0093_163089.jpg,20,test_unseen,False,0bb49c999947ae4a9582ec6cdf1250a22424d4c11d07040a474700b806709559,25e07023fec627d74c60f534c7f7fae8a5d0062d078b8730fc8f42c5d267cd20,2379010479033535596,15766748092820591501
9539,163.Cape_May_Warbler/Cape_May_Warbler_0122_163131.jpg,20,test_unseen,False,e7af9b15ff2946ba1f8bb360312b086d5df02ca13e422bebc094bf1824ccc365,cccd3ffcd52811b5f53062a9ea0eaa3510dd67f62b2084a6b73e009d70f36b0d,2579007207510595642,17189072014431669406
9550,163.Cape_May_Warbler/Cape_May_Warbler_0007_163087.jpg,20,test_unseen,False,5eac674e1a80bfb08dfbc3e89629882f3e16a3b1a1712d8bb504220ef9ba7b62,5d00db48a3fae2fe339ebf8498f1526b42d6df496408d4b162f732f2cf1462ed,3739477567322811461,14612434895579502937
9587,163.Cape_May_Warbler/Cape_May_Warbler_0067_162539.jpg,20,test_unseen,False,60acac5e9919d97c45f9e6be437585d76c78d38db6a5d831f32437569d0c204d,01303ceca810e094544bcee59de0cff7f89ccab785579903ed3f9a931128eeb5,1744390699033716190,8950952734342902193
9580,163.Cape_May_Warbler/Cape_May_Warbler_0092_163057.jpg,20,test_unseen,False,da8d5dd933a9d923e20100c84b40e6dcdd6b93a13e39f22b8b553550f1c09951,3b6aad62806c56b8a4103c5568402954fcc4f49868aeac1fca6d80824c737fb0,2741842256962500889,11583818872920001560
9569,163.Cape_May_Warbler/Cape_May_Warbler_0062_162955.jpg,20,test_unseen,False,c93f1a528da03cfbb08bd317d182358a929aa9683388695b5a111b22a3ac12c6,644baba8aca8b52e8091501a298c52ad583474230ceb09eabb21f36d0693bf5a,7898426585401943588,6517311422144611123
9560,163.Cape_May_Warbler/Cape_May_Warbler_0100_162923.jpg,20,test_unseen,False,0b173e5b0ee952d7778b4a719834a7e188305726093f45ffcbd3385d2ec8d89c,e1e34fe02d1d17f565b5623714b3eabdf0e8ccca56d47696a4fef35c7a85cc4f,5507784893232981274,11778992346777430428
9577,163.Cape_May_Warbler/Cape_May_Warbler_0119_162976.jpg,20,test_unseen,False,a95232bd3c72ac31921f1cd0c6800d5102aab827e613005c10ca100957aa5805,5e23bdfeeeb7add5f99e2209cda1104d70737f5e66948056740ff8e0b9fc567a,1375411304994055660,8789052823281769370
9584,163.Cape_May_Warbler/Cape_May_Warbler_0008_163062.jpg,20,test_unseen,False,32452010b59313aeb56d67575d39eb9b01fac1a022adafa6c0c44e21581c98a1,e606f430281d799d91422b8fe8e359e08fed583b3e85d82f975f670216bc5de5,1754327317195872709,6373070220804714078
9541,163.Cape_May_Warbler/Cape_May_Warbler_0033_162657.jpg,20,test_unseen,False,551826da8dde7a56d7570e44aa266bb4a18578300014966eacb16cebfd1bcf50,0e70d0dd9c419556195f469bc6395aa559a85f7bdf78ccb68e52c73010f3bd85,7838393595713078173,2603752831383320507
9586,163.Cape_May_Warbler/Cape_May_Warbler_0124_163037.jpg,20,test_unseen,False,b7c32f813077bdcb14d7db46dfd29a6eaa868cfe5ccb97e2dfe2b42f3f7afffc,fcdecfea6de577842819e2acfcdb7d34a5d5e91d121286e1736963b046816b04,3988056661610315937,3692314082077798255
9549,163.Cape_May_Warbler/Cape_May_Warbler_0015_163159.jpg,20,test_unseen,False,b8a9c19d5e06b9c36d22cb399b1420fc9245c5b186ae95ad40b65c5b77c9075c,52aea788bae4bb377fbbf6d6f8a46a4a561684c36362be0e0e33bd0885f17b06,4925069077586285635,17353186047035753956
10549,180.Wilson_Warbler/Wilson_Warbler_0066_117820.jpg,21,test_unseen,False,27f7877e8a908f2a01691186f2e9accf9b7415de7f5aac4590c0704a55914a2f,5c19c76acb5c5c41cf705b5c7369423257aee82bcc23763a2bfa3fe6bfeca134,3638611797273826201,944413864421546632
10551,180.Wilson_Warbler/Wilson_Warbler_0019_175175.jpg,21,test_unseen,False,44de87edec6ed325e300d0bf29a158a9e58dc5ec2906d247bc6c010698ded558,3f791777554d968f49840bf587a94726a7a93bd92c604ab77ff58ef2a041eef6,8654061830223517068,5555524636928313287
10585,180.Wilson_Warbler/Wilson_Warbler_0060_175420.jpg,21,test_unseen,False,4914831c0d217715d2dd6ead68926f4169eb23be20419591625deabef4b160e0,12ca986c454bd0d3059c9ebe22d27fbe1c63e20b28598f9e684f33eddbcbdcb9,6675013472982853533,10057440309748854834
10554,180.Wilson_Warbler/Wilson_Warbler_0055_175183.jpg,21,test_unseen,False,33228a505201d5d6390165e0b0f5805ae4b63719147a6eb2702e5b288c953e04,41227fd74998f807613a7b734458d70089f66ca07a7245c4ccdf7a359191548a,775564407855780763,7625099565038530916
10594,180.Wilson_Warbler/Wilson_Warbler_0016_175532.jpg,21,test_unseen,False,f304413e96c5d1c1fe255650d9d0e525faab3fc41cb8290391a54f56ab5e7102,80339099b91809405922b0454612e57686ab9868041146529f559d51e9b92f49,4882806046317728176,14540365911733372684
10570,180.Wilson_Warbler/Wilson_Warbler_0024_175278.jpg,21,test_unseen,False,370875851f7a19006d04e2d8a9ec75b620ec9da191f38b7691ed9ba40bd54c5d,9baa69ed4cd4d735212c95c3299f66195c1d9fb14a1f56d5a167275bc3d7658f,6863515955462973107,11646494678511407195
10568,180.Wilson_Warbler/Wilson_Warbler_0131_175268.jpg,21,test_unseen,False,7689ac214fd1d3e36fc70b9f62df88e7b1611a40bec1eb562b28a18434dd4da9,50cdac5de095b20f0ac3b8080e8f92e777538bdd82258eb8e17b5a46c0f9673c,1623798517523202439,9997089695044258828
10584,180.Wilson_Warbler/Wilson_Warbler_0029_175417.jpg,21,test_unseen,False,817df11fdd75ca9de46a33360b1e6047e33c7462703e517fea8a99666155468c,f0b06bc2aad5882609c06ee919ecde583b04a32378f4afd5fe94416035d0d6ed,40489908208847901,13968131732035061399
10592,180.Wilson_Warbler/Wilson_Warbler_0043_175491.jpg,21,test_unseen,False,acc23fc7f788cd4c8ee53271b567ea5ab322fcd4b9c53d35c9ec4240b71d7ed5,4b2191619075a8b2d93e5fa11acf202c0ee8b85167de360bf75b10161726025b,8257220564876866956,3001875936679080327
10569,180.Wilson_Warbler/Wilson_Warbler_0056_175269.jpg,21,test_unseen,False,a9ef03acd7e8e4722514cc7aa6dcfe852ae636a018a2d5938c6d158b51ab6810,dacfbd5e103fd13ba43c93af10dbf2873d4412257671f1f68a99dc7eabd9c16a,2673687091432536246,13110502734935411954
10591,180.Wilson_Warbler/Wilson_Warbler_0092_175676.jpg,21,test_unseen,False,74ad9da10257a94bb256d6c0e0d0f9b43dadd8e975cd4f66a0d2d7538ed1b031,1c17e7c275a8a8d0e2e95f69b341d9aee2934f4c440b8ddfb66f68ee22534c36,3714001000387742105,15820806072808914076
10548,180.Wilson_Warbler/Wilson_Warbler_0074_175645.jpg,21,test_unseen,False,701f2c8898b846e5fec0ef2b56ceb4cea66e0a025e9393788cc72a68f8603e05,1a027b192c2c887e4e4ef49d8c1089888828f12840f11d81d2bd1261bdedc8cd,14875682241914861,13889882782249642195
10543,180.Wilson_Warbler/Wilson_Warbler_0007_175618.jpg,21,test_unseen,False,f01cf3f34a856947bea97b08bf7a7d03581f9191f28af0d469b792a82f4f7332,611a8ec6465d25243698aba0188788a7b21ccd83288bd1018fdda7df90bbcbce,7816619608072346992,2388616526039254214
10600,180.Wilson_Warbler/Wilson_Warbler_0109_175578.jpg,21,test_unseen,False,5c98bf55eaf27fdf8ed5ef88f1e6965639eba8749a7983dc63c521cad5676af7,a2b0135eb0ff45438c1947c6af353e346258e58b3d55f7eb37a22316f660ad25,1830163766249519203,10098347827831396497
10557,180.Wilson_Warbler/Wilson_Warbler_0075_175234.jpg,21,test_unseen,False,8ad39110005b59f5fa6f30d39f811614816b247ba275851907f3fda0a301e49a,71d7ab8d2dc6fe34da316729851b5c2200f8b3b51dd54b289c5983929db4e8c4,7245896291710113887,13035181266952242988
10601,180.Wilson_Warbler/Wilson_Warbler_0095_175595.jpg,21,test_unseen,False,20250d1e2026b058a11cb0668de8c655024e60f348aab9c66011d0c65586a895,fe78e0a0b555bcbe2b4a77c7d59e3b5b9e6943bd2bfd30003935ce4a44e086a8,3595170558541000238,10413674319539919548
10577,180.Wilson_Warbler/Wilson_Warbler_0040_175347.jpg,21,test_unseen,False,a864b535a0ddd35053f3fa6af24b8304a60bf833fc41315e6a31708d6053ae4d,bfc296e8e537f13aeeae322ad143f6c404f2617aed3fc592183012caf4d96684,237109638021944282,15984222228805236447
10587,180.Wilson_Warbler/Wilson_Warbler_0034_175443.jpg,21,test_unseen,False,0e12a74f071a592c85ba7d2097d8fe3778c71e53519b37a36146bfb083c86e2b,19c2e14da0bdae47d4bb7b171cd7e4dc86f83022a960192c72b8131b44811558,7894836231214642265,6787266465821504358
10588,180.Wilson_Warbler/Wilson_Warbler_0072_175958.jpg,21,test_unseen,False,8bacd221c2a8cfb422d3754e9b4fed2805dabd77289753ed867061df28c6b843,7d26b290798aeaa59a1b6c4806760b5c49aa62b4b89ad70cd017bf1f6ee38cfd,1961981694043570333,13365964163513110770
10546,180.Wilson_Warbler/Wilson_Warbler_0133_175626.jpg,21,test_unseen,False,8e461c384f45caa3ce34d0acc787386b55f58e65a2d9339fa0c4ddf78b5ec3b5,f9e68c4e85ecb6d9f8b33aed89c6a2f254c0ed977001a93f40112b45648fad89,6459323060743278071,13167966983342790684
2190,039.Least_Flycatcher/Least_Flycatcher_0052_30321.jpg,22,test_unseen,False,84da899840248fe0510ad4d959f59a304e8f45ca6a6cf69320c41e6aa63e2e5d,22284a79a029d0ad4e4348f67d25be573d4761dd13b6d316a74f20cb56050b7f,7542712661311325555,10882780989588609457
2222,039.Least_Flycatcher/Least_Flycatcher_0075_30441.jpg,22,test_unseen,False,3c611c83089f117079272dadbc28f0f819721aab8e276b026c8ce1029b4e8aed,b72355b03ebaa02fa466e52478ad9458434ee1a35fe04103cd387a2063f0fddd,3614380535177852320,4323374448286375118
2184,039.Least_Flycatcher/Least_Flycatcher_0057_30282.jpg,22,test_unseen,False,4fdb431daa39537b138622de47c34e7c7935da5ee22911855f13b8123f000fcd,2ceb97b0adba190559c329e70242296d4d2160eee5f2219ef9d1da3148f43c5c,6382564414794969613,13347040204526274227
2209,039.Least_Flycatcher/Least_Flycatcher_0004_30140.jpg,22,test_unseen,False,7dd0b5af1f22a92f8ffa8bf41a501ad78bb922f7c6b9445d1b5a8e25d49749ef,39fc86dc91f65e92bd31e7beccc0fd2fb88f5ca72da23feb0d0e55f9ba963722,2008941431322949885,9861152523136104569
2213,039.Least_Flycatcher/Least_Flycatcher_0032_30146.jpg,22,test_unseen,False,1d59c0f6528e07ed4b4de37f9dbafc35b1a44df8778546df315e66e1ed4a0952,5f03a9cc91f30cc83fb04a8f917ec4e13ef3b2f7373d5d7745815e72a6f64674,1602479539396961946,17171856733946801208
2216,039.Least_Flycatcher/Least_Flycatcher_0059_30152.jpg,22,test_unseen,False,bbccd72fe29c553a8c6c85d1d24309abc50ca8013005ecb1907c4bcb3ac9d7a8,f1b90a2e700772ca11c04d6a6ee38a49b7a8a7a7f4852dc374c7aaf3a52b242a,75569928601520412,10654942717165647984
2189,039.Least_Flycatcher/Least_Flycatcher_0085_30318.jpg,22,test_unseen,False,874225b90e2b597c3e0c1577559801c2cc47a0ad39a51df1d5c203c01b4d662c,e3bc8900fcdba58034c17df7dcb2ac3b83ef76f563da2cd5124db3e49d275ea3,183491365484879536,14395415190070150280
2194,039.Least_Flycatcher/Least_Flycatcher_0044_30349.jpg,22,test_unseen,False,e11d3cb48deccbfe276850a8c2962cb18316c32afa403f992d43b8504dcc6a31,fb148d553e9349b2b53e3abdd6e97ecd86c29c64b534cc95f5c50640c56aa320,2868398898043838831,10899633923680818846
2204,039.Least_Flycatcher/Least_Flycatcher_0087_30123.jpg,22,test_unseen,False,0e4e8cd40ab0868c99779338740c4f960789e7b9f48d8fa27f0aafb4e24ce4ce,7703bec065ada6e04db60e9f2f79fb711a1480f970586783d6b1b741cc6cd21b,538709877351100000,8237430306825881316
2212,039.Least_Flycatcher/Least_Flycatcher_0058_30143.jpg,22,test_unseen,False,a250f1200b76bb8e4e690f618a9cd9055139237d09b44977f0a9fe4ac7d55511,92c02d72435528dab9c2e01fd9afc2b91dfbddc51a833b13c832e990b8812ce4,6599714929746237488,5094468866880033494
2219,039.Least_Flycatcher/Least_Flycatcher_0045_30174.jpg,22,test_unseen,False,a22ea8828b7e229b1ad8cb2737394de4d29e3575712b4b184de0f2c70dfe1119,1d870accd3b0ebada30e5e1afd3340c3a7246f6f1f492e4e5dd7be07f8b25bdd,6386075829063053280,2031247786591291681
2207,039.Least_Flycatcher/Least_Flycatcher_0062_30131.jpg,22,test_unseen,False,00bdcc8ece41c064551a166b230db76268be3081c3c1f3c027d6e33e8f63ebb9,d762ea49ce52a55ee33f0485f0a4cdd3dfc57ba83ab9e8fa10705f97dd1bcba3,7319152372443330211,14374255940939960899
2188,039.Least_Flycatcher/Least_Flycatcher_0046_30316.jpg,22,test_unseen,False,36df4d096faa16eb5eca10ea405fe4e32b90b2cd96ff8989ee6233ed01726f28,b9df668ab620016f7ce17ea24ee7f9108e7606af2b1749d36257beff5839bb91,5191650036135091386,10729181742337923473
2226,039.Least_Flycatcher/Least_Flycatcher_0054_30450.jpg,22,test_unseen,False,1a298efd24f69ff61cfe4e58ddfa1028ae2392d1e4726357c375ac921a36bde3,8e6eb45a8d45f772e2cca82004e0d02a00274adf9199970ec03cc56c5711b51d,8395725819640494388,7102345239322896182
2203,039.Least_Flycatcher/Least_Flycatcher_0097_30122.jpg,22,test_unseen,False,f45b913fcc509898197fb83178ae0f6b959c29a2d0ae41e6a7b1ea7c03fae642,caedc5c5a14e6213eaf99cdb7b01da419ca4b2aa501cb8ff2d9e9accefd70646,7245785077193126780,3687081559242081432
2230,039.Least_Flycatcher/Least_Flycatcher_0018_30462.jpg,22,test_unseen,False,c6b153ca46da7c0f6724ad2b819c9f51487d8f769bd64fce5f3f3048cb99593b,777d39da7861de986296e5971999321b94e5076d136ced2e333372b1f3897792,8677084930151590250,2894428703898641564
2179,039.Least_Flycatcher/Least_Flycatcher_0079_30256.jpg,22,test_unseen,False,818fc8a5de765d12f11cd524cfc12b140c669f90f2f4afcc4cbdbe5fe902b6af,06834cbb893f2a7ae7f03a9aa8093b6cec22081e4f411d405ddf74a3af82e091,6970294740231099488,3284023918813652900
2183,039.Least_Flycatcher/Least_Flycatcher_0015_30280.jpg,22,test_unseen,False,7bcf576e893f773663c86a4354f7b4946e79a9cd1ce83ff847830dd2b61fb292,78fb0c69e6a109ef134914871bbf560e4b2a4962b96ba306f2ec9877ff98b463,1099532765749817107,11064477213166828514
2180,039.Least_Flycatcher/Least_Flycatcher_0006_30262.jpg,22,test_unseen,False,cd37e30b0c24a8a4f81822f003532588c7fbe8fb2f03186f0524e1c8e120f082,28ef23f7e7e50f64d857393c7c188f94f927c46aba008a0b82e238eb80fec0bb,2289045138101672724,8368383378878877049
2211,039.Least_Flycatcher/Least_Flycatcher_0005_30142.jpg,22,test_unseen,False,b7b2e71aa3a56fbdbb520f3d713845636b638f06cb385fb0f4be8116d719a9be,a530cfde8e9e8db679232d99851703beecd27ecbbc71b60dfd43d7cb2e54b1da,3659050609108882601,7849700043455763929
3433,060.Glaucous_winged_Gull/Glaucous_Winged_Gull_0035_44576.jpg,23,test_unseen,False,c51165a9573e988df6651ae1e3ab8b3673180f0854463a8e4578cd6f9dac94f8,b63250cda58f5155142b905acf67cd5cbe78ab674c99bc2e06b0ad4ff1f4a376,1383851500063471168,3608523124797706369
3455,060.Glaucous_winged_Gull/Glaucous_Winged_Gull_0116_45236.jpg,23,test_unseen,False,e92423cd5f7da2435f5d7f2a7cd08a34d4027b7ca8ffc16d1f5a313533406b73,0bd79504abd2ce3a183544ce8a04aed3cdca68721ae318519112484144f1f3df,8210720101913147542,10151280792662962750
3434,060.Glaucous_winged_Gull/Glaucous_Winged_Gull_0118_2081.jpg,23,test_unseen,False,b8b33fba9e1b155e5596fc347bec84ba52e5ad9a65d7a5b1e25c1b64ae07d66f,df2908d481d0315da23a7889b0288b87cd6246358e8bf5013153a4b101aac49e,338724127393408755,16923065928330430168
3461,060.Glaucous_winged_Gull/Glaucous_Winged_Gull_0076_44744.jpg,23,test_unseen,False,1eb6acae8d4d764029e9c9d1b077dd92896d6ec11c49320632a5231b3bdbd101,d5e2b2381c3bc6a703740084ab613af9f1953ec8d5a1cdf4b077f948e39e66ac,3496850189762656412,16053743708054172561
3454,060.Glaucous_winged_Gull/Glaucous_Winged_Gull_0038_44719.jpg,23,test_unseen,False,071fe25e080601a078f78aad91f1919ff62b45e6f3dda698ae55707d636a18a2,9f734357a4f6ee9240f00dc264de59e8ec6f25e4f3b0c0d437c8db64a0354894,1805723507494035273,13518523852991928568
3477,060.Glaucous_winged_Gull/Glaucous_Winged_Gull_0004_44361.jpg,23,test_unseen,False,e54b2df86cfccc1ae112dc31cfba5d78c45ac055ef7c73082054847c062293fb,2da227ae054519671c17e7007654e6659a2a33576ab91235dbdfdd442a544159,5684723166277448489,7102291395133124084
3450,060.Glaucous_winged_Gull/Glaucous_Winged_Gull_0015_44198.jpg,23,test_unseen,False,d4d42e75f9e379a208a117c23b4390dbc25e6ced218efc03147c9c80dfb986d6,151bc5e2b6112f28fbbeebf8b003f841334de19ff12622bfea76abf73050f507,5100673343025879909,3468512946140194412
3442,060.Glaucous_winged_Gull/Glaucous_Winged_Gull_0112_44731.jpg,23,test_unseen,False,8de33bcecf476513d272cf3ab0da50661687590e506c03fa92bd9d72115ee5ab,407e125c573411fdad4fba5bb3f21e5e64f80626e1cf1d5cc4533262a77cad5b,4682938635947445374,5173196376771123685
3469,060.Glaucous_winged_Gull/Glaucous_Winged_Gull_0117_44298.jpg,23,test_unseen,False,891eecbbcc81cdcf6c3a70fb4d9c061239d8596ed9945912ad82ee5fa098caf1,26be243d048ffd8857334592e9f2924760d033d82b0b0d64e4a7af3a2631359f,5171043034559257646,5533453698638595812
3452,060.Glaucous_winged_Gull/Glaucous_Winged_Gull_0017_45224.jpg,23,test_unseen,False,544ef33d1c8ffb4825264b651446a82b33669de82d07c5432429fe085e96ebee,5f79427fc7d81d4df395745eb6da9e3d96292722c0109861c14bc0f6d505e79c,3948612008157329764,6928865868898946831
3445,060.Glaucous_winged_Gull/Glaucous_Winged_Gull_0124_44663.jpg,23,test_unseen,False,92fe16a81ac9ea8d15e152e1dfd4d19ee25ceb2890e89cfd9466b925ce0f40a3,4767941d8814f4b5008e3838e27cf7b60d1533a6967291cbc1dff80d3f799e60,2710635238233440827,17106057210171385401
3485,060.Glaucous_winged_Gull/Glaucous_Winged_Gull_0082_44528.jpg,23,test_unseen,False,cc33fd5d2096f1d0ba35a0cd68766ab49c18cc19e6ec521958d37d9afe2a8a7c,bf0065e24101118d95cb65fc183ec49960c09aa58492112cccbc1314a03ea673,3304896818340634209,1308534723986775865
3457,060.Glaucous_winged_Gull/Glaucous_Winged_Gull_0022_44733.jpg,23,test_unseen,False,218aaa83961639cf0a0e96736ec671055a21f8e67732d0bd0c5e4c1966bc9bba,29dad2b96508dd341792e1002a199c1d8e8cbbe8ffc18cc827b6f9509967ff6b,5687933320845383736,7016996816900190704
3474,060.Glaucous_winged_Gull/Glaucous_Winged_Gull_0061_44852.jpg,23,test_unseen,False,eaaec1433a7bf72dc0eedc95db330805344847cb9d3e873116c9be0083ca4078,06c1965002426e525d81279f3980048a9f5cfbcb3c3699ce653942233e3402e5,5502312371756232596,14747378587837457663
3432,060.Glaucous_winged_Gull/Glaucous_Winged_Gull_0007_44575.jpg,23,test_unseen,False,d5ee04ff62fdbed6d3f94c3a08a7c05c34637f728d4b70d711ff8efa4138868a,f770b7e3d25aa5a23dcdc973ec381d406efc1ab5ecc1ef47f4f36ebd3f2a6d72,6451590002300904524,16996288099555502284
3465,060.Glaucous_winged_Gull/Glaucous_Winged_Gull_0084_44775.jpg,23,test_unseen,False,4b07478b75fca6a27b2147df59cc311c98c83eb5a0c6b99578644058d1f320ba,bac6a1c5fd85b0fac21bde38d6437074bb9f369303f210a7f1848fb1ad255c1d,5171179779615434547,15043374892062641112
3444,060.Glaucous_winged_Gull/Glaucous_Winged_Gull_0056_44658.jpg,23,test_unseen,False,8b65617a63fe7b64a61f2fa0a316e88f9bdc805cce2741beba459aa57f819ea6,fea3d693676ac16fdd7de2fae7b7e05d3fee1a645e81a90cd944dd2faebbb373,927235076210438426,5197335063905887031
3483,060.Glaucous_winged_Gull/Glaucous_Winged_Gull_0075_44455.jpg,23,test_unseen,False,4da9853c53a32b73145d45db4413a730a5c9ad009005ed4e9396cb2138168108,ce983322ac419d431f60b338ee11d5930fc06dd1c268f36e15ef4c369c3ef9ca,5304228134337258387,17974696182794134427
3428,060.Glaucous_winged_Gull/Glaucous_Winged_Gull_0136_45059.jpg,23,test_unseen,False,2fec1be3f7d49120b4300c1fe0afb785c63c1ff97f33f34df0bf9d9361fbdbb1,72a840739189e70be82dfe2bf506a141e8f0bdad161fbb0657e58e1d769e5d7e,6472484573817266445,24989907282983963
3449,060.Glaucous_winged_Gull/Glaucous_Winged_Gull_0130_45210.jpg,23,test_unseen,False,c2dad4dc1903f29a9f930f9c7ec4b9d0e5992e0a892f53b35b8089c1a4f12ad3,089bc511ef76ebb81b4e5de5d962156426b6694c7b734c8acb95ccde2236a787,1339373721247467420,9434456401373272620
6991,120.Fox_Sparrow/Fox_Sparrow_0115_114855.jpg,24,test_unseen,False,a1111cbe5cadac07880d2db7c11e4f7b4db9bdccf33efd5acda1d398b8740e21,914175b4ef3173bd08b6f3d602637dafbec68cdd60a570194599f6f3e291177d,3520910987176564884,15194082050506954639
6972,120.Fox_Sparrow/Fox_Sparrow_0106_114720.jpg,24,test_unseen,False,e61ccf2bc7472130ad82b213af7d0e9ac7ee27b12458f86f96de071c45b97a80,1c360335354d7dce281b34a03c1a1e8b2bf4456d6da1c0f72cac602f1cf43dc2,7270137675390690386,922899851795794377
7026,120.Fox_Sparrow/Fox_Sparrow_0094_114634.jpg,24,test_unseen,False,85ddca5083737cd42101f6bcf612d96d763f9f1f976141c9b6c5c799204636c5,0bde67e00f4e1edbb07f291b02cb7161fdbaaa7242e49f272d5db91b319d19b0,4188222081816912278,3690461421295085454
7025,120.Fox_Sparrow/Fox_Sparrow_0081_115630.jpg,24,test_unseen,False,0e4aa4b53a08b8b3168e1a7f9ba33f4115bcc7ec245bc51e042a58fa8a3acf3e,07994b6528ac25ef9f8363f29438ffbea4e5175ab805c166feeaa27e33ac1b34,2645331764567143951,13686269831719418467
7007,120.Fox_Sparrow/Fox_Sparrow_0068_114967.jpg,24,test_unseen,False,69e25653e05301348979d63b2fad4bdbd003338b4b8c03f2c71cdafb83982bb3,c0445b0add03f2ad2fadfcbb54c28fa5347cc26a73c65d1d9bae94775e587219,2653352104834591401,12940122440472125106
6977,120.Fox_Sparrow/Fox_Sparrow_0103_115038.jpg,24,test_unseen,False,a55dcf0ea470815718ec4390fd4879c78edcd7466cb9b6a73afc3d37a2c1b00d,3fd387becd7345a125e117e6041274bfb80c72b3b6e999110658bd8446c94f41,2840160294030547585,14395698717969223244
6981,120.Fox_Sparrow/Fox_Sparrow_0136_115278.jpg,24,test_unseen,False,35b4b8264d3f0500e3df76e45cce480ed6e280b81b7928ceffc83ab7a4498a33,e8b13089029ef1068123baff6550d22860decaa2684fb75281e436230d3d3bbd,4885571043595109013,4752074728809285853
7011,120.Fox_Sparrow/Fox_Sparrow_0123_114488.jpg,24,test_unseen,False,2699deb244e0f430e2e669618f185df93c52041f0a7d1e65a65ac8b7c18e1161,eeaa88bd760a5e0d1c2465ec79786f93be65faf30bd63fbb6e874d804d775ff8,6001951610352389447,6371542088165920360
7010,120.Fox_Sparrow/Fox_Sparrow_0114_114481.jpg,24,test_unseen,False,cec86a2500102016945407576d2ce8e0fce97639e39b844f94a741fc572a5074,11914913a56146b7d7b799b56c6732640fdcc910ff03af8e4931ea37aee9e8ba,6167907508582901553,16204197958672884320
7015,120.Fox_Sparrow/Fox_Sparrow_0040_115034.jpg,24,test_unseen,False,9e2772d31b9c9afd6591168ebd8215b261413fa0eee5453c5bd0f7fb23d4ebb7,93d7296511274e5065c7e1270bf9aebb9c201ce45ad2d4052107fe5b73cee2ef,1281501020625133917,14542568064540306748
6973,120.Fox_Sparrow/Fox_Sparrow_0016_114213.jpg,24,test_unseen,False,1496f36047658b934fc8aae2f8cbd1bf84e7ddd27d6df8f3047b83d809507ada,289813aa63397dfab33ef3cfe7a6e101d4f6e87a33ba760f7a6e007d456c0aca,7468336448803803429,14142880414633100000
7013,120.Fox_Sparrow/Fox_Sparrow_0047_115022.jpg,24,test_unseen,False,0439ed9ffa1c025c3ca12a3871babe942f37cb3dabe03a115e31a25fb81f80d1,1cec936beca7ec130255c0f318f5b78d0503a4e45095347d8b292acbadf4b66e,8090097959777242727,9548412471239023250
6996,120.Fox_Sparrow/Fox_Sparrow_0057_114355.jpg,24,test_unseen,False,1dfc8474ec65df4fc7404ac1079c8cafcc107f2ba9aaa43448d593b93b3cf4f1,944e210f606484e21e96f1c2d9d79f92a1ac66e39b923e597e087c1e384da929,5926105214643685654,14518686266647237073
7017,120.Fox_Sparrow/Fox_Sparrow_0111_114527.jpg,24,test_unseen,False,7756fc9380d8d7bda0d277c10625ffc69334fde5f18da424083c9f7e932119e0,29a4d1647a073ee7af4066a486a7e4614bfe8c0fe1b8974b3cf909379fb9900a,2814402257243723839,14079788964669475565
6975,120.Fox_Sparrow/Fox_Sparrow_0022_115248.jpg,24,test_unseen,False,496ee1c513bb3a4a704ffdd91281d1794ff3d9fc4193bd7b0cc30f32f33fc4e2,37f1545e0100ed88742ad64a0b64349eeff5aba70e5ab2969c8f67c14363fc46,7627648836546969682,3589889397602257419
6999,120.Fox_Sparrow/Fox_Sparrow_0121_114886.jpg,24,test_unseen,False,c7d5ca7a1b58ebca91699070a96d9f9a9fbd6b4685bc1a5b8e3a03662cf3df44,954fe98e24abe8f096d9507f6f9edab9fe19ab1e82a7376db4196b19ddfa970d,5581703801725404666,7211145237542122432
6982,120.Fox_Sparrow/Fox_Sparrow_0026_115281.jpg,24,test_unseen,False,cff4c1fab4e7805c8630d822cf9835c96b1a68a1ce23f4ab72cdcb7ec19b2ee9,2c5443ff1354d4568423ccfa4b6dadebdb4927a06144e02b1c04feaa3c17c321,7020003198876301450,1064995269374823121
7005,120.Fox_Sparrow/Fox_Sparrow_0125_114557.jpg,24,test_unseen,False,07825b30faef65b9daff2f43549988dc2c6ad9e44f0558ae911d316c7b7fb13d,29444d71c107840226f4db4ad010ba97286cd70df27be2d6d2432bd56a766220,4718174972226263173,15679460665064082130
6992,120.Fox_Sparrow/Fox_Sparrow_0013_114344.jpg,24,test_unseen,False,26ff34f2c51c407bce2dad6c7e960e4280f52a430cad844a21b43103fb55e536,6546e9ad0145bb6428592f1b0bf2052d8436c7e948da75a794da1dcc5300dca8,5487340482977152054,16638097415281414272
7027,120.Fox_Sparrow/Fox_Sparrow_0015_114650.jpg,24,test_unseen,False,c38733fa0da26f9b379ef13594f699e4e5658f06c24eeecb57b8669bdd3549dc,a37db1c2a700844076c7bbb8d779dfa90ebd8a5a916b27751428811393b80edd,2052727820242614937,13597546458226227938
