path,split,label,observation_id,year,date,sha256,pixels_sha256,phash,dhash
val/0-3913255404.JPG,train,0,3913255404,2022,2022-09-15,5c3c1365d380b0c1476a4b6202eddf02da7dd85be9688fe8c3bd394724a34f44,894d9fb1953d2fb43e84fb4359c2343ab6aec71773801eba9901bcc1e415f3ac,4129949696820345520,5399990344243845851
val/0-3925715874.JPG,train,0,3925715874,2022,2022-10-16,008e2c4440dedbddbb4e32194af8d879404f9bf4fddf8ad2941791271d6d5372,6675730dd3f33b3fc0635a693588af13bd1b02938d086d9990709b21d01008ba,535427638834128217,3205655617695291854
val/0-3944337547.JPG,train,0,3944337547,2022,2022-10-17,9d808c44581d01733722279f1eb8a4c4224a6c4778322bbf58a6efe4b2bf8160,9cde47801cbbc84cc978f934b4822b25d03f276f984013490f4294185d473ea5,1929336252225494421,14107640359739280174
val/0-3863498342.JPG,train,0,3863498342,2022,2022-07-17,f24f63122187c48fbcbd7841052ba172383f96e46b728ee15f785c7e3f638ab4,f1d108e7efa893c0474a2b8cb06073cec820475202d000b7ceb3a9ba210c696c,7549923489458708065,5496416543335224173
val/0-3916263740.JPG,train,0,3916263740,2022,2022-10-02,ebc68a6b3b4af6d0cc13651091c9e476a11d326a18aaaeb3c513d6d322527afe,e4c9f599a1c9a983735498d8b714c0fe5fe69486132627280cd510ff2430ce8c,66415017862195748,7194438771842856100
val/0-3916265540.JPG,train,0,3916265540,2022,2022-09-29,4d823de4be1fc7b23ae83a2e82a335465c89e15f41c8b8d51a1f0c8a6a17237d,ea9777886a66c3a439520ea2c89221cffd973b8889931e8380947def3a8024c0,7486693092271481363,14715168622230789081
val/0-3887940312.JPG,train,0,3887940312,2022,2022-08-09,8a30db26e23e38a18d8df0b0ae7b4ef5089854f1a53fd108ec1bf5d93d366975,2ccef98dd4d8f6459f3b505c2cfc7dfb3c58805dde5209b7702ace4016414ca7,5975200908121984141,2812723146201259116
val/0-3925718881.JPG,train,0,3925718881,2022,2022-10-16,08d4845fa735881f589c70b6192c5794d1cd171f437a31c631de1dcd30924b51,7757311e5cf472c02db50d572ffae0698548c60aed2c45c1e8edd5a28f89ec45,7016965689380346818,9700429847275497411
val/0-3916265387.JPG,train,0,3916265387,2022,2022-09-27,cb8c49b30239cea3bed2b0bd1d25899e5a337ec13791b705c9b22a140c8abde8,6dff441ee808724d7ba709a86561c536957d056e3f9cbe878f5490e0c38d8e74,5232867433971315593,4315532511919641491
val/0-3899716381.JPG,train,0,3899716381,2022,2022-09-07,03b6f6cbb08605a36c6cb1717b67bc4cff4d9a9900acccbd03739bf772503c16,18bccfcd37c359752d5235393bdcf8094483fdb47a6ad6194d50ad72d58e696c,5325003361705512266,12994261336114491731
val/0-3964840609.JPG,train,0,3964840609,2022,2022-10-08,aaaf0df232458d6427e679bac76d8bb44eff6d8a7d118c24bc9af83f87cd62e4,9cb9f2f5fde6dc342630df47c42f9f03015b0c2b30d1c86c9a40dadde41e5a78,4978857771048643450,14756312407869736460
val/0-3944339666.JPG,train,0,3944339666,2022,2022-10-20,f9a9fed87ce3601a6ccae394f39defab5b2dca2b4fff2e820cb99e3653d21cae,33990bf79af4cc9e147186b37062c598e1a56d267e0ea89f36d180e1cf15ed41,1599125602931479500,1754622975799796902
val/0-3909145467.JPG,train,0,3909145467,2022,2022-09-14,6e12b078820fac2f91f9d975f3de29775f5c90d4f93587e9a7a645477dcb17c6,93771124b629703f7dc895178331c4c2f35e2ed415e471267e56911065129320,8170132891319979832,14830080035462386744
val/0-3916265736.JPG,train,0,3916265736,2022,2022-10-02,40aa00fa2d97f7166a71ffb4ba938450b7954e9ba49dc3d685a0508fee9a16fc,8b5ce76bf148ff6cf470b15a976797eaaccd3b17cc7a2c2cc946504e0259fed0,8977315745421636080,6513953521717023489
val/0-3948710641.JPG,train,0,3948710641,2022,2022-10-27,85b6d4069616d6667e7c65f8355ae0ab0a720c83d1d91865f181c2275878c9a0,c47f217fbb5d0fca299a62949253e7682008bbb456d74be151a5ad722cf93c43,5490781354048961714,6008086616029115058
val/0-3925715589.JPG,train,0,3925715589,2022,2022-10-13,0324ca4b95b3dc94522fe5265bd8301c194a84ff6849b04a2641af95dbc13faf,3b1b21b28e96516901f20d3a326f1aaeb94601565c9dc463427944c5fbd47408,717469103186953169,12978779803867507791
val/0-3913253356.JPG,train,0,3913253356,2022,2022-09-19,66b5b89e8cfb3a6b7cd501dd03da0062b099920bbee88f227bb80fd6b973922a,cafc55d7f5be791446f2f4b5bc94352b45acb8c24a2247d1d505fd1a3d7563ff,591933646315243192,2559333705397279507
val/0-3948713612.JPG,train,0,3948713612,2022,2022-10-27,4ce44939702727ef6638467007c3ce0a898962ca452a3641faa20767b35a1d71,855db2945bbd007ac475cf67f781d0e7b50d8941db6fe9ac61294cc1feb08c8d,5518024021293432337,8076119488324941334
val/0-3922622453.JPG,train,0,3922622453,2022,2022-10-04,1e59cf47d1d462175878bcae00c1a5d10a2940c93ef70849f50cdbd4c2115b31,b4974add784c529e8703126242bbbb5ed9c3181ed715a91af8b809f1ee97534b,974250294440407501,11198137697532326701
val/0-3925718857.JPG,train,0,3925718857,2022,2022-10-16,97caecf44f30aa815937fc86a6634fd62926ed94375fce99ee08f5caaae9f128,eb98a267ef4221fd5d844bb5e18f6443b4cff9374c5bda923912c339e16c4582,5300868493208307808,5360307458041664135
val/0-3948712565.JPG,val,0,3948712565,2022,2022-10-26,03d95a227227d5d81b242082e2b7998fae4f0e33ce04bdf238effd94915d06e3,879e59f085c9349bb6948cea73dc201c47670bd4fa7044bd2de8eb98921d3a0f,8129328759537688929,4871378486755769179
val/0-3944340567.JPG,val,0,3944340567,2022,2022-10-18,a1f07042599302575a854f0aa53e32e3ed1aa87df414aad131f0a61ff188aaaf,7b9acf4a5c43bbb5153e3a3981bc9309234c2cd4c69cfd0cf61c2e03fda70691,1707219736863407305,14477624050243134682
val/0-3891499350.JPG,val,0,3891499350,2022,2022-08-17,ad483542a514d433672706f7f0a675654c88fa5ec22de2527343739dedd99069,0044c228b197a79ca742aeedbf2681540c3f44894e45bb1ea898212b6b02e9eb,3497484275134571836,14675743059112569678
val/0-3916269568.JPG,val,0,3916269568,2022,2022-09-29,c7a26d3d0f60e416a5f974fedcf35a1e53200fb721ad3e326c0b16aae714cf1a,17fa603185ab4d4151e93b2f3a140330fc545a6a0795adb3c659280299544bc5,1117000116396087990,16948863308909319499
val/0-3925711739.JPG,val,0,3925711739,2022,2022-10-15,4933d5bda0526ef23a69b72840d3628002a4e356ca21a9dca3e173304ba83cb4,04265a788d6b40d2807332efb443fe71386c6f85fc39864a9eae5005a981d33f,6876285889142854545,8228719623792121520
val/0-3916265661.JPG,val,0,3916265661,2022,2022-10-01,0843b1afc546062c1091d803fd6767d541383fa001da2d48ea9f31fc3eb91bb9,ec01631c9d79d64820b8ecc6dd8f8c4fc2ab0e8a3662af7b67647596a1071f1e,2539022801998874919,1384592068250814803
val/0-3922627368.JPG,val,0,3922627368,2022,2022-10-03,ed178e9b8cb33471fbdce64054eb327982a3019ad5ac93530fb440772ab066d3,642d8fd268a7b6ef3aca745f4bfb1b7bd405d17dad5aa33c20f98aae065657b5,7506998340185500067,3991230599990018963
val/0-3916268425.JPG,val,0,3916268425,2022,2022-09-27,b570841132802f99ce35c32c59fe62a99272902ecda07fe7d5a51486e704c02a,50b416929e4f1551eff4a1ff19c55ee9e1514e5dbcf8b473c19240b39302f9a4,2225171360578756828,7820091156673622116
val/0-3913253516.JPG,val,0,3913253516,2022,2022-09-21,a131c413bcefa000de14f946a02699d6dbfcf9e455cd12a4e9f6eb75f4bd85f8,adafe365abe22c985f36dc979d54f87588dd60657422d26d8bfb8bcc90be01c8,5274346074754421704,410316697701114386
val/0-3944344488.JPG,val,0,3944344488,2022,2022-10-17,82f99cfb101b1eff3c7d1acc48c0ff90e1de58e60d9df2dbc559926ef5a79b72,b531a477922c824ecf1fc149791a233cb0acfd2cbc8b5510a3d5c422ba3f8210,2468071400300555374,10792251763418798425
test/0-4465868618.JPG,test,0,4465868618,2023,2023-08-12,0599cab11d3498f87053ef6edcce7f93a25a7f018056ec7c9f0a5fd30f27fa16,c879a02bfe26a79bd22596f3ffb0cc88bc6c9ff745e839829cdad34f6da0e086,5526958862511414854,1827239013815333904
test/0-4169762166.JPG,test,0,4169762166,2023,2023-07-25,7d42e72996caa62d201f1f24702ee1bdb08cddcad364e18295041568834a7ab1,471fd2769339348e7be9a614fa6cacf5880192b7ae4a40423136fa5bfcd9b3b9,1086830289841391590,5652127974787860342
test/0-4465884666.JPG,test,0,4465884666,2023,2023-10-05,a55d69dbbdd5d1a4f00f1efae020e1e3bd13d71523dac727f4590abd229b09a7,c5c07c85c146e8e6b97151bdbcf8069376519098417708caa1d40235ff33f11a,5694512077187389168,12927983312712782649
test/0-4465862852.JPG,test,0,4465862852,2023,2023-08-14,5cc230cfacc6c82c90c95aa42597090e7869bada7c5bd132720a1c8a4e07e998,0844889af7d74c22d307b862e8c65fc911ebc9ae4434c52a05eed369b62d2d4a,2415635211591017400,7493106788863718363
test/0-4465874687.JPG,test,0,4465874687,2023,2023-09-07,362743227954f9693de17459872b7e7493f41147399ba0334a739cb2543e4afc,1487d0639f80321b6f4611c610214e834f87a73c7202bbd38aa22f81d68397f9,806257373425644254,2671646931551871843
test/0-4465871935.JPG,test,0,4465871935,2023,2023-09-16,a4e08619ecc7b79c0fcf1bbef0abb1877b15ed913466032075c22a1f329c88b1,332c6da2c88b5dda3f73203d761514d28223a28091ae83675defdfa2120b649d,3517381079745237814,10707757550293233507
test/0-4465873262.JPG,test,0,4465873262,2023,2023-09-25,ed991484d57eb448445791f6b5c0e650224c7d937d0ac9b8606b9b86416583db,a70dd81cef1ce3e666cd2ad07dbd8275345bb3e404b54822448d97051020cfef,713370605087684916,16630960757289497550
test/0-4465895362.JPG,test,0,4465895362,2023,2023-10-18,34d021dcab0581e12e0f2ce27e2098186fd4c3656a4446026f31aa2bb793a2f0,d1c6c1a86280942d3192efbdf2595853412f3c8456fd347aa0718f765be471be,3845611087658854789,12352368990798878362
test/0-4465885143.JPG,test,0,4465885143,2023,2023-10-14,1a6ba88382ff16dd8af818d42197b5845606e2a98824c0de35d36586fd9e1d5f,ad4aadc561af452d5e7528be0ad372ed32b46a82cbb2d1fa0cfb956464912a3a,6386726150452597658,6682076598942921491
test/0-4465897453.JPG,test,0,4465897453,2023,2023-10-19,228ab7e806503a521f721c3042a54a36aa334ca8d9865b5c4f576f36cda3921f,325705403f5337ae353972c8e67e0c2ca9deb50e7cb47ebd09a9ade15c04340f,5969478220517104394,12739673194430828933
test/0-4169770377.JPG,test,0,4169770377,2023,2023-07-30,68e6c79ef8b5e14ab45cc1e19d56004f1a8938dc04d7ffdd93835319428f5c22,2989efe950f0d48b27140d926b802be8e2bc3cf649dacc34477a840ba9f0363e,7853192433627830940,13236708441098266350
test/0-4169763134.JPG,test,0,4169763134,2023,2023-07-24,3eea87151b9c143dbc672a13056969dfbe923b724c95eb7d0943ac9bffb41d27,42f004ea5fa91106229534c31f7e3e08ff5c1695850c89589c1cf6e23356c694,6428928899119106547,13065674728800478824
test/0-4465875085.JPG,test,0,4465875085,2023,2023-09-21,5bd20dac625774c52a98c57298f0fab4dce282ca98fad496e3edf7bddd9b942e,613cc932c659ce129ac191e74184485b8b076ec0649848e32fe0cb7e2345aa47,2061069322446326860,2105486118666784261
test/0-4169770479.JPG,test,0,4169770479,2023,2023-08-01,9563010c9091ce15646b4bde1bc2310fd917b41b464a655c7b4951eed29352e5,be44c6594370680773c4c212c434b57e0ccaa82ff41fd131fcd4bad98b61ce95,5777916786249715615,401473597483564513
test/0-4465869011.JPG,test,0,4465869011,2023,2023-08-19,4f9fa13e5f8a1fe0d621d77ced36af27339d4b8c36213fd3e9193b7df8d61c39,36f27dfe70b51b93deb33b68b8892e6fc1bea8f9a83636cae5ccc532b182de96,5967102628623085249,3128116924021053901
test/0-4465888720.JPG,test,0,4465888720,2023,2023-10-07,5b6aaf93cd7d882d73b2ec654b1c999f92a9f976b4641901c87144b0287298f2,23f26c8326e92a1e1f8971cf472eaf092cd70ec0bbb1dda9c03d23e7513eaf04,2009844971984719627,12571225094304159858
test/0-4465870292.JPG,test,0,4465870292,2023,2023-08-27,a450d0f9c754a00b9530da979cb54b9f43f9a92a593e58260f9f74596f0e5228,e66a07a16a6695d11ab610c36ff2ff5fc0d154eba31f09267af1f12ef275f8a8,903274961148048497,12854776041203657524
test/0-4465882180.JPG,test,0,4465882180,2023,2023-10-15,a007fbd300b943d82fb73921fe5cb14928200becbfaa6916581d7ef0e6707fa6,e1a21e52cd1c90c6eb0ba62eeaa67d0c6c62c89e9c1ef20cd38de654d0a58534,5544338194228192665,11885548564528769504
test/0-4465879672.JPG,test,0,4465879672,2023,2023-09-06,a5a418e208639a6648d03ef24a9d2e6c2b19ed952a99fff3133535c4cf6c7c4d,09c566c9e1039aec639435ef1528480bfc5c0cf7ce4afdcdfad0ea3e693e2121,5417253780310599727,16072836836320436696
test/0-4465891626.JPG,test,0,4465891626,2023,2023-10-24,da6952c8834e1e8e0d731666731297e146b22b3c1c01818f2e2dd20a2f7568d6,fac81bb365123b1ef471e91004a9c0ea53b93bd8f6906cc61ec16e45064bb613,7419813681285057549,1694275152462661319
val/0-3891491334.JPG,train,1,3891491334,2022,2022-08-15,050df299d7ae08bde555d6df587080773c38dc63793ac22eb5967ae9af3be5d5,dc312854fa62b1060ea692a4aa70ebd047723f203009e2a37bd33bf9ae21a8d7,3731559071124251155,12020350645231816217
val/0-3898077342.JPG,train,1,3898077342,2022,2022-08-29,ed7e5a5f2eb01038d6737e7e0d4bb2f92067a32b1f1e2899febcf3c34d8b8e2f,3cfe2baf6ab43131daf26bd9949dddfc7e46f1308b922bb08723ab1172a3e7a3,5519282376358149291,2482391422979040323
val/0-3865765321.JPG,train,1,3865765321,2022,2022-07-22,22a1d05b5220fc0658b094b56f93f8982859f463f1365d407379f9bec48800c0,2581de14b522fe0b2b3ebd958d7a9d5dbb0716c055473c68a35c38e6f33effce,2187742878018685053,12998569779797785559
val/0-3909142578.JPG,train,1,3909142578,2022,2022-09-17,e9c26b492d7676be82d16d8712f8670257f58e863e4418f78d498611ca6d6147,ae643f8e8e7c6dd5334ed01c431b92383ba2ac43f18b6d5daa26cd9750784cda,1799599078801852450,3049694757022446892
val/0-3922621513.JPG,train,1,3922621513,2022,2022-10-04,c69cf5778229ee4b516a184053fd3f520cbb5619f095d8ac3abf0472cd28fee2,d9996fe662ce6fa911ae2d7489a95505a99d14f57835c13060923dc31887aab6,775018941353865425,15367348338574307607
val/0-3898080409.JPG,train,1,3898080409,2022,2022-09-02,86a0cd003a0d079d24d59e9ad953439d0b37a28f9c4ee62bc789dc84f9932e1b,e79e96e3bbc3e8d7ca424cca45d92e9a9b42b330a8b193a74a9800950cd5b9d5,6470684074780934104,12912721666128812345
val/0-3948713370.JPG,train,1,3948713370,2022,2022-10-24,13a7b69e8fd3a91516c516f5d2489c17c0255452ed379b28acc4803df7ee01dc,26b2e2d0808ecda9cf13dcd4272d9a28fc20d2a15eaa2286ecdade5aaea96e8b,4748269675379914012,11986267502839756121
val/0-3948712368.JPG,train,1,3948712368,2022,2022-10-23,74ff6e1ed1447c5d9d2f8fc6793ba111d8fc5b2444d05a085bb5b13a34cfacbc,25a6f6fe3263b0d7788fbebd836a23fd3cbaab12f090b7fe06180fd88fa297aa,1072228479072613399,17639630466995741168
val/0-3962118394.JPG,train,1,3962118394,2022,2022-10-30,5b4d2ee1c372ee0847e67952ff57e074dae80e454ff0f734498501a6f64ff7f9,9280f6bfb240662a19a4a557b171fd700007d2d94170b19fbd054767319f2f1f,1761313823965849998,15605167255371691248
val/0-3898075356.JPG,train,1,3898075356,2022,2022-08-30,ebf2274b9383fde4e00c07d7f75481569b3fc5305d68b85261f270566ce0a680,c9bc9b69ddab7fd27ec104d53b1c864d614b76322ea2a48b388172b28abd363a,4652006702316265287,7339994319405551889
val/0-3948711357.JPG,train,1,3948711357,2022,2022-10-23,7c3e0e7114ab8435c7c557a6e9406356f24223197bda4708acfa3964901fbb68,73288e821abe9e318c60696ae6878da782fc5caab51da897160ad1cf2d8bf158,1403832998725743146,2542662379713787465
val/0-3891492413.JPG,train,1,3891492413,2022,2022-08-20,efc83aa090fb6441c8b5df3fcdb4626a28a892f384a5f56a279b269f167da5ac,e8c7706c98ae72f8d1966a8ed98de2d0f64269aca579ce8ebd8323aa8a21faee,1537797600623027094,5796217171408219193
val/0-3828300317.JPG,train,1,3828300317,2022,2022-06-28,87a2a1d7e1542242580c1aca0d287c9dcaa3b1753a08fdf6afd4b5a3dceee5b4,1ecab13a1e46dfb17a0c66db242b89b3fc1969c84d87b1b9c846cf14edb22f00,6513609453306512722,15175280736358447484
val/0-3944340558.JPG,train,1,3944340558,2022,2022-10-18,5c0057b32f2921161fe6eba83e1b7178fb56a83f6afdf9fa665bdb134fcce042,4d9eaae7008d435e9daf7cd89ab565e9deda5b17d892269a9f84a44732ca8097,1485452793978402926,1760963102661528646
val/0-3887946316.JPG,train,1,3887946316,2022,2022-08-10,676bc785d45e3709dfc3c5ae24574321fbb697b8b405d10766cbb447a4080986,0e87d82bc5adf4a6464f4879986036448b343837215c3c09d22fa1efed472a43,4719348760609304626,308929716836288196
val/0-3916268553.JPG,train,1,3916268553,2022,2022-09-29,ec8acb5d58a3bed86d542cbc37dfbb54ac1b674f63631852950f3289825a6703,07a8646f41a25b785acee608e548525c9dc7d8575cc60a27ec4cba6f616c37da,1723590674067245233,2759539227253017750
val/0-3887948313.JPG,train,1,3887948313,2022,2022-08-09,7a1d6f4c0b8677a59e420cb715b6d03511486d793d6570bd1f73e5807df09bdc,3ab8d93fdc92b39af8226c4258a0345cba31a7b0b8c0a3627f93241098ece4ad,8427970448842845283,12486596054967048887
val/0-3925711481.JPG,train,1,3925711481,2022,2022-10-12,1c12da4cdd63e0cf67e77e2be732987b219b3759ae752d6e038e90a5ebe526c0,83170a370c5854d1bd11433079853ab547af1d7cad66dc2ace1b8afdeeaa0155,5954952582472623897,1635899359592306970
val/0-3891498324.JPG,train,1,3891498324,2022,2022-08-15,6288ef244960d8dc3559586771419611a6de3fc83fee90738fa8cce5914907b2,e6f2529d37d024ee7e01a48784f6bf49ecf8df53da8630bf1334ce1f6e38ecfe,2186534313456882485,10967163880797189775
val/0-3899714321.JPG,train,1,3899714321,2022,2022-09-05,dca81a2413c2171de4980f54c167247da1e4534d84e32511f8079371dab5e87c,363e6c322de81f495ed10e848b5866742c86f0fb5f2806e26ca68f566a995d63,4967870121889035291,9502763116654765508
val/0-3922623952.JPG,val,1,3922623952,2022,2022-10-09,c59e8cc200d3e8d45fb7256407d60197eea394b869445cf77e9512bf13b2cdef,83abbb3dd023572af8fe977aa9e14e96c73e7b2ee0a0d26705886c264a95e40c,4653196849215796297,16064608073916319717
val/0-3925711398.JPG,val,1,3925711398,2022,2022-10-10,3bb901c1401c255fddc29fc5be24bfb8f9ba910836210a0854d0b00b818a84b4,d92b7f09de30cde0cacff521286ad388d87ddbb04265c1a2ce25bb99aa775fdf,906193554123157989,13329754346304742689
val/0-3916268354.JPG,val,1,3916268354,2022,2022-09-26,b3bea559ac7fbe71853a696c97bccacbbe4e8255b1084e49292e061c714fc44b,2f6b1c7d71b62ed25e350c3540469442df5bcd9d32bae6eca40e0d9ec059bd83,2559006793279651948,7627565136273227279
val/0-3863500344.JPG,val,1,3863500344,2022,2022-07-17,481732fe696c68e0d8d2cfed2d5988817f499fe3f750c2ce872a7672dda99d22,c533740bf6b6686932ddadff2c99675db01c07c6f053f9fd30ba7040512c3edf,2151439369272479108,17940213302767793292
val/0-3894174368.JPG,val,1,3894174368,2022,2022-08-25,40d836fcd5e9c69c307dd42f0b851d21de5b55e08682c32d3fed34755d7a0988,3dc0e665a6b6119946840511eb387ff7583d60df7f658802c488d6397c33004e,605496229408935839,10328956890955092953
val/0-3891493313.JPG,val,1,3891493313,2022,2022-08-15,308ad545939f0fb5ce22c5adc06c13dadef6321b18cc9eaca1a71f6eed67035d,62bef4b11240db00ec5bbd6d28907055bea374f9ab5c4bf49ba0a3de5c328dca,1767071097022883540,8339463202756210965
val/0-3899715336.JPG,val,1,3899715336,2022,2022-09-06,061477842c4e2d80e56e667ab689ed19a1a212888027cd3850df93cbb4401fe8,7bfe38357ff052e8f42bf71439969b67f37447225e01784205138c31c1b7ac2c,5292867815015444695,7485976583018374115
val/0-3899712386.JPG,val,1,3899712386,2022,2022-09-08,6ede116835de68c817fc6c9ba3e65fcad9fd2d5eb8756c1e87856df142b42b87,e58d4b0b484352eb19bd652ce1caec5fa4d24a6f3a35676e9ebac5f4daf31d16,1843216221357396124,15767861192906396563
val/0-3899709471.JPG,val,1,3899709471,2022,2022-09-11,a5f319f871d1faf8fb022ea6bb6f06d90bf8f0389d16289b143f07a81f1f13f0,6b0fedb7c1a3be4ec5413da115377ecc87d2f521bac031c50209dd7e49536e0e,567857532169736678,16387133163816480046
val/0-3925716384.JPG,val,1,3925716384,2022,2022-10-10,3d4df8faee2f1f058c349a543d0de909d8cdedcde1b1b3b3019c197fdc8966e9,1aa271b9dc81ce2633ab844fd845bb5242edfd093343618bd1bf575b348cf8dd,6668288120718952813,15396878147443042854
test/0-4169761115.JPG,test,1,4169761115,2023,2023-07-23,798142152cf72e390203efea34e511c1d968ecd6dd936236c0f147297c992a31,a5c929d76aee82f0be5171e236010f7ead8678180b590c634f277dadf4339dc9,2033744496885317232,8169983376698172261
test/0-4169758299.JPG,test,1,4169758299,2023,2023-07-28,4dd5b92df1a1fa4626e3af6261e6ff43ef350ddb0f1e4207e652f797b38fc092,0525947812878b9bacae389aedc8b0f6d07c2d74dcf8f722b0a3b6e49d83c902,1826833511104299715,9021248483386445426
test/0-4169767447.JPG,test,1,4169767447,2023,2023-07-31,1cc6639aaab6cad9f47efd888ec8594c510efd34e77b83ec0362e786332853c2,c8a4faad69d14b8cbb808bf6b37b41dff8f451c1be2e7a20078cc67c1c286aee,4884420595716900656,14094536147250990245
test/0-4465863708.JPG,test,1,4465863708,2023,2023-08-13,8a4f3accedc2fd7669afe2004a96b2748b023c4b976524b51782be509d81dc23,aa3e7abc15c5b32d76e782970e0cc04b85e1fa787fd58d1836ce6dc406d90ba8,1142547941420052838,8319091314569702731
test/0-4169767352.JPG,test,1,4169767352,2023,2023-07-29,869e01ed5aed8369a719fdd171ce7c61d083ca43eadb4b607b0518f914ca8d65,440257c1a78aebc376a6ac12142c5168eb5a6a7e641af399811ca1c89e5fab2c,6012354892089643786,10275130071988157350
test/0-4465865513.JPG,test,1,4465865513,2023,2023-08-09,d7e2a4dd632880a558181bd7eb552ef8f3fdef8a33ec5986301d0451d0ad9064,7035def896f84fa67da5caa38a8e3b0b4a9bb7d3c4920bc0783fe8fcb41f6ac1,5176391276819154119,12019241831207950149
test/0-4465896978.JPG,test,1,4465896978,2023,2023-11-02,76900f72dc0633f9f28a0fba20a0175c3a3260cf04a31ebabf55d81cf3bbb27e,de08f247dfc3506a86b7dd3010f35aed9a17c016cd6e945cde0ddfd80bb65e0f,7746885019438759050,14657355119749895011
test/0-4465863481.JPG,test,1,4465863481,2023,2023-08-06,a5f45c0ac4b8ef8d2c5454589a4729857e7ed486d7d6c18cb8e0e8cc1a051e4c,7f4c2a65f37365ade8c6fb2bfddd0fbfb86cd76c3823cef7e83b7a61daaa0a93,5087998180263041870,5326743193835521817
test/0-4465869593.JPG,test,1,4465869593,2023,2023-08-11,50513aa56075cce4416e0f7fa24fd1cd02f2daab7eb2b3f19aeeae39132225b7,eac3e38c9f38e0391d4d48bf34c6401f60c7f7c1cacf2478e11bec155eb4c230,4379925353224882826,12047896008240876925
test/0-4465866762.JPG,test,1,4465866762,2023,2023-08-15,a9a336b8c574c05d98b9ad79e930fc8864378c8cfce56ece54e0a6ae75e288c4,2bbe4572fe9336c2801f21c7f9f18e4b0cd4eac8e90105594ecb5952a98eb59e,1693697859200866790,6607856990076650588
test/0-4169765365.JPG,test,1,4169765365,2023,2023-07-30,5b185937b891dcb094ca43ed9823cacbed88fdabde26dc269dadbed217aef1af,26783877cbe21f60232cefeb0096686ca9115b394de4ef9d5518c7d84df6d316,1352889880162758885,2046795719465675084
test/0-4169772596.JPG,test,1,4169772596,2023,2023-08-04,e6f2b7622a9203c30971a61132c2ee56b4f82d9bcc938cd8f4759962cd33f246,1a3a4b83c5d84a5873bbd63df77bd70c22dcf1b6d87b3d25fbb1e27455290ef4,5661088349179412979,17339927163539244911
test/0-4169765244.JPG,test,1,4169765244,2023,2023-07-26,c39b11ded2b8ee840f7acc47ffeca7ed4aa51d5d32360e04a9f07964914b81b6,ea0055bfa8340e2d066007221ffc396ae57299ce4751dfb3c68d5c5a5e740a35,1937724087129856041,7193537971968637459
test/0-4465862817.JPG,test,1,4465862817,2023,2023-08-15,8a954b01954efa7e739fe17780ae9bc5d61ac6dca103264072d1e997a6eabf6c,886357b1dd7455f012180c49c55f0751fa4814ae304919d908ecdd2737db88c1,5591563497683493843,3653390084438377638
test/0-4169770626.JPG,test,1,4169770626,2023,2023-08-04,d0112ef35f08890764807247f7c0912b9531430f7fc8925c2ecd42494f9387ce,3a50671afd617f4ca06c5eba0bd9455c383f4e74e906f8718a8771cbe1f607d0,1623083104373347268,8387369557161654563
test/0-4169770402.JPG,test,1,4169770402,2023,2023-07-30,826ff3be1b5017e701959a0079487bbf7bcc899ae01135a6dc15d89f3e6c2e15,18fc8cac2d66b84721cfaa8a3129a28c17a97b1320c8cb69f5f2868c3f75859e,1183438182707278700,2496468410265284020
test/0-4465863829.JPG,test,1,4465863829,2023,2023-08-16,a6d874f72fef255af777eb27c593edc4e250cde8ebde408540c2be90a051378c,ef763dd2d0de1a7a0765920b9426f8af56736307bc2fe69115235c1faebc7b44,1203092137907022206,4305047449772714650
test/0-4465867775.JPG,test,1,4465867775,2023,2023-08-14,616b23d7bb56c30f2abc02f80462bae3329fe511cca7aee29a3e35191d597440,3f6e0c92213a15bd69fffee50d6829f6ddcd4199aa5b42c54f02478c8343b82b,1684874684300459352,11999371050891110689
test/0-4169766377.JPG,test,1,4169766377,2023,2023-07-30,fb26d4d2a6cac8ed7810475d06f9b5db1e6c699c59efc4761f3ac818f1f62dc2,976f2b1895132481e09a196f60173cdddef8d05d40cc98293d8f0a453824011c,5374603108795259676,2789234282928505142
test/0-4169769313.JPG,test,1,4169769313,2023,2023-07-29,468f12d09235a03f2f5554dfffed4e274ba88ce2d4ae8afc9930a6bb89af2843,ee1072c11249d01fac9e604c06d2da4b6be3e148b1bea450c4b75684282a9e78,6025021781229014420,6497839429750201967
val/0-3913251679.JPG,train,2,3913251679,2022,2022-09-24,36187413883e2517ea56bbbd254d980046fab771d5b5e84973eaa409122befe0,06325136227ca34361edde6527cccaf4955dccf1d31a882b07a21df2aeae786d,5423429598354095149,10577770497200075426
val/0-3913253713.JPG,train,2,3913253713,2022,2022-09-25,3b8a83d1c898f7368fad1b7a268bc8e8a1c5dc89595cd5f253320ace19899c91,e68867461d975c6b0d5a5bde4026946bbd2dfd07c2269b2f7fadf00bcf4f7f25,1548791237102826034,8527205789015668470
val/0-3815483337.JPG,train,2,3815483337,2022,2022-06-19,9d4c206a82f8c7a3c6c2898c8dbd5c765003634e7a237114389d1a2c3deb319d,109424151d0d42aedb978746d9d0b7e4fea12cf167297014fee3ec6df28fb4d5,5230714830571780198,6588716582014645145
val/0-4100089581.JPG,train,2,4100089581,2022,2022-10-09,dae3e5201a87bd58c8ba79faaa390b61f9996a873b722e0796b322b531dcf78b,1d2a1249416565078d15ebfbc8f1c0f4516d6bb2309387149ff8e51af5da31c6,6017750954797228515,14022463001701988686
val/0-4100093558.JPG,train,2,4100093558,2022,2022-10-05,079021392d95e81be1b5665b9a57c4eabe2941f16563d3ede157da75e12236c4,c7b9641320335e79df1c70bd4d33fa4d75fcbc5a7e5adebb953a2a1e2467527a,162098985696533625,3443345839394245828
val/0-3922627762.JPG,train,2,3922627762,2022,2022-10-07,860af2faa5920a51d6fe5dc01953e5b77bc558bab010d2205a2475368155aeb6,49dcd26d73708861fed28a798ba9435747a9f40a4d4808b855114a1ecf7e02f4,554920534400735311,3056515661479241316
val/0-3803326310.JPG,train,2,3803326310,2022,2022-05-31,1b85f71bfe866fe15e037925d0a2e18b8263a9dbcbdd5d7ce2f3b8c2f17138aa,cbe83ce4f6c08ec44d855e2e7fbb99c1bacce2168c48882d713b3f73a7e0906f,1194069008293081586,10617725011960214192
val/0-3909145617.JPG,train,2,3909145617,2022,2022-09-18,d84e73b423772b660c7f38c1f012f1c5b1795029d51b2949dd9c2ebf21f16c48,5c5cbbfcb30ac24764aa8dc1071a7a10748d208cef0eb595716231970cb17395,5102922723518116046,8342228831878719011
val/0-3968583430.JPG,train,2,3968583430,2022,2022-11-16,4ffbbf6eb9eabdbc70e999880dfcac028d1f1e23cd645f906e100e06f1cc5e20,7daf82fe934e42630d4c9e0dd6193c7f44798d85c4d4c572dbb1013ec858dad8,4952336318267376699,12476066926780796593
val/0-3913249637.JPG,train,2,3913249637,2022,2022-09-23,67f6aecd2dec357be885f2bb43782ce54cde340d71042eb94ae086a29d56741c,9d1714d548002ca11d3ef7acd96732eacc0bdc6b49e5389dc09577671c4f195a,7254502120931055940,3920051621292443276
val/0-3913255373.JPG,train,2,3913255373,2022,2022-09-19,f69721367c2402e53a613d88e6998ac3023e9304d21aecd2833b714706e934da,1fedd77e0231a72351e12c89431779d01334577e140063542c272b8affb93823,2073453651119295181,8012660408092531770
val/0-3944339724.JPG,train,2,3944339724,2022,2022-10-21,df97804c73bf4e8ebcae153104808c1d6a1b6232a6edf9dc78ef2a2fcc3f6534,6ba01e257f5f7836d4b92948ff98263dbe490c71cfaeb697c0c7c3266d764a24,4667818548542347806,8269710526541567382
val/0-4100094488.JPG,train,2,4100094488,2022,2022-10-04,bd477b840ac20e9b5b5a4e7072ecbc2f06897648a8ad81acd90a62ad72802e38,4136d5e1150e4e2bf076317273ebcda3152ffff10cbdcd76662f0bf773a73d8b,1636298569702753203,12028019752258709289
val/0-3899715427.JPG,train,2,3899715427,2022,2022-09-10,b97d7b26ad244b1f280a85af47d7e1a215727181adcc6f257eaa89606b7690f7,e513cd1247cd2412e2d86b6818a6f524c082694265b221eed337920618c8d84a,6787836037333385485,14562382084020842789
val/0-3944339827.JPG,train,2,3944339827,2022,2022-10-22,0faa008d67b8cb18c78cf7d76e8540d169d4341666ee9eca964be6da662c6b92,e8767d372ab0bc447f7efde3a0de5ba5baeb5354f5ab45b39e2bed3e5e162452,5107443833560263774,15693184794998368753
val/0-3964845620.JPG,train,2,3964845620,2022,2022-11-12,596273d3d12591cf4cfdf8cd32a1d686edfa063d234ccfe201df550c88dce01a,f500b353c1036bca497b7bd87312397d31ee90eb2cbdb88c36892e282dd2e255,1844333342395655219,8915214319609638558
val/0-3913252319.JPG,train,2,3913252319,2022,2022-09-18,c045961c6798c816b61d03296cf2d5a45334f7c65717fa36d7e9eaae0e194571,90f7b9722d5677c3f7310d99735e4db9000a7936fe79c562d234394ff9c6384c,467035983193733290,7874121722130457724
val/0-3909143452.JPG,train,2,3909143452,2022,2022-09-14,bcef5bb48cfe6f6e28daa6439a94d337aeaf1558e0ef4865d8e4a2709d82d624,956d15e995e47944069156995a3279bfaaa54e07c9fcf13e756ec3dec1836bf2,1840915177119307596,3547119999908346290
val/0-3899714346.JPG,train,2,3899714346,2022,2022-09-06,98e5a4aded1a75f26c92a977e5857b8d1c9bd06250fbbdbf87a78a41c8e5e8f0,262a0f40f9cc6b7104d97bd688c3ca65645eb37a9163b828cce0bf4c2b66d77d,1750888271420050630,11504347648102046095
val/0-3891497361.JPG,train,2,3891497361,2022,2022-08-18,a1de2b3ef71cfb358cb101d1dff34f9f2e02d6dc45663db805fb12e2f4a6a8d6,a094706937427d909bf4dbec5ec36556bf5909754e2109f7f1d70661bfe8c07d,1985355943314229968,3430222541008473565
val/0-4100089490.JPG,val,2,4100089490,2022,2022-10-02,b738a8eaf93b0b472b9d1c8809c86d0199262e21bbe6bf3df38e56be0888a2a1,281374101b316128e2a001b26e15541b8a4f1be70f7258a30f3dc50d538d6c3f,2436078144326981317,5289312611321486238
val/0-3815489325.JPG,val,2,3815489325,2022,2022-06-15,609e62db777f4221116768cc910a8c99ff8b7078a1e049535fefe3dc4b7368a9,9e1efde49a51dc3473a2f7a8b492279ec38d764caa2a84d29fc0d371872b5f39,6379128387543749260,1042843763532732337
val/0-3909140510.JPG,val,2,3909140510,2022,2022-09-15,db9b9e6dcb737b060b24a9f22553f054aaa34f70f11067fa5fef5dfa09be635e,39db4b871c386ea05c1fc383b52c91f984d3801ff7a96e7044ea1c54d43b97de,5388950879198387087,5365884723471213997
val/0-3913255682.JPG,val,2,3913255682,2022,2022-09-25,5c8989c45257648eab7ebcda1fbaee5239d5f6793b06655cec4a3e615f8522e4,a5751ae1258e575ff836fc8cbae680f91d8b34946f7de43cea7bac44efa607f3,992818561116526636,15260272996933284658
val/0-3922624833.JPG,val,2,3922624833,2022,2022-10-08,f4552ffb866f0acad26e29d559b86435750e8e0265b4d1878a72bfd06d065a29,bf26142cc6b91cba1c15a90291355b228d4efe615fcb9a0e3eb5a55e0ec7a420,1672359158175535172,10542553361552040774
val/0-3922626445.JPG,val,2,3922626445,2022,2022-10-04,dcf2fd2dc9d41295fd4c08c435797bdf7e4943433e57a8a7e4e2ca33704ed901,9f0c634272a94436d0e2f5b524c89bc06f3e62fa7c24228169e3c45b85920105,1641963062786428316,7579896727892397061
val/0-3913251693.JPG,val,2,3913251693,2022,2022-09-25,0edc03749b51791c7b01772cba762bdd441936d3e9652255066a59083f41eabc,f255db42f6e9317357413a237988c27c155416b5baeb8ab2789c6d534e167d81,2225753201570226727,8303764365281931388
val/0-3909140545.JPG,val,2,3909140545,2022,2022-09-16,3dcdd6b84caabf7e1fd236377a69f7ee3a7d22780368c1f2e768450c632eeeca,c08c642e69c2c04da4462622e8d68d68ed8bccdf2d6644f4a90988d625ca9161,1379346521546998213,417934045689190686
val/0-3806913314.JPG,val,2,3806913314,2022,2022-06-07,b5554e2bbdd075e4596c129c34dd2becdb4e832bba2a0c686ddd6180f17a6897,37ac282a578e51fff8ece3336e93e805ad8754c31b0587055300a1ceacdaa871,631475010899538132,7485221111214878613
val/0-3815485323.JPG,val,2,3815485323,2022,2022-06-16,3b27cbbf60b1ab636189314748e9bd3cab3cbc6a35eb279498e6fb3ec62fc1ca,706867748f55d055c03828b657823b2bc3678fca3d2f91065f5df536ea14a91a,6356668804296097372,11011464474739708819
test/0-4465866421.JPG,test,2,4465866421,2023,2023-08-06,acd6dca33ed4b4730c61789259b4739619cd19e5e6c994fc5d1d0cbbbf600ee2,db06e6c2fb1f4dacc966b33f78484b4102b279ad420d6833e4fc0e4f3eac6c1a,1032231606765515443,2878320662104194887
test/0-4465880692.JPG,test,2,4465880692,2023,2023-10-05,65724ca1879701204e316e293c9b6ff0a1a4be0e6f256792804d4d185d1251fb,7ad7a4c15ef2a0f405f10c96a2d143c6c28b1acb8813bc09993d2aa40a559a6d,986695579420186780,11416258583883834600
test/0-4465885073.JPG,test,2,4465885073,2023,2023-10-12,8449247f407bc477e36c0abbf4a885a780d865cba062f520b9f2649f74cfd163,014239a8e521ced4d7c457bc5eb36cd81140d5b41a61bcaaea6f1424e57f88ef,5744675844212244943,4407160235822179265
test/0-4465873713.JPG,test,2,4465873713,2023,2023-09-08,98e4be637305e5b0897a6ef9f50295cf3b9a819fab7e2d4c673f74df9922877f,f7b0c8642f43c67fbb42424ff1aa05122f45ca8e836127614a95eb3715b65dee,201866111949639639,11759823096774761797
test/0-4465893325.JPG,test,2,4465893325,2023,2023-10-17,e4d0ed7ab9e9a8e54336b82ded634c9e85c1c8bb5ba8a996a0892628c3dbf766,0019bd036bc71d4c9c00d0dacaaf8e372893e82b97c0c2a92272403faa8d8ca8,5785768656951974349,11512274650849123572
test/0-4169769523.JPG,test,2,4169769523,2023,2023-08-03,19dcb816797321175c8d894b00bf2bcdf9903bb4172255c5d2a134f4f831e7e7,47110a9c0fd924b187caabb8bdfc97d5a5bcf2a13fab640748acc2fd5e3e16f8,1461540361553487255,14295749824321350804
test/0-4465898976.JPG,test,2,4465898976,2023,2023-11-02,96ccf949753e74bca9f2a502be8caf87a019c00d65c9e54f6b384f396f082a0f,46b2a4822bd4b8bccb251673f583ddb39c7967f7df0bae989a23d610dff4b09c,2655797415832080842,10622400719432099492
test/0-4465881460.JPG,test,2,4465881460,2023,2023-09-28,f0a8f191dc284a4035e3603a1a9072001b494304ecfc9b9c18b2ef89233da4fa,04385fd726940cc9f550aa06b35c6eaf8e0ea1c26db5625c7ca66c0a74105e84,1058100934322125084,2852873586636639640
test/0-4465889602.JPG,test,2,4465889602,2023,2023-10-02,e4d9fa4df0b5e0ff020bc265877600d1880f9c9f747b9e106b7d4ce328305c71,cb60e2a4b6d92e1b6eb74f3751beae683e8ec557e46b080f3b642902e3e7d99b,7052687721065672263,8348133889723213129
test/0-4465860940.JPG,test,2,4465860940,2023,2023-08-18,8cc0f5424add042d526d9a4c641880b5d4a0bdd3282fda787f38a92594dd0468,817219787d701bc9fb06125d79d393b25cc87699f09ddcd55766a6078f8ed1bb,5446943397638340750,5652409838884070217
test/0-4169759952.JPG,test,2,4169759952,2023,2023-07-15,81377866cd0110fed23ac10bb13db4c3d2adc5789dedb6b3d6fa3019e44d6e6e,090045fed0707279a78d5bace9347429911c572be9a788c539e34016d57d8516,4798615733559322419,15110115264855599528
test/0-4465900174.JPG,test,2,4465900174,2023,2023-11-05,df8ae9c1507dc5a78b6572fc3260f3c9555d287d17c0dccce1a0e169ba39e965,20a5297dce623517848d284d794294b2e1318cad4b1f45617dad99a004546532,1475610083626227308,3574922130677869709
test/0-4169760108.JPG,test,2,4169760108,2023,2023-07-23,dcd118d2deb534d4ab19819322e37b78e01c2f325ab7b3b4380ee87273889641,cc6e42342b7ce940961c946990dcb9037b7c83a4daba1ac3a2668d7775acbda2,1939191290785143353,1097745709969988045
test/0-4169758273.JPG,test,2,4169758273,2023,2023-07-27,59df92448057e82f22640c6a4e9d6a58dda97fffcf1fdcdaa7f3d54699a59deb,fc502efe81ced2a2f9706a0a802120dfcb9538e482a22e91cdedc70b9d259e8d,5675433955214738494,7583469004278312639
test/0-4465867086.JPG,test,2,4465867086,2023,2023-08-21,fe1f80af655e330c0916771922075fea188caa959ce7d382c11ef0d61a0f0696,a19ae952ea09b1ea7adada9df9351c479f332c1246e51c93aee167e75f50eaa3,8962269591433472380,9658557073689294504
test/0-4169763900.JPG,test,2,4169763900,2023,2023-07-13,3288cef422fc968a11716d88908b4b7d6aa7fc3f06c1aa0a6431ba776598ac6b,ac0fbac589b9d19946b479e5c4c03daf723ef73c394ebeae8e77870139acdd6b,1962112872495336991,5267304127609059410
test/0-4465886885.JPG,test,2,4465886885,2023,2023-10-09,7dafb5c29f8b8d7ae0d7d46baf7315a40f546c04926d1bf16a0760e194035a2e,63bb4b6f65d0787f831e07db4282adae0bf8e0b199286d5c48d78b4f50e5ce0b,4642997461215520664,4855128620719206547
test/0-4465878680.JPG,test,2,4465878680,2023,2023-09-08,14e5018e3ae794178eb82a4b963507c7b560d5195fbec0551be2392814951063,08e01ce11038ff8b7bcd8de84627716f5ff77bcb7221aa5f61999e844d5e2467,5568260162113886753,16602486804296520459
test/0-4465888124.JPG,test,2,4465888124,2023,2023-10-14,42ec7bff4d27060eba6d8a5e79756f90494d6f2ac5a261c800f503595d9cca89,00b365265d20b6f32b63e2818217e117f6d7f5f865eb88d0ba32ccbce475d182,8396235190066558354,252681741663143707
test/0-4169765392.JPG,test,2,4169765392,2023,2023-07-30,72800e8d4814800fe4d968c3792150b27866cbc5bece627c76069451b2a36b51,015b24762d5cc16f8c2191d1deb850fd1b2ca61288c764839e8fb6443f0c2c10,5243355567488447354,11646450345356850484
val/0-3819293313.JPG,train,3,3819293313,2022,2022-06-22,abf7fac839b22277af6c4f310fc745754d320313f00d3c6b13ef21affd8f1a97,d0a1ae7a7b640e707f67ccbd17e4b589972a2104212ea2f86b17dafac54234a9,4958009535518445977,13934471707571309762
val/0-3898073333.JPG,train,3,3898073333,2022,2022-08-29,c3b68df80859e58840521bf2d4a2b34453b9f0f125b81f7eb4b7ebe462b4edcf,4ba666c9e0ba222068b8f1bf7b7c487896475744c84ec879beeee7d16f4448dc,2202658698292438823,11056458290046510437
val/0-3899709421.JPG,train,3,3899709421,2022,2022-08-05,07d5bd4ec063b59132f91189a896dce3995ec3aabbecbc9d0979bbf45ef2d90f,da82480b3c29ddd04e34b9a9a74efdcc56daff529287af7ae1521aa136fa14cc,907920573698070726,17362696335602591142
val/0-3887953335.JPG,train,3,3887953335,2022,2022-08-13,fe748cd2163ada62c36603d448e183203ab599398f54c93a212c12f5af53d065,6319f0ea82c76d6348611ff9978153ea506371536c9e694dea6e494b88902aee,8245291665124167657,3108404637701246361
val/0-3909139573.JPG,train,3,3909139573,2022,2022-09-16,6e0049b53942a4b598c41b0c3f446950c2e048aed70d25aa7a701bed788f3838,2a5b4cf34be3c1c53610dd276814bc86b08753976cee7db65c8c5cbf3073102a,2085847286598872155,8210265207972624627
val/0-3861324310.JPG,train,3,3861324310,2022,2022-07-05,851279e5f858ef6b63bdc815da05e953b6fac97a5c050df5482919d9afaf751e,af59761df7ead7e3bca47fc2ef5d97a6840f1e3f250f807ddd8cacffe7531bfa,5457008551666245249,4112810557855417005
val/0-3944339955.JPG,train,3,3944339955,2022,2022-10-23,a0e93b528284af26338b2ddcd8650909c0eee553e934ea7c0aec58be335962bf,12d2da32997e66af92947bf8ff603d2c6105772a5106b687780cd765a3034ad5,4701602766319195812,1381633336147103380
val/0-3891497314.JPG,train,3,3891497314,2022,2022-08-13,a4b96a07511c49aa778dc3518400a19a712ee0c481f0603bf23861911fa62d23,2d8dfcfd80aecf736dbd81ee7b83b7463fe9b5310e6706042f866c42cda3e6bb,1711982671341629997,5438321711321274902
val/0-3922626390.JPG,train,3,3922626390,2022,2022-10-03,6e449a03dcc259e7c82a9bd55fc8c4b289eff38a4ba8ad344cd0d2f0122bb3e8,fb516616feca4af850b819b204de0d809dbdcd9a99029bba6cf91f0924b9d627,904031479060575292,7057623813713064918
val/0-3913251678.JPG,train,3,3913251678,2022,2022-09-22,b464ca55d8c9ff12eb2cf267a8842ce6695b5308d279875d63157d03a1de32ae,7c08d82778c68bc82f020c3b9adcb5ed17e22586645dfcf0a58c12087c82133e,6460244447390191366,1397323769698173249
val/0-3922625315.JPG,train,3,3922625315,2022,2022-09-30,9080db2250bd71abf12668356cfd44e942d1a229cd99b5dd0aa3028e338b4959,0fe7875f0bc15bb706370413e6a729ad8fa38b2ff5ddce76d1043aed4c7ced52,925476170491503656,8140454464952153041
val/0-3922626821.JPG,train,3,3922626821,2022,2022-10-08,18f064faaa4cdbcb1c1da1a7a82941f69ea846b3d4660500c82984bf0c3cb1a9,d3e172d4a75aecb55c1b4ce62397dce4f1bf8912d6df6a7c90b052ebe6e13a08,6706761214306299876,13369870841749542198
val/0-3867916330.JPG,train,3,3867916330,2022,2022-07-31,4a1d8a7c114fab796a5ca39375fedbf790dd1d2d7c5a9fdbc6f1e4206640cba1,231328e710714abb85e3c8135c60b13301e5137f90e8ae13a91be61b3959daa5,5498752390234850576,7145211925706156464
val/0-3925715718.JPG,train,3,3925715718,2022,2022-07-31,7544574ea816cd66f43771002ccbc8475cc9f3c3747ba73de4504f26f1691538,4cffef11ce4f6cfe24e1a0d614ecfb123e513d5b1c42bd631ef7cd0d0783c8e5,925546295339036995,11270951545367970999
val/0-3861322307.JPG,train,3,3861322307,2022,2022-07-05,d02218eb05497ef3f7867238351d039a3ca5cf53e9f2b079aed6ec9d8264dacd,61804f510da86dee1779e0efc3ee1a76ac4176ca4187ec6af2ede859b4340cc3,1325304672045266588,890785650966043641
val/0-3909144396.JPG,train,3,3909144396,2022,2022-09-13,380d4ed0340a2dd4329b7beb2fccf6056ac01caa210d4f878feac904ac652703,dd74932ecbe20f8b2146f28b3c962aec9f17f831b216675bd05debcc55b2b315,5526874645696397980,13409170692565676256
val/0-3861317309.JPG,train,3,3861317309,2022,2022-07-05,a4828e470e660981a79fcb1463c352728c4a43236d9f5c1e404b5ab87dbc592a,00845f9ceeab7d7d652a59055dae4473bd0715b71200dde0699c214c12efcd68,2128819954109981877,6555466663984575564
val/0-3863493330.JPG,train,3,3863493330,2022,2022-07-17,da3d193dcd5b197bd38c1d399dcc1b732bdb54b3f4850c83e60246d99aae9bd6,f2e2adfff38317fdfa161388497a2ee9a0fd8ff845ecb44da8da14cc360c6c98,977042981128475316,16389720917758299702
val/0-3861326336.JPG,train,3,3861326336,2022,2022-07-10,269216752d4e366eb0e1ddfefb6d0608293e05ffa9b1e33057553597e32241c5,c6d2b8f648c2a6ce7ba3e8f4efc7fdd158295aa11f9bb501e85fe1d1e7531495,878540050726047507,16032376194630630821
val/0-3887951307.JPG,train,3,3887951307,2022,2022-08-04,3bd2d1eb1413f3e224c2fb88f925abdf71780b1745e70125f0384a8a4dcdf7b2,8484be6e73c9147061e0ba9902091fd136378eb8a136e5deb18c59185bc41bdf,5144017604748123000,15801840028608393394
val/0-3913253479.JPG,val,3,3913253479,2022,2022-09-21,5fff8265ace67d6f5afaa66d83b3310d587557158ca6422087ad9dcb3be42902,f2c9402f90cf639432f470b451c209adcc0ce3850f6f57eacd06d3f5c8965c2f,5683288820706998955,3270214926205575851
val/0-3865753324.JPG,val,3,3865753324,2022,2022-07-24,4d71bc68db3ee92a8a58c3d50b9c12f091808253351125ca1ad7c0bdcc3a842c,2eee0a0b78bf2414329902c4617ec23b46ffa1a40ab9dfe35cf86b2d3dbdcfb4,1712891988567964955,342687530765445605
val/0-3891493363.JPG,val,3,3891493363,2022,2022-08-18,fcf05bb65a5787a9dd2acf0ae74686e2b24625b0740a556972f9eb1c10be33d2,854eecf1d824422a65b9926a87d48ccc0df9113f16fc420a02d3af68890203db,4671192754691374744,13319827784632357797
val/0-3861313334.JPG,val,3,3861313334,2022,2022-07-10,6de1d3e9430220c2bbd59eb5799245155172b35a108ef283f1ee4d1fc27c631f,a976a3f294b6c1e2045c7b85b9f425d50f2fab8efba9e5ea31ca91a03803d63d,888108435325711510,11410824996879542182
val/0-3898079387.JPG,val,3,3898079387,2022,2022-08-31,ac8709565661d574151eae49958521b6080ac89a6c95dd48d02a5b6cf183dff9,39771952dc04b47901c1090257f05012c782afec85cc8dea352fa7120b4511a7,3574529259853288597,872529106995432268
val/0-3909141622.JPG,val,3,3909141622,2022,2022-09-18,b47d8b3cd9a4c7bc194c0e1626da898719c7b00e104c8005fe1217087a48c653,b95dcc81ca749eb3b3e9583ce95fa2f67e967788dbc0a433a3bd2696d3ce82e5,6666590222740562791,13161293757260308512
val/0-3913249431.JPG,val,3,3913249431,2022,2022-09-18,e3b01633b1aec8fd460262a02dccac8ec3b6a0607a1cdc58867011a8e5f22a5f,861a7adeac0e4b14691fb3d4213d91b040dfd2d007220aaedd094ad556d2e93d,5154155063598416761,18331553472859645031
val/0-3925717837.JPG,val,3,3925717837,2022,2022-10-16,3ee155cd1fcdd2bfc40fac439c545bfd8a0ac02fb575c12066711b76d4f40f57,90af7247968a66ac905144ecceb6e46efbec8419aae9dfb08e5496b72106f650,897240369137409139,17426337592301086310
val/0-3863492320.JPG,val,3,3863492320,2022,2022-07-13,1af0bcb802a5a35d91104aa6a8bd0f5ef81fcc8accd02940e4715cd8b45f001a,8a38ca0720f40f0d02b308ea1c65c3d12a4988b08dd5a78926017b77ba4e9e60,5916088399121432222,8895081559676575945
val/0-3898079354.JPG,val,3,3898079354,2022,2022-08-30,dfbf4c180336798c8d40cabec86c1ccefae2e604565cac7c6ec04acc4ea11c9e,38ac4c5e323fc63051fc91b7a472c79d9e3d078db421df6a838a5941d6e0ffd6,1329235056482273750,8475063653580306100
test/0-4465869360.JPG,test,3,4465869360,2023,2023-08-05,3360935ce6fffc56fe32bea32a06ba2cf7bef7baaaa1856ba749ee79b56989fb,2cc4bc9ed096284fcd0673388682b6c29b754ca1ad130945d783a0e0ad734b80,5317681589263722432,3878694073096968649
test/0-4465864913.JPG,test,3,4465864913,2023,2023-08-18,a8fbfc82c365c1b4c9778877e78425688f9e76a48dd7b194d73b8cc1dc87b732,3b8a9e634a749296576eb6d46c3e2c80ba5eb8633c6d56ac3632450540254185,9119957671758802998,10563929338626786854
test/0-4465878006.JPG,test,3,4465878006,2023,2023-09-18,34b895193b46dc865f7e555992af7c1f49f82d1ef23c649414b470336be883dd,b16faa6172963232b1820c0c66a4560b0887b2ae08f8cefeabf32b43309e39fe,4940706036399128987,10714774817820978627
test/0-4465868613.JPG,test,3,4465868613,2023,2023-08-11,4a4957f9594929bda375f82988b51f56e4ba9953b57a2c32692a9478f0f249b2,d5989e44e391e7c887e0d05d23c8cfcf8482a10636bd4d498e6b852d7858f942,1327361727651459730,2080078175938591917
test/0-4169764104.JPG,test,3,4169764104,2023,2023-07-23,027064930b4839eba23834ef52ee33c2f9066ab19bbdf6e97effd29ce1dcccc2,b6d168ae13bf765d8df972e24b3d544ce554c1a1c6443297bf37c17b11542684,981070269034843523,2770402280182596939
test/0-4465874670.JPG,test,3,4465874670,2023,2023-09-05,2b28dbc2117c2ddf5961bb717f48f3926c3e03d48066c9aefc5280bfb81da50d,6ecc13f2cc635b570e63a3013dc0533672c818213c23d62e548caf10aee85311,4961676227017843377,1279528984130234343
test/0-4465888852.JPG,test,3,4465888852,2023,2023-10-07,e6b1297cc9cd34e894dfc1d78e73f8aad312df1d31c49088391c17676860ad99,f9dc58f2d81e65c5a67a859e2210d9f4f6c77dfdcbeae189f3fe20b8ea855516,6818838157290560218,15552681505316696201
test/0-4169768357.JPG,test,3,4169768357,2023,2023-07-29,b26679f81e86b36028b93f69ce74de6a61194dff253b055b15d8c62d67e072fa,a0b953b46601bac339a4662a79f2e898f09dbe9e25533df5b5896d5213a9d85f,4906439211916409150,5344833538208966311
test/0-4465879953.JPG,test,3,4465879953,2023,2023-09-16,6c04e9cb1b0a0e55cb0c859c61dafcd9818ea0059bf5bfb6a3f6f53fe033c059,6e31d54fc733c01167208bb941c8b61a098d8b0d503307af3c8ca8f1aa9ecf47,5654574612890571418,7378006575713476844
test/0-4169769585.JPG,test,3,4169769585,2023,2023-08-04,b34db04e750f28c6314153bea1ef2bddc7a95af010d3a1a04a07d683c2f4b0da,c4c85b0521824f9dc47e553e829d91c364453c50591458350a17acf295f92eb2,1841818540139710367,1599740745044349086
test/0-4465882784.JPG,test,3,4465882784,2023,2023-10-08,cb18d43941b708b2c65e8263ffe3435889f02f3e620446209f9b6c7f34045488,0980242e87f9901a2d5dbd9fc826bc0dd56b56edd09a3f822cddab5843178a05,5027822794195687321,6297690781491434265
test/0-4465877753.JPG,test,3,4465877753,2023,2023-09-10,fe97a72699d830317c50f46b162d919ff7c8c7703d460bee59bf103d7825da79,efa01a9c9d5b7d0f07083905178d4920f4b5829c4de8b8f35af73ec48c1ddbe9,905754232002760157,3772172822394643745
test/0-4169768400.JPG,test,3,4169768400,2023,2023-07-30,85d5f8bb66285fb5b276675aa34f4fd53db1bffed4bc88ff70ba6752457cc015,85904b7a179fab3224173f9ab213146eccd000ec7f4affc09141f5d54456173c,5466002188514917404,16170229171130459364
test/0-4169764174.JPG,test,3,4169764174,2023,2023-07-24,20a91d1bf6d7380059136fdaba36d1e54db62018e32c87ca0938dc2b185ed886,5f9e7562a6ad3763e6f2a197cebf8c983218f8942b550b9a57476f8961b0c3e2,2010412585994131625,813137526041086939
test/0-4465868628.JPG,test,3,4465868628,2023,2023-08-12,73a9000b6a8e944a87e2bcc176a37bc4bdbd2e5d86ef800407fbb0c619f1f11e,db0bae722beaecd2ae693aaac7cf094deab8b5cc53aae8a1acb8995db72b5916,6313026757050271704,2031176466901340958
test/0-4169763264.JPG,test,3,4169763264,2023,2023-07-27,aafd3fa0ba15c405f4d0548f81c41d1bb0e180773f7d9fbf67eac75a8e7c66ee,4a7fffb59e049b127ce2af4250f5ffa185859f27ecf9b5acc25c36477645a898,691434235520712294,8340022005792037977
test/0-4169765330.JPG,test,3,4169765330,2023,2023-07-29,fea1579640f09fc55623478f6a8cba54be9616fea76c4cc23452d119de02c817,82994710075f146fb199d333cdeb2e35c875a510ebc63284ec7aa289be793c4b,3016509507332884021,8183846014634679275
test/0-4169760104.JPG,test,3,4169760104,2023,2023-07-23,e8521bc34f753ab2f91f26157f3822901f890add8a05e9cd9b520b5c1e34ec5c,605b16734f0706192a63114008cf14ca4474a9c82484717f09f2d35fe3b79b06,2932859370112861983,4268800617098950613
test/0-4465879678.JPG,test,3,4465879678,2023,2023-09-06,4031204f3e72570850243346d4cab3955debe4e5b8a0fe121fce80762b042cc4,4b59a9cfef48900b3ab82c5661a151646358fe389f29952f1c7422061fce8c66,6173603330604857098,6228843419398862992
test/0-4169758129.JPG,test,3,4169758129,2023,2023-07-23,07b00283044c81dda087b2619999cb68534dff0768e226b1e9702b1572548a9e,2d322c0886355b35a0b9e16469c97649126d7d96c6e882ec8e3c56cce89a6883,1848295990879871845,3992546829245968914
val/1-4100095430.JPG,train,4,4100095430,2022,2022-09-24,4e039477eed5179e0feab20a53e7585cdcf3d66a93267ce33fb4f45786218eec,a68da502065ed84512340cde0f84c3deadb7fcca07010da9bcb56d81a3438a80,7673312904087672162,2310364208092627106
val/0-3916265336.JPG,train,4,3916265336,2022,2022-09-26,d874d5e341e60cf5078aa9c0bab99364f61fb5564823de90658a892204b73511,7db04c3549999e53cc489030957f0fc811e85e619683d91b2e129dfdb803254c,1274884069140523852,3214614172082972519
val/0-3913254321.JPG,train,4,3913254321,2022,2022-09-18,5bed74767957c3f7fddfae8d0243227e8ff6d922a0d28f44569fb19adfcca49a,8a1aa8922d29a87f6fba9a313f4f852c60f376f53c01c27cd899a84d10a6e822,482300310691131798,15770424914011252065
val/0-3909143591.JPG,train,4,3909143591,2022,2022-09-17,ac6b1bb95f476ab84c52f58f7450b0b1b821a091642fa9d1a9879f3733fdb915,32384b136d171752346df05c760ff3fc288e0285837e54a4a640b0ef3a0974ee,706077446712178766,10661059127928183003
val/0-3913249708.JPG,train,4,3913249708,2022,2022-09-25,141d73a9638cf12dd6f79d4190c848910d275652e802bd600c1180197005eb82,a74a2d000760a1c16fcb789b957b402afff9ff566cac519b477b0f97692d278a,9103680748729779302,1228372410689327074
val/0-3861312353.JPG,train,4,3861312353,2022,2022-07-10,70ec144b364825f46eca1c8b63b339e195fdc4f7c1c1173d27696b02089c9696,684c664c821a7d131a78ab135fb0172cc96ce486a7cc2f7ead71dc95deab53e5,1340715573298739312,7772572395155252875
val/0-3913248487.JPG,train,4,3913248487,2022,2022-09-21,5bd601282822c28956567070f0761b7b5e5c187c1c1336fef339cf6b3fa31983,3ab8efe08d646bfce57ea49ae80b1432d256aa8148b4811c6cae3ef7f1e24ff4,6405006648036082574,5076640420456375375
val/0-3909139509.JPG,train,4,3909139509,2022,2022-09-15,ec9cf01671caf65eb4a3dfa2d5181c1bf0e667554d4f5d1d952981e2cceb35f9,4012f6d826eeb8fd376cfd145c6d9b9673ad38843700d7ea7aee4190fdf255fa,244949824940459087,13469675952322705778
val/0-3964841426.JPG,train,4,3964841426,2022,2022-10-27,a98189d6a2142b5c310c36e81da00e3a48c2f02dbc636e5e2abd0f030763c8cb,b18007b11d7d9d4a34d2b49d978c4ae09fc2981154910f5b7f614a98ddb48d3c,5099270527950514237,14332320713999435795
val/0-3898073462.JPG,train,4,3898073462,2022,2022-09-03,d8482f48ea6f152fde40ed894705d84bb9c4f438c44fc6f3dc895f68ca0cb46e,66317c8c4411cefc19d56871c0b2d13309cb7749a28a64fedc9545cc515e138d,556318554930792248,2169181663501338682
val/0-3909143507.JPG,train,4,3909143507,2022,2022-09-15,0e81cc7c8849a5a144bb015c5ad5c5fd4c2056c9c8cbeb77c9beb3c05290328f,0cf44ef3fb012288086e20796a9d7ff1d0718cf48cffe9e590c09ca49b5b133b,5492460694134585473,834629603906929857
val/0-3913252329.JPG,train,4,3913252329,2022,2022-09-18,e59d8466b2c01f857897e2f34b3d0523a1be4397c1f3c3ee5b5d0e107b319180,a52f7f1bccba8e40a831ea885f60ea1b3171fa528f0fd0a1e4da1fa72315a441,8968709129050785593,13694022831216342
val/0-3909140468.JPG,train,4,3909140468,2022,2022-09-14,4bb586938cdfa37b79c495c6a24b4d8f1ced8560e80ea74045f93448971ea1b0,eeaf55210dad8cc60ece5094d2832762e3c8852deaa8cec0e5a2808aa81b5ea2,1986697292297977160,3137087459168571243
val/0-3922622734.JPG,train,4,3922622734,2022,2022-10-07,3407d0c4c395fa4ba6833c372abbf17b6fd0bb02c4afb0315d598393c4e2c45d,718bd0d3f1403f9480ae1d64efa2d4529ec0fa707eccb2b2ebd43a570bce28d4,5873932894480593158,11593618196377789900
val/0-3916269711.JPG,train,4,3916269711,2022,2022-10-01,0816b5ffb94cf9311c75fbc595695cd85970b053086e3ef9b4e1b2e3efe3c6ed,84e3847cb50b72e4de58c626a3e838e845c24d1cf93eb90b055f4350dc275f17,4768535555898946492,12985085839440164900
val/0-3964844344.JPG,train,4,3964844344,2022,2022-09-16,a52e30ceb057ae0e3d57b849f0d361ba883115d69297841b6aa53de40a10b9d5,58c486201d97aeee5ef7383665927266bf006d021d8d25bcf012c486f72402bf,6631958817428446362,556749139228039196
val/0-3916264347.JPG,train,4,3916264347,2022,2022-09-24,147c2c9e85746fbaaad16a3c4d8cdb1f5d6a11f1e482dafbf15526aa7f7f25db,da5debf7cf52535860e913f80ee8742bdecf242b529c24cb382fe3e746e5b956,4656500780285127009,8173123962391402115
val/0-3891496415.JPG,train,4,3891496415,2022,2022-08-21,6f6e08ede340e5cc8acc35085684396ec64a575715eb42a013bb026c43c6dab4,c533137ce6b4c9651b1b840027c2a734d04b715dbf0ccf58cb92935e0bd395b0,6735624120059322520,446436975320136755
val/0-3867918323.JPG,train,4,3867918323,2022,2022-07-30,8a591b5015659f7e9f683cbc064ad421c5734cd9f176f06f5c7b96708acd6e99,8133f3e5abc70eb74c4def66e4b4836443de5e2cfaf43ad3269a2151e962e6ec,4869245736987606827,18068592100471769507
val/0-3899711309.JPG,train,4,3899711309,2022,2022-09-05,8af76effef3de4f1e9de34b952ba0da8089fd8af835bc43fd7c0fbbc28370282,7ab90164234d02b245c2f7ed38c826d53cd595debe261da56ab892e47f52a281,1327705031916749502,1595512125878983736
val/0-3909143572.JPG,val,4,3909143572,2022,2022-09-17,e479254f77f9339c772b17d96c52d6091b61a008ed59e93c577331d70f6cdb9d,545f38980c6057a5740411fb82d4dcb7ac747669d6322200b10405277d292a4e,5673169306520557616,2761614085725578538
val/0-3925713636.JPG,val,4,3925713636,2022,2022-10-13,0e9a5f1b5da57737fd4f519c6110ea4968019f145d758bbbe07ba2319e7eaf78,27f4f8653ad994f99d783a4ac8418cc09cc4afe3d7b24515c059c936550cb847,6741090938715686695,2554370787507578194
val/0-3909141383.JPG,val,4,3909141383,2022,2022-09-13,c2e714575e901b80c18465f71517e5e9cca084c1387c32979cc76a41d43d50f0,b61cb7aa2495c715da970b21cad3b00d9158ae8f341608ca9a4f403102bcf056,1923450331771537974,9803696412718885988
val/0-3922628304.JPG,val,4,3922628304,2022,2022-09-25,e56885f1ac800f5aa98a8ad44df8e7c0e77f98e53aca882f007cb292e892fe7a,334db013217251bbfa6ce6caffe51f522617f51dc220c4f041c279558837a3cb,6618966588659545093,15267220433530288295
val/0-3964847365.JPG,val,4,3964847365,2022,2022-09-26,91dfaf36044514f05ad996d16268e0b0d505a6dcb16760ea51747700c2490b45,759d247c512ac6845ecac4067d361bc890bc9e826e7b57029ebb878c121f5b42,4764878222343198410,969331224069824796
val/0-3916269354.JPG,val,4,3916269354,2022,2022-09-26,84ca1c50b7f109dbefa9b342e025026ec19d8207ccd81b927c9105daaea03123,c878e67d25b58d14c1dd47d2f3342e47ba659b2704886b0253d8d429edd73447,6564613123863789619,13337887941273436767
val/0-3922623749.JPG,val,4,3922623749,2022,2022-10-07,95bd49dbffe118317396125aece3de08fa3f2afc6ed2d95ce3329b1e2054ba67,1bb8804bae129446dbdf704f8a6cdc595f5f9e4ef140a229255c3a0fce7e11c9,3304259073113141810,17304689882776983244
val/0-3968580373.JPG,val,4,3968580373,2022,2022-11-12,e384ab1bf8636b4e43f507237a8cf293e4a281f639d621d2759624a0547dd1cd,7e39a5ad06d2bb4aa4013f719135f8e912406312edc569683fae585c0ec7baac,1627832910434723659,11303134482296941352
val/0-3894179365.JPG,val,4,3894179365,2022,2022-08-25,1610c1dbdfd067c6b2502c3104c4e8a4fa952655c9eae1b1ecf4af082c77c823,21a8cd0d638029f7d5bd40b868445f7ad7ea07cf040aadf71757b7036cda4e46,1498431261875201076,8212548077647097908
val/0-3909144348.JPG,val,4,3909144348,2022,2022-09-12,b2d772c2fe4679bd12b2bbaf24d0efcd4e962209ff11220b0e3d3fccf8596611,99469604f30216c14f75d4b462ad62fa51cc0e525071e80d1a725d9d01b9a81b,1182952677471786996,11221608955288262748
test/0-4169758848.JPG,test,4,4169758848,2023,2023-07-11,2e83ff13a8d6c3b77f4ea7cc63f94c1c20009515ecb609c174fee23e62e55f7d,32b503f9b23535a8a9e9083689647bc30483324bec10dd44f395401001ea8217,5513377280028822106,3546296171577423541
test/0-4169761881.JPG,test,4,4169761881,2023,2023-07-14,c8671aee3ffc08f58a334b0272b7fc33c58d4da57d2aae68c1d86ac8376ecf6a,2f01262f0d5001de27d2a69d0b088108fc4e923634c6a15f46234ede18b6a354,5997752539168629962,12957388681807579331
test/0-4169763893.JPG,test,4,4169763893,2023,2023-07-14,2e1feb44d53d41fc326690b483c19ae528043e02b64488bf2b9c9d785b0139c9,45ea9728d6e72408838532801e10a474d38a08b68bb7f0a984190e880674535c,8128833949122443888,15677484317538097806
test/0-4465878191.JPG,test,4,4465878191,2023,2023-09-24,f1bc3afacc4d4fc50ea32ac38adebed099d6aed18c61e59d0f81f6dc4d05b117,f6369dcbf2ebf929a3a993097430623379d0f197bb8017aa4b4c4008ce438960,4819748319134516163,7478729403668128151
test/0-4169758988.JPG,test,4,4169758988,2023,2023-07-17,0bc5067bc0d92758a4175d23abd6be8f881b66a24233837f16f7bbc8d2ab1e46,ea5f6da82a6113efad278de10d21e19af61f82ab7ddbd03814831beba6558bd2,1798558996376377627,18418336231086084585
test/0-4169764990.JPG,test,4,4169764990,2023,2023-07-17,75614f5570bae0e4407af0c5d5521fb2a800075fb86e10788406b2fe7d5436a7,16a7fcad0403005ae1582401a9a807161e44d646df3dc80c458e979082c83c70,5302486982221929420,11197692033400746899
test/0-4169758922.JPG,test,4,4169758922,2023,2023-07-15,5f61d6410a23eaf979b4719f6dfb2a00f54bc89ca688e07177eb4ade655b2050,d90231cff37e05fbdf2108ae21002c307d40e78c9bf42764707ce3d768df80c7,415520972330526569,12749942087712272403
test/0-4465860526.JPG,test,4,4465860526,2023,2023-08-09,af546e0b464bc32b330676d698f7687c8563c936154c4217b7550a942d1b427f,7bab8e3c19ff7a029bb1f9f88559f7c06a2f41cf17f9211b7ec121de9c24d6d2,488776036739565688,6829397554676788377
test/0-4169759260.JPG,test,4,4169759260,2023,2023-07-26,b45529bbf35acda61fbee9f5bb893d216ce90bf111e0a0c920baf5714ddda788,4c1e84645406d2ac5aa3fdd767b85652a79e4069def73a16a6ab5595b87db53d,1433407589045358617,3039302809301928765
test/0-4169759089.JPG,test,4,4169759089,2023,2023-07-22,718263397547e05715b54dbc224a656da821d2741f32f667fc048d74d06b2ed5,d001c9221abaab8c54bffaf28ed3064d27e7979f7f46e88e91989788843fb2c6,1199205836274175059,12350830263217166683
test/0-4169768445.JPG,test,4,4169768445,2023,2023-07-31,a6dda80c763ed21a8bd5b509fe52b706c8fe92629ac49502d7a71e209c3f7d40,085917b1b895f2b4a665ec9ee30fc4edc573bb30dd3e65548946bc7324992970,5139504645991514731,2100025231693064101
test/0-4465878368.JPG,test,4,4465878368,2023,2023-08-28,8257fe519092de8c1425de52c5780b92dc48aef1003dbdc251979131e1c612c8,781ba9268c47b7c6d6b72d8f7288bcefcdd991a8c9282e84fb1a378a7257eb5e,1678767969247390897,7288058677396555822
test/0-4169759070.JPG,test,4,4169759070,2023,2023-07-21,7ebc0060c53c32c8efa69fb70d17e71ee1528d62098aaa99fd442845852deb7d,ba9254429f7237594c9c19158dbdb734896dd8a4603d1bd0ad1042377070ce3f,5714826808507061795,460327393655004041
test/0-4169757745.JPG,test,4,4169757745,2023,2023-07-01,bb28e20948d298f9393a0bf83c19e2e047d8ce03bd4eec28a2565ea5a77fd43f,87b5182949be8d3b40253fece346b8cfa678e3a1ad7642d344dbb7f90125a21b,7041431744476545641,1988864015568772809
test/0-4465865887.JPG,test,4,4465865887,2023,2023-08-17,a73a4546136f690993637da14b2b9c11fd4edc5772cd8f26fbcff6d17bc251a1,9e3aad379854a0fc45f4294c3a1e6eef6d9f7832b47d8bc12b4f502e41e738f8,342954648765215444,13530656882285811470
test/0-4465897881.JPG,test,4,4465897881,2023,2023-10-28,77e5395b8563fe614cd68d5d8865801c69529dcd7f72897209e8f82499471358,09d31274d922475796a7de5b5a42fe5976f54246720ec6b66d5d3539992f8010,4958814083505494899,14237271455248754211
test/0-4169771465.JPG,test,4,4169771465,2023,2023-08-01,2a4f1c5fb9f7411dbdeaefe694aad81d3ff838a69b2871706370341607775adc,dbcf3a891d91f6c264da680dcfe5f30e29daf603d11baecc0d60785334e72ffc,5822371343580903577,4777813363870420013
test/0-4169762919.JPG,test,4,4169762919,2023,2023-07-16,1018b82f58e912d74793615cb0ada2774a96f40e3da955b8dfab5e87c4fc1681,8416db44c291ebeef2153e07e4b5efb86f94064cc2b62ac5b60b644a7184f9a1,8322661903213014894,14756353813141495085
test/0-4169761039.JPG,test,4,4169761039,2023,2023-07-20,754f0744a64fafd6f9fd1d27207841b45db5c05785ef82fc53a809740a9d0184,f00db5e47dca5d6e90590fcf44fc10c7d4677669e698992931717b3a64d31293,418043365037600319,15488697051398385084
test/0-4169757987.JPG,test,4,4169757987,2023,2023-07-18,bff8fb655f3402f78c5b3c1cacdad306befb5299a8c7042c2fc2bf365b229ddc,e394e8dba7fcd5f2e5c073e24b5ed39d108b430b739f58850d90f658012195d0,4961340771236524647,13452720381308585677
val/0-3925718311.JPG,train,5,3925718311,2022,2022-10-02,00550cc0a7db5538294be3d92045355b8f1561b80d86aec57b6a5300f8194b4a,a60a4e531e85b2e5e9b68717a6e695ac7c43e8bbabde34cc5c9a97958fc25620,7657292365814717676,12089637614481116451
val/0-3944344317.JPG,train,5,3944344317,2022,2022-10-01,4876b0df6c2ea7d8c65863ec680c0e8c1eb74a6da44879f07e2a59f64e8d4829,4964fa37e6f9a544fd9f1fd4d858a689dd84c275100e738c33c825f15882d468,6597264805658659271,7726057542024632918
val/0-3964847372.JPG,train,5,3964847372,2022,2022-10-03,49cabe224713a9d0aa266be8eee1d0d6c0b83c9e91ed8693892e9f0de55ead60,f33c0cc427d60e5ba57a37edd5daa7c4d31d590cfd5d2b88a08c4d3ac05f942a,199417821640031170,13972675012806319891
val/0-3944340549.JPG,train,5,3944340549,2022,2022-10-18,97ad9bfe94820fb165baabcb2c56dc1a2660cbe8cf4b967678d2c08cad8cf097,52e763fa3abbdb8ac80aaad4ba9cb3cb88e917931ec86721eee416aae95ee574,4734634332854585801,7107968699131290050
val/0-3948713530.JPG,train,5,3948713530,2022,2022-10-26,6f058c27e0380f6debe64dd198d6637906a60310a0edce626a15a472177579f8,d4b79bf81483e6fe4018ae01128ed078373dad4b2094e61b117b9e725a5c7768,6972388750445313526,14394351967270307719
val/0-3922621433.JPG,train,5,3922621433,2022,2022-10-04,54340275e7bf3afc47984ca2db4becb801ca23c0154b8ee6a6cc07ed69cdebab,547d7fb2adf9dda9e4e2074e5cd3d662587bbed15c60c6226fb23411d2cd3de0,953185638829573774,9484568108224186086
val/0-3916264761.JPG,train,5,3916264761,2022,2022-10-02,0efcef48c275a75b8e3b97b2945f9ae49070e4478f53066219757f09f6068f30,703e3af6a3849eb056ff93e22bce998328a7d2c1a9da0f9226018edfb21ab577,4310084211435490098,1817301233015966509
val/0-3925713810.JPG,train,5,3925713810,2022,2022-10-16,60de16a6dda0e9fa16c9bbefebd4d6115b0c832a6122c03b6fb52648ef62d37f,455f4a8dcd307fdc401f132bb1cc39c7a4390e057ab0868a901f7880ddf91aff,935848137186517550,2607647803583480774
val/0-3898077337.JPG,train,5,3898077337,2022,2022-08-29,8e45f038d1da425b7661a0ca1e98112ef6cc92f2f0ddfa6ec0d976a4f505e7de,148a825a4e99c27ccdf078ab57ac01a5ee47fff6230b56f4da2da14dfe7c3c18,88802931723613293,1971027351095060198
val/0-3944343350.JPG,train,5,3944343350,2022,2022-10-12,45a421efa76b70d4c7c8507874a70fa8d78706ae094d9d6d5a2410377b8d2ec2,69c52a25d0b85760e77b3d5f5a07039c2fb65bdda07ef2848d6ac8438e1b5c9f,5546041501433204330,5488387992663045068
val/0-3909141570.JPG,train,5,3909141570,2022,2022-09-16,b42c35b76e781667428d0d635cbace31e8761c22d52933f806b0e7b40af99bf2,336ecf932526ae0f00162fe84a9026f5ab4b85337c0000417bb5545875c6c992,1538641362925203404,2105704159129820882
val/0-3922625676.JPG,train,5,3922625676,2022,2022-10-06,6a9c31bae7b2ca887db67a26859f84563439cac80482e9de6f2b19794a3d622f,932721ca109ce3fb02dd15e09b2ce1e7f9c7268a02f4b7700ca14cb3a531479b,6071251674793807827,11517626967077065893
val/0-3922621537.JPG,train,5,3922621537,2022,2022-10-04,e598b04fe495f23fdc608193a920dc8422a1f75d460a5953c767d1f8c7036810,fd9a39e7e5308f5970ac3fa4c629753223b559246ed06a6e0207085f815a8e4f,7921939817362612802,9454994273522381671
val/0-3916268389.JPG,train,5,3916268389,2022,2022-09-27,59641b83b3c01c32257d73d59c0aa303e04eb0f0ab65b2fcfe013812f291f3d4,3da995ac09be07e036fe8b1188a03480afbd4a32eac1407d1d1e9b0bd49f2cc8,1434794527705701747,9914982841210902539
val/0-3922621568.JPG,train,5,3922621568,2022,2022-10-05,1e6fb99f52ef3f772737160a6039b96024e4c64f8d6b54eafaefb92b633388be,048b76d0db10931f5bc5b962a55652604b894fc3953b6e2f3df65d4155862835,6633566004677560950,15237420472230221362
val/0-3891492386.JPG,train,5,3891492386,2022,2022-08-19,d3e7f96d77710f24e198c9d634b436294f4ad3bd89ef952f6358aaa9ed03d649,019027e01f48d81a0b09d6ad54960657d2f510af9a0a9f7a981b77e45d15231c,4446052328587760975,17445914186058199603
val/0-3913251645.JPG,train,5,3913251645,2022,2022-09-24,b29461c43e8b8ebc35e8eb414cad07670cd842cf49666e039d71b8576724bd0b,0d1216f20db28513858457aa1758371c88bf3e17d9f0ebacb441fe8b6a8c50f5,7036251010570171358,15835266166777458841
val/0-3922624971.JPG,train,5,3922624971,2022,2022-10-09,2015f5219447bd31a69edc36cd624f00287180ccbfd022c12dd15a0d99862864,c83070581e0e8dafebd30725ada8f96514e7bd2f2abeda4caf83373fe8ff0349,3299333498745814740,2349420175929174334
val/0-3913248525.JPG,train,5,3913248525,2022,2022-09-22,08470de34c4ddd1d81e8086da5771aff6fd28ff82ce9c391d27181ca24e60d13,c38e5f514f0c53b2687755a22997f3eb4c0ad3db066789dda150d0ee9a71958f,1880174269722752306,8771156534258537893
val/0-3922624677.JPG,train,5,3922624677,2022,2022-10-06,14a0063e542d94993b1a333f14f405deb4ae718eb4b1912f3d635a699b79a523,cbe7baab4e8c18d36eaa94ba7915b2da9ff8e6144f9f1fd809dd997558e4e2f9,468613401725974915,3883782829069724312
val/0-3922627450.JPG,val,5,3922627450,2022,2022-10-04,2034bfcc88b88cba8be13d6b6b81885829b2791f5fb9236a6fee1f54f9e15530,92016f20a378a20b9737202cb743dd334a6149b5f19eb6ad50209329ae6f74fe,7912152264554598172,3617343994722729015
val/0-3968582317.JPG,val,5,3968582317,2022,2022-10-30,cb03ee11d1e0fe4c6f1f718e0fe17dc63ce396e3d2fd35cf9701f0c1a09143ff,0b212a65a4c8fc3f6df20102e29d652eb690c27e4e9754305f6951ace0a56d34,8486422324773058484,470074383596462904
val/0-3916264434.JPG,val,5,3916264434,2022,2022-09-28,0fe6cd1c4072e22b596b6216a446ce2cafc48fc2c5c8a7e6f72d7e351a3474da,a09e10c98110e9a43da2e895eb80856bb7d36f6fa5fc69d5dc6f7da4edfd304e,1190986429422087609,15996476692943272250
val/0-3913250563.JPG,val,5,3913250563,2022,2022-09-22,7f602c54d65c38c0f7b3480930a17517a4746d627dbfa5c7edb12833fa94bfcb,1e8b9a1cd530ad4212bd90c8f36a14074429874d74105fb0af87b60add132b68,5087295868825205608,14727917523296044340
val/0-3913248435.JPG,val,5,3913248435,2022,2022-09-20,d96436f8a0ceea0150471518489c694fbe01797b129b1465c2e3b5aa32b4cdab,c114308bb32ed467e9fff16318b8bb8442c130c167d7d77d1815efa4d6494ace,8794876263486251,16912663448337573323
val/0-3916266769.JPG,val,5,3916266769,2022,2022-10-01,d6c5545e3affb8b634cea43f9dae4ed3a1658419faeae16cdc3ba8bfe178db6c,b8af2b731d9de9333c9f5802c6f73d6aaab4545a6ab16cbaa975ca21e7d7f4d7,1858126438114908619,14246955008980962334
val/0-3922625800.JPG,val,5,3922625800,2022,2022-10-07,5485017870f04a0bd048e3c3cf156ba17927b700e68cef9f9cd5a14db773f934,0d47f473238bc784614b49854a6833626596616ef54493c8f4cf521c17cd2bd0,6402218922314544425,1265839562468149575
val/0-3913250699.JPG,val,5,3913250699,2022,2022-09-24,92044df42d6768fca75c6fd15c39f1222eee7de59a70ece81fde41f8ef68998e,0d487ad8d0f89b76e8fbae4a893f3aa1572e9f861680bd6678fe783929bdc1c7,2147528956231643911,3901484346537243374
val/0-3913249634.JPG,val,5,3913249634,2022,2022-09-23,c006463bc0b1e360c9d7e2d05d4eb1a3147750b2d4baabe8adeca86c21181eef,ad3b94412185cc870af15604d5d0352511e13b9425da1cbe3b116f340eee84cd,2725641792562708952,2832723001287812839
val/0-3925716773.JPG,val,5,3925716773,2022,2022-10-15,5fa01ca2a594bc46b43bf853675bcdc36437851c155b2e51cc6616e11d3fe460,1bb5c65323d80cd9f2528439a3e194c06998095c70d3e331515b998908f9083f,403461630247670268,16918214499807006669
test/0-4465877546.JPG,test,5,4465877546,2023,2023-09-02,a5d23fc42a57aa3324d68352bb4406bc7f96a6dc3effae268360e2e7f15583d4,f3804c54bead2a5e2bc4cb844d9cee58213d22933f5822ac1b08c55e319387ba,1996280552884917326,12427325400709356393
test/0-4465861381.JPG,test,5,4465861381,2023,2023-08-05,ee5d3403ec0f1e860c6b6d65e4825b31cb01864c67fb60b8345bf3c1add2eeed,f2112536115e0d89a2e9e0217923f7943e6efde81e5fe81a5a617c804955c42b,7201369340245283922,14865710121297203526
test/0-4465899717.JPG,test,5,4465899717,2023,2023-10-27,50bf2ec253ecb31c534c1bc239c9fad12761a88c0888b8b4c430e5b586cd5203,e4131e995f704c5a17fb72b24dc201cd0033915accb2c8954f3e2a302c7f8566,5307100206909453001,7659932072951730776
test/0-4465892668.JPG,test,5,4465892668,2023,2023-10-15,a51c33fe4cceb0ec9f4956cd718209de49e00b5b9968eb3f388497a26a5064f2,c17a16593554d43b06dca33b2e34983d8d846952c93c4473987ac1a20fac9c64,5026714534490094056,9845858107101585110
test/0-4169771442.JPG,test,5,4169771442,2023,2023-07-31,e1fc890db0df249a266a16522b2eec4f6dd31defc2135063b16818daf15974e4,12c6333769b5c3986bddd2735067b13939f5ae4ddec965ad538962696f8d2ced,8861017557223136194,9741032049301050957
test/0-4465866642.JPG,test,5,4465866642,2023,2023-08-12,ab452d8a29988cada1383402ab9d55adba3989d91819715b63b6d99cc6c9887b,d5504a43a275d986162d218bd3a78b0c72a87a072c4d88149ab1f3ef00fc1e5a,5388959865772994958,16421210253675736163
test/0-4169761183.JPG,test,5,4169761183,2023,2023-07-23,50594527c4ddc4a9a756b98ea277508d435af1485830f6d3e2108bb526fc66be,2c11cddcdbf058ad768173e246608e6a4a9a72e0e5aff3aab94677fdc92928d0,2009859055785806540,3951184487606999096
test/0-4465884693.JPG,test,5,4465884693,2023,2023-10-05,74b5ac59789ab459f12856d75162196de31bcb9c9af17ceccef8941ef481b488,3a674ee3ed940290445c392259f8df5ef354c021c3f479d4a5b8b82b449dd2cc,6039107370898069303,13344843822943083528
test/0-4465905616.JPG,test,5,4465905616,2023,2023-11-18,75ce9ebb822ffd6750fc5c0b23a1d1090f2fef2b1a5fdab76f8345809fd3a992,aac04e895a366c82769b07d6fa4f417a920fd15b8ed708bd2159a01fd6141645,7190749208718840001,7027756483117304732
test/0-4465867834.JPG,test,5,4465867834,2023,2023-08-16,e4a21f316be5b0ad798378d53acd93b65bb8658d159f473e176eb9b5712eecc7,3c013df958625cc40c960d1e62ae6a2365509eec7cffc006a11cb779f45a7852,2742098660890814437,3924437907546156493
test/0-4465894414.JPG,test,5,4465894414,2023,2023-10-19,ed1459bfdea8890c140b2ca07701892504100febf92f4e20f863536ff0319837,e2dec4226b58968bf845489822311a77e79a3f63e3cb24cfac520cdbeb367b53,1483490953022844179,14761933878953403157
test/0-4465867494.JPG,test,5,4465867494,2023,2023-08-07,7dcba70916c24568eebe644a1ab67943fe87b00c13dbc649e1f66fc16757722a,6e418f19bb164f1f3d9a5dd0f1e0236321a35be7df9c7e24fe0a96638be1efe8,73879320586468413,15261958911638426255
test/0-4465860790.JPG,test,5,4465860790,2023,2023-08-15,4adc7222364360c8482577cd16a0699abd6f876361d0782aa7d449686dd5ac3f,8438122cc4f9fbb598c2c103f4144c3fd08e996642635d00ff13bea5c40bdf0e,5520072174432590471,14871723525897959326
test/0-4465869988.JPG,test,5,4465869988,2023,2023-08-20,6ec94a5ae033683bac70adcc1822ade67bfbbaf3a21721407f007e1808e68a0d,00e5e7313a1e6234ffa682f31090f7ecc7289555812bbd848ac0f9fd65fc8b65,2937795666153703113,5085570175677609787
test/0-4465861535.JPG,test,5,4465861535,2023,2023-08-09,c21cc49fcb260a7d75b9083610087de673500011046a53886ffc5eef2faa9701,e13a6960cba840aee141ac5cc5bcf4dacab0ad5f23bcfc2328dd763206352681,994227676097908006,8626073148945774556
test/0-4465887500.JPG,test,5,4465887500,2023,2023-09-30,1a964ad4671458147219f51f4eb9e46dc55697b7ffdd9fec57a15470258ddb00,43793dd1daa9eda0eedd3be6ddef027a66bf9f369b461b8e4d8381056ed654f4,3144067580219003979,10023709632073845557
test/0-4465883022.JPG,test,5,4465883022,2023,2023-10-12,5beb4b99b195dc3549fdc5d7fb2439899fbcebc6d9da0e6abc77a7a32192a347,daa06621ed7348460b69d16428476bade245b03d6d01abd1eb06c7d6b0b86f4d,6046406286668635537,17987934263589792964
test/0-4465895572.JPG,test,5,4465895572,2023,2023-10-22,e613d2c83e90206fd722194be224b00569f670d08b7e5c76c9b36d654dc8182b,f2aab217f748936cc5341f8a65ce627850bf5c633474326239ee4dc26057c145,2940139560318430564,10498848009500703007
test/0-4465883405.JPG,test,5,4465883405,2023,2023-09-28,39be66175d34f9b85eee3ce608af965ebc8c9c3b7182f333685dd1c12eb89f66,3a8bb28cda8f8d8bc58e06d1bf23612f27dbd2004db5484fa751cf6dde20456d,3050859603463856026,16692918672843064227
test/0-4465890597.JPG,test,5,4465890597,2023,2023-10-23,fbac957652a82c48c1540738999a637e6d3d7d767fa81bc2feda8b3d6e999704,806a0937d28018c8fdb34a496b02fa33764058a67c7a589ef355b7ac3e4fa637,2059973912756191419,8374629205109971751
val/0-3922628523.JPG,train,6,3922628523,2022,2022-10-04,cdb81764a5464eaacd51906dd8e2e50285cffc22446bf0bba0d0eb34229a9b5e,e70931eb302041a4f6c6f5fdd474772aa0b129deca96f3ea218183b01469788d,1838071581710759291,15912213199073719063
val/0-3922625947.JPG,train,6,3922625947,2022,2022-10-09,392a8b3c271754fee6c322ad5e578cb1e9f8cf614d534b300aa0b2e764fce123,49a9ce47be5b2cb8bfe28078d6187ed46e2858e08345a49428b38dd291d501d4,5676921147276674742,12782172184120747091
val/0-3922624732.JPG,train,6,3922624732,2022,2022-10-07,bb9580915cfe855c9965b6d59a690a341da3eb1c84b99fe69c37c80d183973e2,cba67eaeef9b7b71fba2fb2e34738ac07dd14043ebaf88fafd2a9901f9da1a95,3009920045490611885,4798223459466225981
val/0-3948715310.JPG,train,6,3948715310,2022,2022-10-03,3693627d7f0091d78d942e1b79f604e5064408aab7ae5848f4bc787ed3a69de1,ffdaadb75eef30f04a51a26bf3dc7650cc036de1935ff37c2a1598efc43e03e3,1554413172782635934,14765324531717027382
val/0-3922624847.JPG,train,6,3922624847,2022,2022-10-08,f67a2c23c579423471ef643ffb9f234d7a7da7d00b9d6b3d80f962a43ff51fe6,198e776bf9e4305132d23e4e2fd81911f4fbac0dcb214bad8873c38891d1679e,530361191456401302,1882615043302544221
val/0-3944338567.JPG,train,6,3944338567,2022,2022-10-18,d37d9e56a1e6da99a3749d4deb3f31ca6bbe5a2ce6c29f9e0e73e0e5400d933f,a587aefe7bba583aa5692d0b374b277db9ba691afc077118340f8eb72d5bd63d,1500400480611473843,706129073947158059
val/0-3944343878.JPG,train,6,3944343878,2022,2022-10-22,a9ccb1a1202645bdf8697212bd02c0d2799879e08c87386ae8f5f67c436f0859,b26fb3500aa6892da46e136e510e5accd88184eaf6350cf4c016ae9a1927833f,6450960388346833560,7039320087350825521
val/0-3925716368.JPG,train,6,3925716368,2022,2022-10-10,18a98587053f50c97c392d5e3fa838494e5308b40bbfc65cc8dba2ad812a82ff,c56dbdf9b891081bca9bfa261d47484eecd1c145ba6828287912dcb50a032d3f,1854060954731741226,3475577224297616065
val/0-3916266743.JPG,train,6,3916266743,2022,2022-10-02,eb792f227319feafa4c7ef4915dc2741220f6c8c7ab4562cdec89e80c5704cca,82b4fe7e4e6e92cee0ffe645f3248f1bdffd038a2b735c9c07423c01f1b4457b,1414539920226998780,11296535690382945318
val/0-3922624807.JPG,train,6,3922624807,2022,2022-10-07,e5bdd7414d4266973f99b9d2eb0fe8f8b102045f7c8ee6c57a76009e40f32adb,ecff2a1bae3ce004d5602dffe38e5f2e909e155eaac2cad6594fa2681708b00c,879103407666335285,11866833226006040885
val/0-3922624733.JPG,train,6,3922624733,2022,2022-10-07,634a0b712df662560d287f177290bf5fbbb4a7d8ffc6d588d5492a09d3075599,16187811cd174270478f117b7eb6b301d0a8ae12c48b8dad40d801ddce3e09b1,1355635344963441503,1066500750527133542
val/0-3899709448.JPG,train,6,3899709448,2022,2022-09-10,9b39af69d58534f1ba7d379c6d2319a96caf1f2217284e17dd78837cf7f8084f,0be0dc01000ff6737978a9e4384f37914394d3c98e062ecd54b14473dcd7067e,5060219856310974366,13871102276162871520
val/0-3944343958.JPG,train,6,3944343958,2022,2022-10-23,98d608d70ac4e8877958eaaf4b7fb5e4542d765d707cacbe488e89a20992c3bf,d5643b37d733ec789ad26fa731b445f1b4cbc64f753f04373476086d4fdc0dcc,7604124358110953253,5396832508200990503
val/0-3970595378.JPG,train,6,3970595378,2022,2022-10-15,21ef7aef854099f38ea41dd8a956af72f84bec08188c52764cf34c6c6b4e964b,a93d3b51a4c7a70f39271c964ce4b95d46c71ed5a30bc46d22d63896516231e9,5464041212525630345,13088245335603114929
val/0-3925715416.JPG,train,6,3925715416,2022,2022-10-11,245adf664e616ca4633a893dbdc0637b743c360cfdb406c46144690700a1084a,2c57ff9717be4967578b10899e067814a0d48c765c5ad401b7881bd4261eeeaa,6652999567413419631,15602904141761928045
val/0-3922623547.JPG,train,6,3922623547,2022,2022-10-04,9746a939daab256f4cc26fa935eb9f9ee69b76849930b42d00d86d2456131d1b,02b9d2d4e2514f5a7e66ef8549ce5d3b75eed2df2a4a6b30b3380496daba46a3,1916674333906383782,2040475021763765006
val/0-3925711465.JPG,train,6,3925711465,2022,2022-10-11,5ede8aadb0413a24f6849cabe412f09b1300a34bee2330ef1ba4cb2538d0ebdb,17cbbea08f13f54f79907e16bb60e7d33e913c69a09140901f3289ecd4315a2a,2052836549725935364,3186140836373227957
val/0-3922625918.JPG,train,6,3922625918,2022,2022-10-09,c409e939f288eb9d58e1d790ab0e96a99f9fa9d49adf3b1010a643a1f6460e2e,002a27223bf983f946c299b556b691d87421d93a192431d4131ae5e40ec38ff2,5594423792879761931,11737323435237536721
val/0-3925714555.JPG,train,6,3925714555,2022,2022-10-12,af460cce74d537bea1f39e0ad398a4946c9862f1ebd8eff0ae1a9ee5867a60a3,6115218612e5cb309d7e9ed2bb5f0e2ee949a3b6cf31ad10d8404892120b5192,928078087393317757,11363693067576354092
val/0-3944341498.JPG,train,6,3944341498,2022,2022-10-18,a37f5af8c6c08d54b463cb85e5ff0fb70f42ccfdb18d5674fb8f0ee30af8e0ab,a20af9f1f3c201948089fe4d22c999db80e478e9a12f0894c61799dbdf4e4aa5,6528312418616383832,6490171582083327747
val/0-3962114739.JPG,val,6,3962114739,2022,2022-11-06,96f966946731e58e4ec4e6b662f55d382ca8505d6e01392d44a8ea5640c288ad,c2121893f7c3d3cf598a8181549d16da83e2d3ea0fc799da6dde7b567d8dd772,8264999555903357845,11618403605550536486
val/0-3925713499.JPG,val,6,3925713499,2022,2022-10-11,69dcdcbce43c4999a744b819d33a0111c796bfdbf7a6c2ff4baa2442b582f0e3,6b89116d8652e0bb88ca644c978e44ae809412e0e8abb6f46bc640a42dd56e48,1076380609981304205,4363411015296542067
val/0-3925716512.JPG,val,6,3925716512,2022,2022-10-12,c199417b614076a189265ce26aa086293893917cdfe21ae10cc7d8a85a8a20b5,6869f6496561a9b3d8b8895900c4281f690db70221d404bfcc6c9ccd414b2a2f,5733291010467901597,3666177215690892131
val/0-3944344307.JPG,val,6,3944344307,2022,2022-09-22,e5ffc807c0eac5f30bd4f7eace5f34a540be6ba1019a67fe743cca8fbe8155eb,25f3fc078bcc59d9a2e3f73365dec196c65ee4590ba7f6a3039d17dea9b9da24,2208278508113085786,5364346242702260503
val/0-3916268813.JPG,val,6,3916268813,2022,2022-10-01,e9215958177b5a4756a736ec5a52520599b4f5dfa8d2a24dea5a8367b2bd21f6,1be757e448b768b516c870469393affdf24e0187b370a146410e92ba05ae576f,922449796253125941,16990871595005687341
val/0-3925716697.JPG,val,6,3925716697,2022,2022-10-14,3823b22f027368b09d6ba8fe5c67bbaa666fbed7c65dc5f6fb525deedb8432f4,9d951a2b363babfd9603fb1560a30d513ad67e8fa9f657677d9061d2779e7097,9047400850352277127,946636846771118676
val/0-3948712514.JPG,val,6,3948712514,2022,2022-10-25,8b4b0e85054fb1786dd7e1525db10f446adcc2e6b41c6eaf07c99393d6e55ebc,145dc59adc7d4d6082739465f658862b06b76d6b9d7faf6a19ef8bf7c82434b8,4093135137234868396,3660959035719505829
val/0-3922623882.JPG,val,6,3922623882,2022,2022-10-09,8034ce31e30decb77a320b97f2a74b4996aa78338d8ea82722abb94399121a7a,bdd89c5fb5d7468995679b7f388e91723f9a89eae0dc3d51e6c061919b0ff455,5738275650520954513,8174589064300886329
val/0-3913255484.JPG,val,6,3913255484,2022,2022-09-21,d6555e555ef0e8a3ac1e5bc7286a67e18de3543e345564fa86182be983267d91,ba4739d3f7fac22e7ca9cfddfccd05103fc12a49102584f685f0111f48e93d9c,5967336360537384556,4363088470107842871
val/0-3916266435.JPG,val,6,3916266435,2022,2022-09-28,d859080c6aa2eca754c4e49873376d5407806cfebfa375ef28c1be5a0f75b2f3,20fffe63c91af42658888bce565fb89fc4da1bbf3366a425ab9deecb83d95053,2578799229367950872,1052093825439026894
test/0-4465890546.JPG,test,6,4465890546,2023,2023-10-23,5771dc52508d2dd7dae4787eae73d4a424b2ef9061dd1d92ee6565e9abfab159,60d33bb51de15a94cec5cbddb7e294097b5ae3424e8bd2e9f453f1ee7dbabb6f,263297981927575649,7297742732382523795
test/0-4465870696.JPG,test,6,4465870696,2023,2023-09-08,4f800343a6e331958359bfd7326d475e51a74ea6fd95c040d415a45cf26631f0,6872c1c894ef127d2ab6135975d1c480b9e2b588c82ab5390d384c5615dd04ed,5033391852587082595,9893499028049807054
test/0-4465861958.JPG,test,6,4465861958,2023,2023-08-19,a41c7e03ee64f07faf8f08952711a0c24c849f0b66fbd872e7b06bbb79bc82a3,bd18c8eec32fd00ca260ba9023058c8463ff6cf9e1a4983d2486f3702f63628a,5157809354549544723,8821263507494169393
test/0-4169766359.JPG,test,6,4169766359,2023,2023-07-29,cece3c60e4c9e1c687ac2b0cb45d75ba043746da5e39a902cfb238652e0c7006,e831edf927301c156d0dd143c7bce9cdce1cd2face2f25aa66cf280d8cc9e50f,417843616174007468,8568633594099948635
test/0-4465863685.JPG,test,6,4465863685,2023,2023-08-13,1ab6e31bfc58ebca1598cb169f14342b5776c47f0d6810f33857cd96adb858c0,01fe82a5ca971f3b67a1e9b2196bda07f0e83e3821ab74da61c95b5a5830b823,1964688141969697545,10401338000042318131
test/0-4465874770.JPG,test,6,4465874770,2023,2023-09-10,4c973c840eb118f2453209f3b2b0999b287e6d6d71106a00f9a6a3c83ce8589b,300987e9f7e2df2d1e376b344a6ea4b42fb63d5ec2fa1fecb56595608fa23807,1525412038013727909,4285547448747443636
test/0-4465868783.JPG,test,6,4465868783,2023,2023-08-15,752cdace4f51561a9929353aa8e57481f7aef2cd6a640e0fc23cf210e9c2c80e,cd5b55fe422a5722c4bccfecabd255ec36bc3a8eb733f395efa40f7747dd0f5c,7113609916671162382,4993567930601918246
test/0-4465872950.JPG,test,6,4465872950,2023,2023-09-16,f6ad17c7e3f6ee048a9a8d841ab63d6b8e35c32d33eb8614344dc6f006580e8f,0cd3b361e4ddb12e25fbbab67b3b0cddf756159b88b062986ed220fdc0e5e33c,1835888502076906068,4218634466028156636
test/0-4169763244.JPG,test,6,4169763244,2023,2023-07-24,de16c8fcb3c7ba84267b09777b0e05274872e11a694937a5fd9f0aa4a06644fb,b29f0df518beb4d70f27bf6c6789a87ca71867bbaf606392a60562ba326312c9,919776429958657138,14840401132235466678
test/0-4169770427.JPG,test,6,4169770427,2023,2023-07-31,dd2ff8ccb27f434520a3b18296e420ea397cb395f98ce7aedd8a7f48274bb14b,7933d825e4ab3ab5620e851c8f774e73e6c0720ee8d8698d2498ed55e09e5f8f,915271860587688978,1147415645968708256
test/0-4169758933.JPG,test,6,4169758933,2023,2023-07-16,39080058db28148f3a1724f67d961b376daa24886c0f7212ec3fb78de8972014,3cac5786720697add17fd342ac3d71ff041658288706f4e42498d8988c07caa2,1857420734987451673,14187801669297943475
test/0-4465897038.JPG,test,6,4465897038,2023,2023-11-03,d86adc8344c80e5ca8941eeca76473b4093b54430ffa8b70c847e6675a32754c,b95d04f59003735f62281854e1cb1b4e48de14e56f996dd830594f00ea24578a,4662118756597680751,2716682730613089443
test/0-4465883971.JPG,test,6,4465883971,2023,2023-10-11,343bdfa0b9c3c97efa11ad76ca15b048630a71d832dcb60dd1e2791cff6274fd,4f76065410459206c1b14291c10097073e7fe63a7f41dbe8162d79137cbab8ae,5250408963399053715,2175788065078499624
test/0-4169762284.JPG,test,6,4169762284,2023,2023-07-28,be1d47638aa717856d3cb1126efc6242839afaf9ae86940b72f94f09c5667f65,416a6c44ed44fdc11743d2de5d326ac0c801e4c07ea16b4217f70d95adf7b8c6,1577450397616072014,12889518492055533627
test/0-4465869075.JPG,test,6,4465869075,2023,2023-08-21,cf129cf05883e74e3ab70d09323571d5e4d6648d51f4e63c35b7108ba0892bb2,f4364c0ce3ea54729a236f284047a6d085c0b3a6787bc7ca68ae0a371dd3ba55,8762710081526668356,5717628806545722951
test/0-4169762837.JPG,test,6,4169762837,2023,2023-07-11,17fed8a4d69eb30cb05b45a81ed008f7b36743d65ca2477b87d58a9b599362c6,8a6bf4d1108d8080d33666936ed2b3e70cfca0502c6e369fa2c70943268f660e,1517548904224044956,8642514186672076117
test/0-4169769498.JPG,test,6,4169769498,2023,2023-08-02,e718245beb679a0a946c2d1a8f96f840076cb06ae505bfc623a8631666b54518,b5a712ba72f806ac7a4454a07135f75cea02f222e839f306d2c061359a79cd2b,8689790546428240695,1707306896292326058
test/0-4465898473.JPG,test,6,4465898473,2023,2023-10-21,0cdbbab90747aac122aa2905a6bc46faebc84da6eed38fd4a837f979121d3277,a5180f98e86d16a7f9eefc5d36e7613889687b6c90a348ba702edf5c67ec8821,4752476013652341260,5976822907329339771
test/0-4169758187.JPG,test,6,4169758187,2023,2023-07-25,00790294c3cd52d2bc584d8e8e5c879a2807aba289fa5c08aee162c0f2c68d47,9dea7f7822518947dced0d96d9ceafab4aabbe0692f7a791699893b48a1f17b0,482302761970588844,12356624883208504817
test/0-4465879996.JPG,test,6,4465879996,2023,2023-09-17,e6339f03c44aec14455ec0d54e5d5fd83b7b2d052af9b9c775fe9cb90d2c24fb,6820f457b63f4355c307da526a4ad111e0c88d51dfdd02f80f6f356a6ee952a1,1784946603022968209,8210295976187509040
val/0-3922621660.JPG,train,7,3922621660,2022,2022-10-06,ae22dbcccebbe8418e8008e90b5a4220a0872207c7b12dad84111e84f6c4dcfe,4caff794183a8672c5d2eac0ad26125a60d038169b0b012363f9a2a6f38f7dc9,5033963227065865500,6355972063828560426
val/0-3944341536.JPG,train,7,3944341536,2022,2022-10-18,187453d3cf39dd51c584093bc7d971ffcc335c03ec475aeadde7a938d6440b34,fdbd371a5c036924f7437c83b66167dd199ed0d516ae0847453ddc6ee97a3bcf,5892777852804889764,8352425351585053096
val/0-3944338751.JPG,train,7,3944338751,2022,2022-10-21,024aaf5f53a4a2fd32a1daa0078127e4154d9c420b9d5f79e1d794237f0b8b6f,a0c5ae7a7ca11e233304dbd3431695b153ddaf133103781e88d4e1ee7ffd268c,2165403017705277391,7870434636112169258
val/0-3925712588.JPG,train,7,3925712588,2022,2022-10-13,f1277494024737d5ac286a2a988219ee6c756ed420f968618453709668eb9e06,64153c8d757487c107f842acb08bbf8d3a3ba2fb5c39e0d09a9daba7b9c8ddc4,2441636118903035672,6324920357328270298
val/0-3948711392.JPG,train,7,3948711392,2022,2022-10-24,7f8432d32d43299b617b3c84599c1bcf91e51f0ece9d1f098d46ea43c95239ff,96b94a5fbef3a1c029c46cf9afaa9f61ecf5bf2e611af3abdb61fb77a605ea1a,6046201382766744361,2956905454138837708
val/0-3916265752.JPG,train,7,3916265752,2022,2022-10-02,892387fbce7df8e9a5f81ae8042ca278cb09c6801e02d961a1a97e53c61d3cae,204ccbc100fa1c4a37318e3973bc6a6e7e74a2e867495ae74d58ea3090b4ad5d,3585822072236828272,7841545893413586452
val/0-3944342926.JPG,train,7,3944342926,2022,2022-10-23,c319f139a749edaa4e883d4e56c72a6506107b3c7deb9ca8a69645706991ff9f,935515785a55a2c48848c32c81683e27deb24b3df7ea8612b620d719eaf0a8a1,2196110382302382419,2678854739768274794
val/0-3916262540.JPG,train,7,3916262540,2022,2022-09-29,6a902b1fc14dca90a3033242d8081560d8e0c97d694fd377052f4eebced41bf9,552d1991dc6dedfcc26ce6bf03dbad005ccacab92fb2d29d82ccd4afe3462a52,6163526226023811917,10536701047257957468
val/0-3922625309.JPG,train,7,3922625309,2022,2022-09-30,5d52f3a5b2f8d97020fbe397c7445ff908ddf29eabda5576abf08ab28d750d9c,e0a7f5ac22577d8078552474bc005eda2f7fe3bfd456cf8c4e4e1885568076de,7396197853625436569,940141880053533709
val/0-3916263439.JPG,train,7,3916263439,2022,2022-09-28,0ec45613c20464f99d29942c68a6d07816300f6eb45e0c513624b1da50f9088a,74794257de2b6879a124d3afe965c4ebadce4c48187fa051a1daccadb9f6a8ee,705977394218985423,15123476987668973788
val/0-3880791325.JPG,train,7,3880791325,2022,2022-08-07,941bf6258397432b9391beb784c0c7d8f9b419622670d0e12b68c005bae7e746,89e2bda834e675988debb50ab4419b40d019470c80b6f0588ca237838661e1f4,5175801772999635139,2803152224904137294
val/0-3913254704.JPG,train,7,3913254704,2022,2022-09-25,c274ab6dc8a412d3ee6a784c2dafedf4dd5b25abf158992429ceb03887773779,fab163dab5675243f7ff1070e23391fe8492e644b34c06313104245bc421ae68,566104593273164587,15582007658894323278
val/0-3925712463.JPG,train,7,3925712463,2022,2022-10-01,87189f63fb0d4d0975d9f756c48b0eb2025bc312cd6eef0e0f1ec0004ef5e7d9,63f473a6d9fe38b9152f8a1483192f996adaa617f848bd3832f3ab8c4bb59ad3,1263609715689177453,16778391878744460332
val/0-3922625951.JPG,train,7,3922625951,2022,2022-10-09,697606f649647b5d3eb6eb209e84259db9d6aa6e1e6d0c6c5b66fee48efe24e5,7ddafffd566837dea4f0b93ad93622b3cdd66fb1e0d42dec4ede0850dd7d0426,489328546488023490,12424574188368874572
val/0-3925717576.JPG,train,7,3925717576,2022,2022-10-04,a872228fba50bfb9dffe9a6557ca42b325017d1d54e6ae9554affb8903726c49,64ad4807a2ad43f659ec83e32e9473331304e9cf556f467ad5d23a2ee4be66d5,5520905597435711689,16907767965939499403
val/0-3962117586.JPG,train,7,3962117586,2022,2022-10-30,8189a51a3f4c1c2bd40818ae917de179cbd14574d04b496671094a5369f06869,d94ef02d6faa1ef30c279cbe61c1cac3c88b0940c33f9b0d059585daeba1dcf0,8282551884652129922,5303706875413253581
val/0-4100095738.JPG,train,7,4100095738,2022,2022-11-30,12bef4c97dd5c9dd67b382c5f85bbf241325e0693ac073062db2830a37321cb4,86458a0be7dcfbd6e74dfd40739beb20cf7b554957dfe5d70448b4069e5019e4,5160035761974888264,2222456238058036379
val/0-3944341349.JPG,train,7,3944341349,2022,2022-10-17,5b9c089e98b24d86a094f474a83d42a6c80cc212be14c59aabd8bfa608024d28,9e09c1058598574a250a0ff350c07f3542c574408439317610006b59876e9275,5373675257081043771,15982247999009027027
val/0-3968585408.JPG,train,7,3968585408,2022,2022-11-15,e6620f4040c470abe8504fce91e067c5bdd7b2daf8c854ce4a91e150e35a28ff,0f6b761c4841b50db162795adf281cc16918688a2a68c91b509992a67d242cfd,6453709046195999171,13175448629585532996
val/0-3922627519.JPG,train,7,3922627519,2022,2022-10-05,fe6bab568744e78a024ff664cec9f39b288546e25644480fd872731ed8c67310,486b05516bff3478c6ae907140f55f284c9ee7915feee8e0e2cc40b2c051a5b2,4939420967795348031,17357688697072175514
val/0-3964847374.JPG,val,7,3964847374,2022,2022-10-03,d40f84f665347bd5735fb965ceaed2332db32f5e2be2333f41edcede3c987d18,6294da883f8703974ea07654814673a3b60765f7424eb09bd4da2fb829654589,6658180010442830230,6011295835430220208
val/0-3922628460.JPG,val,7,3922628460,2022,2022-10-04,4960bea8f1380f128b2bde256526e7245c871374a5d48ac722e13085a7a9f898,ee21d376d2e11b54402c88f1194dcbf24ee3f55602dde8e34bcecad84979e21a,926944807636604623,2820221421066970491
val/0-3922628966.JPG,val,7,3922628966,2022,2022-10-09,6adf7875b37a6bc1faf647f84c4afa3538cf66d8b86e63dd128bd746b04f96f9,04a3659ec3967ffec64bc93d7c7a1d5fc2fce0b69964d3078a775c3f56a2ebab,7532255641166077134,10964900968951678851
val/0-3925712701.JPG,val,7,3925712701,2022,2022-10-14,7e64a67adfa66f9a46be5f0d0db603b1749128d606b57e3b854de6a5e5b4ac62,9728d10b01544157ad77680504c7f526dc2365d1a30409eac9b2d7a38d3f592a,2944337270390092395,1672587197227105163
val/0-3922624742.JPG,val,7,3922624742,2022,2022-10-07,50a97f8b03cedd4167d485020838534bcc011574e2fc79f1cef4ec1867a305b8,a597f72a70d3d05b10656d527de4efd515b68ddafc90bf2394cd43f9c0d2aba6,4882806053312497319,12451848080909030205
val/0-3922624647.JPG,val,7,3922624647,2022,2022-10-06,d90bfdd3647456861427093552ea820b36e0cb304ff80f39d31f614eb36be1f2,ae1da1ef8467b7feef4accd0c291a4ade5a639940434c1600e3a00e225eae2bc,5254081292187004057,8882127341161247828
val/0-3948713764.JPG,val,7,3948713764,2022,2022-10-29,4581cc07211bc98651d6888b6c871174ba69582a094742bd41b6fc3af6a7373c,7ff0137d9ef87fdff5bebb553e72fb38bdf3650056853832aaa9091b8321e65e,7935033379647682784,2891916128266995279
val/0-3944342454.JPG,val,7,3944342454,2022,2022-10-17,4d0256197fef429d41c125af1977d2bc8723cef1a2651c4a3418eb877f16705f,f49f7a6cd11fbc3ab3fd74b144a5ce82e9c9e0906c5cf26d63e209e31e831564,4720122288061209183,14975246746085770022
val/0-3944343835.JPG,val,7,3944343835,2022,2022-10-22,cf256f35ac07ba92d3a4920878445b22e2eeeff45b876cdaadb4f93115679a4f,44e166d5edd7faf328e72c713aabc36f44c13a51aacc20b9f9612d17222c1b2a,4368325033925396104,6373689051124831141
val/0-3925713728.JPG,val,7,3925713728,2022,2022-10-15,5af93df1d48ba7614e774e289012c17ad33659acfe1f5625b6b2ef486799eba9,0b6abf5cd71dfec16c5173e5d0976e68e57e2fbccdd757aa9d36f3b9c98b871f,5501189757935106529,12602745118678705767
test/0-4465894559.JPG,test,7,4465894559,2023,2023-10-23,58a7741d94e5529cc51653508d5a871afa1c7818ec9610ccb00874acaf2d3873,b2154d3cc0a29be68500249b939e71656fc72419ac14d6a31d31081199ff9a1a,341288221240430607,3974115400764155147
test/0-4465895617.JPG,test,7,4465895617,2023,2023-10-24,48b29b7abdbda719219682804e7ac745e8b7e689bf70dae583db7e45669fec2c,991fe02bfe54a21a1903f91508fa2e20e6a312ee6f660632d2935e2ba75ed7f6,1423760324808530237,895604831238688572
test/0-4465894812.JPG,test,7,4465894812,2023,2023-10-28,677096ccd84d54fc9fba9d61b8543c64baadd68d618b91362dc86317d1d3a0e3,6d1258c27ad8d1002d15a8305153951abf7524c990b6b6629df41dc01fcaa5cd,1650632793551366624,4038637505659566264
test/0-4465895176.JPG,test,7,4465895176,2023,2023-11-06,b397ca253e3e55db3c07fceb30c4ac0f76f5b8c87380f94ca59156c0964610f8,1f127db2ac3e13ac67ebec44bd39f164935431d048becd2ae8eaead670e7a056,5658241286536190415,8459415745388063539
test/0-4465891757.JPG,test,7,4465891757,2023,2023-10-27,50d3ca1150077fa86bcdec7b11c644157d11bebc3f03a1ff42616b54f702a066,f8ff6f9ce6cc60083ccca81b700046411062ae55ea925a5cd8b685e1cd18a511,6380184274209245347,10021834842916865566
test/0-4465891886.JPG,test,7,4465891886,2023,2023-10-30,70ba57060893bb9d8f28e3c458caaa583d1bae66425821c47c15fd8c5e76585a,06f9f61c6313f3304f22db8c279dcef0aa249b9594519e77a327c9fcc930587e,5966793680634786195,7576400981263036620
test/0-4465896893.JPG,test,7,4465896893,2023,2023-10-30,a1cb12f3cce6bb8d023a593a796650039f23114e2bbb7626066a64d35c860011,a4f23af70edaddfca5126e546a10271c3af1369fb5fba8ec68ad165a82276776,1189366050290536175,17940303000550521139
test/0-4465909700.JPG,test,7,4465909700,2023,2023-11-20,b02c3fcad43cff5e2cb7de085bb2d77c58a98c0f804c900008c37012be89d83a,1704295f223d60599134b3635d471f8200e3bf7b4bae220844a73f107309f7fa,421974857964918676,15837433397210687179
test/0-4465893729.JPG,test,7,4465893729,2023,2023-10-26,557d5b763812af58f82d620ddc4cbc8ad5e159bd049940b3578ec06ed11623de,2eecccbe358348940be5fc2a01f52abb3abddac9aafc3f080421eab3ccb0aefd,7164831385206966081,14272971874072975000
test/0-4465896055.JPG,test,7,4465896055,2023,2023-11-03,7c40d7d4116075519f739fd43e34f3b0671c1b67be34f02cc929397a1278f881,2d98c659134cc9369889b05b8fe341790320b91aaded92ca02f265deb4e5e5b0,5981397630712760603,10271823892638342233
test/0-4465897907.JPG,test,7,4465897907,2023,2023-10-30,d22e6efb6b2caf2134cfc6fb02205b7d2f8b5ae99537ba912af1d51a5343377c,4f1aadfcb16066dac4b6b7c20bfacfdad5463d2825d3020fe12c34752f834b2e,1813368665578101823,11230694552003402730
test/0-4465882199.JPG,test,7,4465882199,2023,2023-10-15,e99bcd0333e49d8a70955faf5cc0a291c74da42279d208d870f5b3cfcded568c,b4f69a8c3c4f4eed8831d3c8540fd33d95b777c2860a5d6344a2049c7a6679bb,5252379127790392867,13010166166954989013
test/0-4465886011.JPG,test,7,4465886011,2023,2023-10-12,d61a3989e67f173ee5ae0403b3fe7dce5949be4f7670d104dc8aa18b7ea807d9,2e330a721a8f41816ebd3b49b24263c58bf910c740034aa94078d1d54d6f47b1,227967196344892175,1984851524393282665
test/0-4465891708.JPG,test,7,4465891708,2023,2023-10-26,3594593285f98d346a8b502ef03b23b93202606ae5cbae09fa6d706aec69abf9,a3039a7823558df725a7989cbcec46c534d0697993208b3f13486966fcbda3e7,2488570014915991286,11486409789457403723
test/0-4465894996.JPG,test,7,4465894996,2023,2023-11-02,da54fa732563d7d90a001c37efa5d279a417c2a18e587d781e5f713077f25857,a88d13623d978709a91190122f507a5cdb5a2e12208ce85fe36db9e311976f0b,254396609784002978,8273898452771599075
test/0-4465899929.JPG,test,7,4465899929,2023,2023-11-01,4a4d9a33f19e78abe1b1bc619cbfabbdb7f72cb5c1baa02864cdf9809430da5f,f1cf239ecf976222ec6a494178ac5a20f184d8593939991911a46e4c297ac7c6,1707532845147831276,11280773156297036558
test/0-4465909566.JPG,test,7,4465909566,2023,2023-11-15,d2e857e38676cf589258bbca0de904a46b2872f65487a95237a6c8f7e5ff9899,82dd1bf8f6fe8effd1edd07ffba7e4f8699eda549bcb5083d4d829795f6713bd,640972511644327785,14620641408016560154
test/0-4465895506.JPG,test,7,4465895506,2023,2023-10-20,2a4f8835cc3c8d3a39bece6776a0a52575bf1b625c8b6077b6cd0d78144bb5b2,fb77b7820116ad35a07531151039a3b227b4075fd97292e1134069bc9e3ee817,4737331275616352332,10265483629912705737
test/0-4465862518.JPG,test,7,4465862518,2023,2023-08-08,a030d07a846c8301dae966d2f655ae22170afad94cc95a5c34b53da7c07097b9,3c63a8b708d80c9849e93c08c6af183ac47f8a3736912c5653304015718cd982,1856440259366920563,12450722832746427935
test/0-4465909831.JPG,test,7,4465909831,2023,2023-11-27,a886dd80756dc3fc7b2fc5c0114f174f90473dd9f37052df999cfcf7c9bb5789,0849cf753bda38b7b2f51698fc956ca70a329d51ed041a5e60f48658390c9e16,1862320013147866738,4121880629844789211
val/0-3925712757.JPG,train,8,3925712757,2022,2022-10-15,4166f9554b399b17b54bdad7921327c4674d36154949a512fd072bacd9d12b50,a808af0fa435d697093e1dd052f980362e4553a54db041a7846ea58cef3ba3f8,5539857027979548255,16321897235846669933
val/0-3898076325.JPG,train,8,3898076325,2022,2022-08-29,8fe4bb1f985ca695d842f410cba9853aa8e555148cbf7bf1992a9e7032937ce4,fc88d01f9c6c090f18adc314f82e7ef71a40710e13e77e520c9b20c812e719b8,489546801882580174,17000495721028005228
val/0-3913255556.JPG,train,8,3913255556,2022,2022-09-22,c298bd8c1dfe686d99fe1ea591dc77310d01e6027051792a59eea51b057b9a92,9251cb0e18b850deb3ee09ad62158fba52b6b15860b0e1e072ba79976f4f5188,2405947758032084627,11086676834474438390
val/0-3913254638.JPG,train,8,3913254638,2022,2022-09-24,bc4e978ad31f20086be61c26e4761fafac696772444823300e6a243704f79820,83c3754d89c90e19f86f9b7e469bd712f6c8c0717b950244fac40237fcb17d9d,1717257315672196075,16603888627585463100
val/0-3922623454.JPG,train,8,3922623454,2022,2022-10-02,b1919a70ebad12361de41e823f7372dec6962c766d065ba4f48aa75bd394c930,3eb4081b737b82d62de8c91bfb358283afe1c301b4014be53dbbd7d88cd86f6e,7472480911623336835,13857100546970158976
val/0-3913252638.JPG,train,8,3913252638,2022,2022-09-24,9d69b8d2f464b683e63245e5841d00b8696fdccf85940c14625549b8ea9277bd,8746aa65d9c3f3109a3e6fa9848d70cba0f735a10bd3e2c0adb05292f419a2d6,2943467139473731206,10419563291086419309
val/0-3891492333.JPG,train,8,3891492333,2022,2022-08-15,17b8ac6d205dc012465004b918c23e2fd57638c2054a91c3b5ad7b6d2c2d1db5,9f0ef84054e033e674e649023d2e928725ef381b2f59c5db5ea5404fa077c56b,3661824189674598471,10994296784244519907
val/0-3913250697.JPG,train,8,3913250697,2022,2022-09-25,33c38516da71e4208a69383345ad30010225f501096acb93a7be787620641698,378675ea9e7f091e210f0f69734fcc69d0e3a77aeddc452380297b53a6c9d646,6166950551168291557,16208702358374859143
val/0-3898076335.JPG,train,8,3898076335,2022,2022-08-29,3d5377eb8d389b7a1f5916d78a535bc5cc802c44bb2c82c2c6f517218d9e083a,64e571b593c5c7cf4eba5bf1653fe4e3136c25ef6a6c4d0ed2e5a0d9dc5b0af0,3628698161087997860,10959628565666454590
val/0-3909139626.JPG,train,8,3909139626,2022,2022-09-18,86d5cfd2368a965d05588b05485fc3c2887033e84466d76136665505487827e6,5f7fec00d64afd8d5a16e5dc3d8ad3545b20b21e55a697a84e2c828589f6a5d2,7187617982272511585,1948733783228010980
val/0-3916268692.JPG,train,8,3916268692,2022,2022-10-01,c615eda909a36b9b629147747d8e1158e67283a8b48d7960c33ac132a37db633,dcf6433e59ea3b20ef4ffb69d79afe0fa1136fafcb1b0b37ed460f438c3b1ac7,6393463720502052212,10316533405693132964
val/0-3828288314.JPG,train,8,3828288314,2022,2022-06-29,ce236e1b3bb99abb0f735573f7f1a665478c3d34bb744a974250b37e4c79092d,4437004a8188a7783f328dc1cb83c5c24e577f54c96845a54032ed41093cd4c7,6042718228671194694,4066996858412375995
val/0-3887954321.JPG,train,8,3887954321,2022,2022-08-12,82832d9ae7def9d82f71515a41d37617a264e8f8990671f0a6c4371636addaed,9073db16f9589b4e0319b3a31776454cf77cbbc9e473298c78011b866c6b077e,5448570243626864313,1313498313443624899
val/0-3913248755.JPG,train,8,3913248755,2022,2022-09-25,de411627f5e6e7a9358ac0d2aac67d08756333b415fae01b3736b730fa754d3f,e322a2fb72c214954b1f24d07c2e357c7246daf3d67d1b1978342f4d51fdc09a,4125607212337800373,10561986681433824022
val/0-3922621599.JPG,train,8,3922621599,2022,2022-10-05,bcf13264dfe556a00c532e249f50f8a7480aeeee14289b74ffae3203ae3e0507,daf66c4934cee2abc7d5b7d777c6ecca85587497aa3f31f130280d5fb2929eea,8977014788216601754,14169492306885265027
val/0-3916266569.JPG,train,8,3916266569,2022,2022-09-28,a732e3467655998ee39c3f87208adadf32475daf41466ab90fbdd8e4aac27065,9d1f2bc9996ae4cf20730b1672f14377ad9b9fa147f1984a530cda77742eb2c0,4853817721909067322,11272523924347211065
val/0-3891493330.JPG,train,8,3891493330,2022,2022-08-15,40346959cea706cbbe316ab23f7bb97eed46a7520b61e551094b4cf3dbe9af94,f2b82c928473f079ea8931fb904e35d90e6a909cc5a6f003249b2e2371529469,225078498351598155,15810838552038333319
val/0-3922627635.JPG,train,8,3922627635,2022,2022-10-06,f4e82368be58f9f30bb4d7ebe3c60a39315762f5b532860277df9cd8f073db1f,490a94265b4bda5e4372e0f2071f969a05e9d2a829cddf6b9ef8428f443c8761,1318610854279081123,16605217855125346348
val/0-3913253718.JPG,train,8,3913253718,2022,2022-09-25,d176268c030ae63307b9f4f7dcd5dc8e81567b0f00046971763323da195f7c8b,f08f79c34c87d2bcbd7f1e5690f5ed6727c7b2a92a32ff8d0f12dcc106b4bf58,2000561596854930748,14001111082500308017
val/0-3913251740.JPG,train,8,3913251740,2022,2022-09-25,6c40238345bf4bc2ae550933cbe368ba944d068774dd1c0ba9a8e8cbd707b506,4e4004de476abcb5547bda1bc9167e329d2d0eb64f7d83790bc2290ed5ed5004,1429527247371096801,15887847301944462239
val/0-3913255401.JPG,val,8,3913255401,2022,2022-09-20,1c3525e1b2d1c2e15c851749b8f1ac10647cd93dc4b8b59f31cc0a6bcc055809,ed56a6b508db46ff66151d740cfe5f509c92daa35154d1c6ee0515096ddd7bd4,6948099336080856953,17367866855139515228
val/0-3916265665.JPG,val,8,3916265665,2022,2022-10-01,80688225431170726ff5e26d5e84b6017c3455f09693a048d25ba900d0e46c5f,3d9f85056ea1bf4615f3b156544d2ab75d0d0dde4ce57fc9a5b7b23853d5b0b9,3732473310876339068,3151501411481131615
val/0-3913249639.JPG,val,8,3913249639,2022,2022-09-23,6e969ba1d5dabf3e37641605d41ea329ab9be42c002f751dcdc64bbb963542db,c20f0b133d850acf0e1db209e96c605c4e317e3b49a7cc48b0689706a502ce8b,5688554584037415987,14072089272473040233
val/0-3916269364.JPG,val,8,3916269364,2022,2022-09-26,f423269a08a107c024b34e27f6119b4904c12ccf5b94d9500b95ab4dd445a8e1,8f4e631010d51db765a81b60d89ca00afa39e4557d7785a167c6f51ad0314f65,5566089284958179792,4118491716666180562
val/0-3922627445.JPG,val,8,3922627445,2022,2022-10-04,d9de9161abb93d400edceb98249aaafe195f16cd22d19057c2d14c7a29383f83,976e5b699c35dc74050727fb61d216799bb3d8b7cfe04a0f431e5d27b43a8242,3953115016482829604,4210914219858499214
val/0-3922627606.JPG,val,8,3922627606,2022,2022-10-06,d30a8c6b6966e47ceba5f0d80797e5a5b7f05a62752facfab5a00097b51fd900,0f51cc884199f27c5c2d447993f1d7fd53adf510a1ac50a6ab0b524b042d6fe2,6568267193036488905,2657908042414733746
val/0-3922626578.JPG,val,8,3922626578,2022,2022-10-04,70012706c0855f7f5475bd40416e8f7cc945b089d74f56dbeb94684463089e01,8a03d3d1f7c951c9f174736d731f88f70afb440c797cab28558cd7ca1929a382,8341010299281004243,11984580595862560541
val/0-3898076321.JPG,val,8,3898076321,2022,2022-08-29,0f9bccdbf8438bab5fe91b5e355db50239620860542c5b79e0aa2ed29efaaac8,efa8bb4de37e81943237c8570114735fa31c63c0449842f4c3647a0481c7c73e,1568605385957001622,7324206005241453004
val/0-3899714489.JPG,val,8,3899714489,2022,2022-09-11,255cc432a956f41e03084758aaaf952a22c51230dcfa84de5065b211c6bab5bc,b3f3311b61b759631511c03dde446a5dd64b7a563ba8a2237947ffff36d22809,1598613582886007854,7451598367852640685
val/0-3894181348.JPG,val,8,3894181348,2022,2022-08-23,e504d219494b3e86dd74419a7392e6adfd0e4faddfcf1f5facedaaaca6c46f65,e5bf6a8554262f60180210c7cbc1707c15c2eec082bde089d4b9652b42bed894,6173192435094659478,15641571377865198694
test/0-4465865410.JPG,test,8,4465865410,2023,2023-08-06,00e98d667db86af238f19dd7802102a18f457a0802b18eaaf5b34d50ac1c3483,6d9b26751477927ff224fe8461cac7ef70bba61cde76a8ea8ffc0d8556038dac,5760983732132823536,7405002358534928071
test/0-4169768383.JPG,test,8,4169768383,2023,2023-07-30,12f99f9a1a342f1dc9d53c861444153d7106a35f3261623a88526765f81ed8d9,25290665d10ccc9cc23d777ba8d9fa67bee359b02adf887b6a58ca0583eab2ab,1619408170571700659,6473213756450303352
test/0-4465874988.JPG,test,8,4465874988,2023,2023-09-17,d832e811db028cae3adcec453da6d688401b0be8097294d0084131ff07eb46de,a1921850664c488469bb6f8d699f96ffb462ba4b5e155e644cbdd60f1bce2a84,2438655419285222470,3029461136790510483
test/0-4465888758.JPG,test,8,4465888758,2023,2023-10-07,c040f26bbf5290585b7173f56ceef6bab1ac62c23899627c1ec317ed72ede301,671fe727b94fc684fb3985d763ea1a098e529f8ead29d599489a6ac116f0fdcf,4442596838271362739,14655324628977171505
test/0-4465871521.JPG,test,8,4465871521,2023,2023-09-01,c88165abee69feec3e4bf5de24413ec9e55b52bbbd224233a56f1c8757e1a0e5,2ecb0aaede5dc284de16b32c4de1c762a532d6dc324bdf2736059e7702696cb8,1194438428665021674,3069371202278763320
test/0-4465885380.JPG,test,8,4465885380,2023,2023-09-26,79e370d2866b29dd057f7655ce2de7c84836059d332b07aabc15e11ab47e6707,6aa2c6f483bf058fb87daa26cadf1de6c0160ddca4edc251e7339a13907e7c3a,6968637963608748145,5501866672751200585
test/0-4465885852.JPG,test,8,4465885852,2023,2023-10-08,48935566c6e1f0e4987b6b5e14ab1c3d9aafeeb774bd0d40cdf043052ea7bb4a,d82f1f4ac15b287255141465eff0cb9b44b5591fb76b29524d095571eb1fac2f,8038486868214155569,5714332788926815434
test/0-4465881704.JPG,test,8,4465881704,2023,2023-10-06,8dd0cbff14abdec759b6486ac17b329256d6d25df39faaab04ef56298f8c13c0,33eced3a8ac4654f5f53b38c75a3ff22d76b8269e39c3215246488dfcc6c0224,5701791974018855655,15610215126112694320
test/0-4465865469.JPG,test,8,4465865469,2023,2023-08-07,c72f62cde1bde60cc3623ab0e16ec40153ff04e935922adaca076601978d74e1,a2f9fdc13b3f41de3c1a2c9180bbcbc56a2a63f2a2266d167d48963128953a96,7253075612041896627,12723460208144573592
test/0-4465899387.JPG,test,8,4465899387,2023,2023-10-19,6a3ea96edfcee03195bf7419398809f856c0992521e115c66d4871db445a76ac,82af3068cc027ea663edd1cddb177534ad701a64b604ce746c29777ad25772df,2319494336795462896,9452667248752934028
test/0-4465865127.JPG,test,8,4465865127,2023,2023-08-22,08faadb0e2978c392bed2147dea9720258b3e16d360ebcf084ce79bea619649c,9d7f98b8b00cdae7bf5a03a52e776c43bd7449ef9100544d5dec9a373f73551c,1709377615485471263,12474535820734850668
test/0-4465879266.JPG,test,8,4465879266,2023,2023-09-26,d4731786c01588e2e740f83137788aa13fa68bd947d7a11d60c6601fd71b04b6,5565c4f517266bbe22bba4002462cf4fd6076ba4204b13797a014afd8a5668be,6200690991313513617,8091742217794071752
test/0-4465877404.JPG,test,8,4465877404,2023,2023-08-29,36f390d855fee4412ce7e95c7e053e5dc698fc4036c1bc995af1a35a53a73e3b,efc2f061d7a4e7810f4b80d9063a621b51f0e2f8f0f849fb295ed17fc44f482b,3092472869373521816,11520066558487429119
test/0-4465877750.JPG,test,8,4465877750,2023,2023-09-10,7249eb0b73e56965ab73db0c19a19d924403d12eaf6244792a498048fb344469,0f4787a0222f2158225b398c52a72d52dfe7e0ce59ddc80c4910430ec48803f3,6616956472644284460,7866194742384085959
test/0-4465896834.JPG,test,8,4465896834,2023,2023-10-28,289c42d681131ccbe4ac4c4c490c8dd053ef5e3759e4595737c6029fd928dac7,41048ac3431b4dd9adf406a6b689a46aa7fa7da7cae67a22f87b5994d15caf2b,6396077254956260969,9699470435396105073
test/0-4465872839.JPG,test,8,4465872839,2023,2023-09-12,6be26ecddd27c6c891515cb92c4ebded84924659c75eaf437df47cba8fb9ff1b,787e550fe8065d983f2ca48ee0172409e325ca0a0a47f7056d3857566d663137,1569791612186451184,15488640427727765094
test/0-4169762175.JPG,test,8,4169762175,2023,2023-07-25,20257e1a6b247f9de4d45f4b46eddc824c051fc03fda97b2f9bcdef656ec0509,82cae534f90420cd45fe4fa285fb1407bf9626fab1dcfae4af4a9d05414dbc76,1580879700271248788,2204149614644588746
test/0-4465873975.JPG,test,8,4465873975,2023,2023-09-17,af0e36c8dd238088bb142260ce91af8ca783952cc3095ae8c462483f4d571f2e,5b756f6d02b9148c91c3f6fc32d14e94978570af22d0bdebc9c3f9828e60af18,1627606413884113288,5506825013550258977
test/0-4465898632.JPG,test,8,4465898632,2023,2023-10-24,dd6d271028918155bcddcf1b543224c357709e6ed4dd166293fa2e1062eca366,c79f90be48381aa7b6d20454ac4829bea6614c472cab4d82326898831b010a3e,3605915977026492857,13379554079422389940
test/0-4465882856.JPG,test,8,4465882856,2023,2023-10-09,757d5c60f439a576bd2796e9285ac58f29e333758c88cc3f5b31f0875392217a,b102ff8bdbb9509693dd3aa0aaca80f62f329778982428c825d4a829013804d2,1708070807039816422,13282818364200732869
val/0-3962116485.JPG,train,9,3962116485,2022,2022-10-31,de63382dde13e7dc462e8cd89d88bfb43c3f7011c0ac210908d38efdd7d1a61b,523faef5adab069569ee4665a382220783bb664fe07a96b72e9a57bead994e8e,7217935257381112071,4649851438953507542
val/0-3948715557.JPG,train,9,3948715557,2022,2022-10-26,97861e01e594898513962195bb26b2a3f019d88e1ba7c61fbcbcb98beb1eec52,658d8090ed74eb4736d7a1fbf54a1319ae70f00199d5f4248187bec2033d47cd,7405726074991727143,14818088300733349747
val/0-3962115763.JPG,train,9,3962115763,2022,2022-11-06,f1198385ad3717ad75ba1a41cb3862733adf22b662fa5f1c70ab3acf29fe5ea3,5a994d259f928bd30ac8af7a20368a290e3bdc3251e8b26670c3552db2e389e8,1809209332716304171,8176700208767488921
val/0-3964843691.JPG,train,9,3964843691,2022,2022-11-13,e21e7b4f1174911e2f2ae6d5321dfe25bda057561c2be27b7e76583139fb6b17,918668e8c9831a1ad0c57e552a48df7b9a3ee3f690f8d551abffd3e7b868ae35,6469769342412626226,3545834090439380028
val/0-3964844383.JPG,train,9,3964844383,2022,2022-10-25,7ed97c58217b044a272656f4ee6084c32abc799ab5d88ac964a7cdb2cc9a2936,8fd44370597c7a792b6e8d155f55f9296820d6c491b148e6485f1426ea3dccad,1344030673475400720,17090664473822001298
val/0-3962113392.JPG,train,9,3962113392,2022,2022-10-30,6034f687f13eefc1911fd1475cd7b169bfc0d049776e22b768470721754bc4bb,df2192a3df54f05c19a74d393319b69e1bddf019af208f32d4c12b2aa1ad949f,3933464048028836146,7799314722071678867
val/0-3913248597.JPG,train,9,3913248597,2022,2022-09-23,7423609f585dc8c1489701a493e0a76d8b8c7f15d3c8c5a4d1dc14ccbb72ed83,561d9d8c0c834f5ff03a9051af672aa93bd8d30df95e3143147f496bad42f8bf,5027210033297362145,15341484388585675446
val/0-3944340370.JPG,train,9,3944340370,2022,2022-10-17,93b43fb94cc705a7f6ef44ce1acf871031c7bd212de6e9eff03a4f8022eb80a7,28ba7f36b47133b84a63be7c65dcf96ec94d3c9de110a8d9b66ed91f2891ba87,3928961376192988115,3255413054865476890
val/0-3944339563.JPG,train,9,3944339563,2022,2022-10-19,b1189ff0c8cf99303887328e3c343e247e4d9504e33c32d069a2385d98182978,12be4491f1f3f86202aaaa1a14554c527156ba7b915133a6e584d930df0b7f13,1854551705918871942,2248266065779579315
val/0-3944339523.JPG,train,9,3944339523,2022,2022-10-18,a45ea80d4a899c3f362d934ddd580d1788ac5b52266ed0e824f6e582e353ad4a,0d84570fadffd663d037f2cefff7210e733c2366944da319ea948a982af175e2,2074226708895933963,3869492726367397772
val/0-3922625932.JPG,train,9,3922625932,2022,2022-10-09,60c8a0139e158a33709fa7c61a33b1375df6838c57d19f873d596830e91f8943,2d6d8fae9ec7a46b964391932f6d179363736fde73846c4b2757f80d2a323f40,1989683781562622274,4051054053912430788
val/0-3922622893.JPG,train,9,3922622893,2022,2022-10-08,4ddea538f5d70b989a515fcb4fc2a6b86fb8ae076abe53e6c61d423fd6b049e7,ac66c6fd011f5163e00b488d97a7756d1e5ee05ffb57d7876050687935f49aa5,1477456059088359242,3379373000196495386
val/0-3944342608.JPG,train,9,3944342608,2022,2022-10-19,96d41a11b792394bea0c5a69a8f7efd709c16dfbc17f2d1a32a53ae82175ddad,db8f077cb4392ef716e65bdd6f1f04698785386a99cc52e547b9b263f25c9d8d,7896466256898459180,1376525208919626177
val/0-3916267696.JPG,train,9,3916267696,2022,2022-10-01,b8c0b5cb96eb040d605680aa4262f71545547833f5291f5d1e5901052d7f95a1,e7b41ecb0ee9bfaa5f1b0a05d5f317c09373e19eb86c2d8be2a06dfbc09f1e3e,1654566230235758995,11316644701002951928
val/0-3944341407.JPG,train,9,3944341407,2022,2022-10-14,513fa9a7d9941daf8b17a83a6097a031232e0e1017f31725a23bbe94106e61af,5650a1d88ee470074c894029c0b476b5d1a043ec59d0c06f0d664822bb8bf8c1,5216337647161347442,14360209782209721674
val/0-3948716558.JPG,train,9,3948716558,2022,2022-10-26,8cce882cdad9c47c9b302cc74314a5ca7176b4675e1864cd9198eac99de950d3,11812a63691c3c8b139bb0c2c86df8d4b14ccb6da91615e7d2b2298f81162722,5244753196154667721,8355272036421285713
val/0-3913252584.JPG,train,9,3913252584,2022,2022-09-23,4620828991a155d61ba3ca4ddb6e81d9768853be52eccb949ae0611027122836,6b43d5a289ae7fd0d322d41cf89b2c62d62bc356bb64a75819d3622937e7a736,559628574633544591,8856012791484210517
val/0-3948713661.JPG,train,9,3948713661,2022,2022-10-28,2cceddcbea5ad8d9b42df863b79f3e7e385c952272f517f6c2fc4d648716550e,6b42d3556fb1767840cfd7ddff7639b81ac4ce6a73bb4fb334a5be6a0ee7c914,6261913659732731090,7285897465217702616
val/0-3925712802.JPG,train,9,3925712802,2022,2022-10-16,d2a852b3343627468ede64e40f88a85bbb1b5ca32fd1e14c6d190e4d23a2b605,a0aa7ced92b4c2515fc1f55796aa6188a75896a675af65d1f7467f7f48fa5978,8827912873146971846,5475226587776692249
val/0-3922624554.JPG,train,9,3922624554,2022,2022-10-02,71c55ad2179a22094c3325a59bbf3d42adb9621959750d2ccccffa8e28d2a602,967bda86bdcaceb92a929756c631a9e97c852fb223c6dea9ff0ae9cf87e9bd81,3290653265524691010,1032364055951992378
val/0-3948715480.JPG,val,9,3948715480,2022,2022-10-25,3bbfc832fb427d16725cc00b9d2abe7060560b1279c443c3203246b54684c317,4112c682ddcaeb9930ef2bcf181dbbe97033977e5a2573ff3c0bf65bb83b206c,4819253764042814412,15548611522829317041
val/0-3948713710.JPG,val,9,3948713710,2022,2022-10-28,e4999fed28e149da2e221f420017d296268d1b047a18e1b9dceede4fa2258549,bcc9d5f24dbdc9c4481552ceb07a5519962b168befbae7df99349b307705d281,6039586607038099630,12434739119455356451
val/0-3922623480.JPG,val,9,3922623480,2022,2022-10-04,ead878aeb024960f09ec0567684d2f96e9c982fdf2cd3b08eff39d691b7bfcfe,bbb015f9f170eb703c785e0eb247dd57efd5664ac75082e900fbee8ebb915cbc,7113555698946742166,2565342810143042118
val/0-3948715723.JPG,val,9,3948715723,2022,2022-10-29,0096b7ec195ce79e0e5ae3c3f71f7f4383828055d8f2bdfd4429378c2e7c25fc,f656876e42ee87e8988fcba0346f0ef0f93eff5be0848efbb6f57b737ff3b7bb,4374229362895843852,4020744914674198411
val/0-3970587385.JPG,val,9,3970587385,2022,2022-10-20,a45d7b0b1aef0c5c31586502897dba8dd55de7ff5b6e14520f55b54b94ff3f4e,35ff29b2bdee2c424a5c08395a0b5d343f1f36f03b26f89fdc7c8122c583bbe0,6009047209042478946,6234332955797911849
val/0-3916266716.JPG,val,9,3916266716,2022,2022-10-02,2b83f10c5213483941548cb57644a2b2baca208d8c2d33fd46b8685fe189086f,a2e5536e19976ba19980331d7eeba2540ecc504b647f2a17be1f7451e4e05613,5895814879356085605,7850944141920969976
val/0-3944340638.JPG,val,9,3944340638,2022,2022-10-18,921fb0558a63857196687618e34541661b3d90c18267b884017341f0060b6c22,61a5dd7d0f02a90b2ff62a695080197fe1c08136f9c475c13259ff0d54d436d3,4648787112835430691,16159127294521377922
val/0-3922623546.JPG,val,9,3922623546,2022,2022-10-05,63e40557dfc5f801a57b92b6bfc116cab474c330e2e7dcb0b59aaf46cd63a267,f5c24083eb533ff27d7ed516390d34de791dfdbcc75b37c17091beceed19431f,2079929713502552802,8224317688607368973
val/0-3925713658.JPG,val,9,3925713658,2022,2022-10-14,e17d723973d6284f7ed338a6d27343de652879c3f6cc9680b1c7e5b4a64a814c,3f53e9273d802a1f7e647dfee39824cf682fbcf2f0824233b569c0d3bacfe1a0,6018002496790490403,3899047387205949464
val/0-3962114705.JPG,val,9,3962114705,2022,2022-11-05,f2bc745ba812886d0839a994a32d773a56b94c89be25703f11a081c4128ddd0c,d0fb082dd3f11113f7a7d8c67ec7c22f6bd327e73aaafe5685bbeead0536f24f,5501555083549314252,1275346560798024164
test/0-4465894035.JPG,test,9,4465894035,2023,2023-11-03,e2dbe8a4c98b9cfb9883797bf6cfff45ddc3b7844e82cbaecfeeec4aa7f26d0d,775a88e0d1a452367adc112479b7820741598feb86d1637794474cb4bf580407,3259936883493347504,3780233228276583523
test/0-4465893022.JPG,test,9,4465893022,2023,2023-11-03,0f718ddf6c03181055ece0bf971e983f37cc30b8085c1caf068ec07ab258ab77,d994528373f3cd3c31284dbf0518a33d68fda63a24759c69b334bf02711a984a,7827544996735194686,17196845446344876901
test/0-4465879838.JPG,test,9,4465879838,2023,2023-09-12,9bffd7abda0c58faee6dd6c89f6ffc5023c1820e6a789e6342cf2bd6be8db0b1,6e0d8dbe36995a012cc1dbd1717da16218492471563685df8057992a298afc36,8901731782640830921,3984306047498007081
test/0-4465891866.JPG,test,9,4465891866,2023,2023-10-29,b227c0a35e4539d8cf9836e7d6be950198dd5849ebdaa216626763ce9a0611ad,61e4fb8d8c2d01e85451ef1dac8578b07b938aa66f5892e9d7ea0d24be815e8f,4649806953239029669,16210984987173036163
test/0-4465890018.JPG,test,9,4465890018,2023,2023-10-11,0a7a1cb088a96837b85eafd01c835ee950ae127ec6772ad15d6e70403dd454a2,8286332a0ac231f5bdf63bace396678981d5fad9430681033a8b5dadd4627548,9152375139512099894,2182317628223468564
test/0-4465895953.JPG,test,9,4465895953,2023,2023-10-31,fb01151156f0a0408a6c993154d44b4129e8d700568e548745811bf825934574,cc20cd6b41096eaaa90ffc933d0545fae7df17d9498335f968b9670d00db3c85,2263167870751321758,5453904728694740168
test/0-4465880904.JPG,test,9,4465880904,2023,2023-10-10,067d0df4d3350a6e9c129e9ff6e552af292dbe0a79a61ee73e157e051d65ab16,86ed946d5fbb85e84d54865d00bc8dc4cdcfde5d748625b999f094b71ebce8e0,5585368704659185848,4960876558470697330
test/0-4465894452.JPG,test,9,4465894452,2023,2023-10-18,1ff87b8ca9199d466505bd79cad160145f0acd2ca69f8c0ab184de3f5199ca50,57332f4aef85ed78a91ff46be3d2a11b90094d032e58904283375b43596bf0f6,150374142125004603,5561040540470430507
test/0-4465894906.JPG,test,9,4465894906,2023,2023-10-31,a73b65b5d9eb9c3c58b60c59e20cff543e1b03ad024e031fbaf5f2c07139315f,285357b46ade77d27bed55e1f98de90fedccd78fccc7ec2c02d16f2d97b7689f,344007747293536240,10083106999019936661
test/0-4465887402.JPG,test,9,4465887402,2023,2023-09-28,886d885c795f98f58184cf66332bf4222c99554a9af213db24985622ebf262a1,394404168c9df18a3f236d8c2d2a1ee7483667db1e3708d74755ea47528a1c16,1714004162763739354,15015662824383605322
test/0-4465896328.JPG,test,9,4465896328,2023,2023-10-18,aaf706c2657873331ff217edb4e403a409c032f73559fe610f721e6ab4e1fe4c,25591ff34205fbfd6e0ed793a10dd6ce834e74ab9749c63bc243c0e484dc28a9,6669114261577138681,3793915863246340368
test/0-4465904818.JPG,test,9,4465904818,2023,2023-11-28,1c16a01f081e11d6299c07d68758d59bfa7fe99a4c9b7aff470e7d70e5ee4c76,42dd9ec2e1799ff5244eb68a4dceab3bfc631bc0cf25549da4e07922b1c68e1f,271953410353363566,14467471684225693597
test/0-4465903919.JPG,test,9,4465903919,2023,2023-12-17,e2bab0a129264b5b10e22489babfe2363eb9f70b764806bfcdffad3e00f14204,3812c2d68a3b9efc2c5c9887da05d157e8313fff7a31e196bcb95add346457f6,5140886081696382190,2887429458389552436
test/0-4465895991.JPG,test,9,4465895991,2023,2023-11-01,0bf11e6b0130babd4c98f9f7413cc16b84f1afcc48ff664fc64087f50331d423,c8d8aec6e1a6794fe5289b7a36625ef36504cbb2cb7c4872e03f38654b9709ea,6612207168770181420,14439422888411620440
test/0-4465898514.JPG,test,9,4465898514,2023,2023-10-19,91db4934180ab0546e99bd2a4aa9bf6e17bdfdbcee8b244b03cde0dd38da4f0a,be919a03285ed085e5ea3a530bc2008993b8922fb8f1c3ce7715f4fcf32be3e7,7623061394527187474,1396963620986487586
test/0-4465887186.JPG,test,9,4465887186,2023,2023-10-15,89b1e4dee050a8bd721c14ac9d05afd3f1043ba2e22e8a1aec0387d533b9fcec,648be9ae1f22cf6a189144f750d72d1b562d8111b72b00dcad8baabcd4efbeb4,5108041916849396248,4885451513480913958
test/0-4465896039.JPG,test,9,4465896039,2023,2023-11-02,61eb6316b50c5c6d31752b437ee81be1054a86f2745863937d3ea2196cbdeaa1,b62d756556984cbf35b9cf9d4bbb35e6e05bb5fe98b41fd9466dc24a67e583e8,5066885534013050831,7373636293959869766
test/0-4465893107.JPG,test,9,4465893107,2023,2023-11-04,259da86bb95e9d417999566dfc489b1bc65257516e3f0521880e2cb53c5fb988,2de1b99cc89e8e82a6b8f98598e42bfd4f6168bdea3f83e76f2864c41685e8e1,712384704364787908,5387308261992288847
test/0-4465889007.JPG,test,9,4465889007,2023,2023-10-12,1ee2035ea0d4564a22ea966524367c4863c52f55fbeac9a1eb83eda008325aad,a43686c05bbc2972afd2475275d541097d2d9ed20912aee655f52b205ca65f7c,709743991620093702,18372992252512174079
test/0-4465909935.JPG,test,9,4465909935,2023,2023-12-16,a32ca3121161766e06d1bab9b6a4ff253112df95ec331157c4134338a77fdaba,fcac3cb1c402df67b8aafe7edfd3371b7d6d8297e97eabe858229a3119746ce1,5050331703379172914,15340664272143567817
