variant,seed,image_id,role,label,fold,native_prediction,fused_prediction
global,42,11529,dev_seen,0,4,3,3
global,42,11493,dev_seen,0,1,0,0
global,42,11498,dev_seen,0,3,0,0
global,42,11517,dev_seen,0,0,0,0
global,42,11490,dev_seen,0,2,0,0
global,42,9315,dev_seen,1,1,1,1
global,42,9305,dev_seen,1,3,1,1
global,42,9337,dev_seen,1,2,1,1
global,42,9307,dev_seen,1,0,1,1
global,42,9336,dev_seen,1,4,1,1
global,42,5008,dev_seen,2,1,2,2
global,42,4968,dev_seen,2,4,57,57
global,42,4969,dev_seen,2,3,2,2
global,42,5020,dev_seen,2,2,2,2
global,42,4972,dev_seen,2,0,2,2
global,42,11604,dev_seen,3,0,3,3
global,42,11555,dev_seen,3,2,17,3
global,42,11552,dev_seen,3,3,3,3
global,42,11557,dev_seen,3,4,3,3
global,42,11606,dev_seen,3,1,3,3
global,42,469,dev_seen,4,3,59,59
global,42,444,dev_seen,4,4,37,4
global,42,470,dev_seen,4,2,59,59
global,42,441,dev_seen,4,1,20,20
global,42,429,dev_seen,4,0,4,4
global,42,3608,dev_seen,5,2,5,5
global,42,3650,dev_seen,5,4,5,5
global,42,3618,dev_seen,5,1,5,5
global,42,3609,dev_seen,5,0,5,5
global,42,3614,dev_seen,5,3,5,5
global,42,1595,dev_seen,6,2,6,6
global,42,1589,dev_seen,6,3,20,20
global,42,1603,dev_seen,6,0,38,8
global,42,1632,dev_seen,6,1,20,6
global,42,1587,dev_seen,6,4,6,6
global,42,7619,dev_seen,7,1,17,7
global,42,7608,dev_seen,7,2,17,7
global,42,7570,dev_seen,7,3,7,7
global,42,7610,dev_seen,7,4,40,40
global,42,7569,dev_seen,7,0,7,7
global,42,6235,dev_seen,8,3,6,6
global,42,6243,dev_seen,8,4,20,20
global,42,6250,dev_seen,8,1,38,38
global,42,6220,dev_seen,8,2,20,20
global,42,6228,dev_seen,8,0,8,8
global,42,10440,dev_seen,9,0,9,9
global,42,10451,dev_seen,9,4,9,9
global,42,10459,dev_seen,9,1,9,9
global,42,10460,dev_seen,9,2,17,9
global,42,10428,dev_seen,9,3,62,9
global,42,3375,dev_seen,10,1,32,10
global,42,3389,dev_seen,10,2,10,10
global,42,3412,dev_seen,10,0,34,10
global,42,3396,dev_seen,10,4,10,10
global,42,3422,dev_seen,10,3,32,32
global,42,5960,dev_seen,11,1,11,11
global,42,5919,dev_seen,11,4,11,11
global,42,5935,dev_seen,11,3,11,11
global,42,5967,dev_seen,11,0,11,11
global,42,5968,dev_seen,11,2,67,67
global,42,8755,dev_seen,12,0,12,12
global,42,8738,dev_seen,12,3,12,12
global,42,8761,dev_seen,12,2,12,12
global,42,8704,dev_seen,12,4,12,12
global,42,8734,dev_seen,12,1,12,12
global,42,11731,dev_seen,13,2,13,13
global,42,11746,dev_seen,13,3,13,13
global,42,11781,dev_seen,13,0,13,13
global,42,11762,dev_seen,13,1,13,13
global,42,11787,dev_seen,13,4,13,13
global,42,7883,dev_seen,14,1,14,14
global,42,7905,dev_seen,14,3,14,14
global,42,7885,dev_seen,14,2,14,14
global,42,7902,dev_seen,14,4,14,14
global,42,7875,dev_seen,14,0,14,14
global,42,393,dev_seen,15,4,25,15
global,42,417,dev_seen,15,3,15,15
global,42,392,dev_seen,15,2,52,52
global,42,406,dev_seen,15,0,15,15
global,42,409,dev_seen,15,1,15,52
global,42,4653,dev_seen,16,1,16,16
global,42,4665,dev_seen,16,3,16,16
global,42,4669,dev_seen,16,0,16,16
global,42,4621,dev_seen,16,2,16,16
global,42,4646,dev_seen,16,4,16,16
global,42,6943,dev_seen,17,3,17,17
global,42,6945,dev_seen,17,2,17,17
global,42,6927,dev_seen,17,0,17,17
global,42,6918,dev_seen,17,4,17,17
global,42,6950,dev_seen,17,1,17,17
global,42,9719,dev_seen,18,4,18,18
global,42,9747,dev_seen,18,1,18,18
global,42,9736,dev_seen,18,0,18,18
global,42,9740,dev_seen,18,2,18,18
global,42,9764,dev_seen,18,3,18,18
global,42,9019,dev_seen,19,0,19,19
global,42,9022,dev_seen,19,2,70,19
global,42,9036,dev_seen,19,1,19,19
global,42,9020,dev_seen,19,3,19,19
global,42,9002,dev_seen,19,4,70,19
global,42,1675,dev_seen,20,4,37,37
global,42,1691,dev_seen,20,0,20,6
global,42,1690,dev_seen,20,3,20,6
global,42,1668,dev_seen,20,2,8,8
global,42,1680,dev_seen,20,1,20,20
global,42,907,dev_seen,21,3,21,21
global,42,910,dev_seen,21,4,21,21
global,42,926,dev_seen,21,0,21,21
global,42,916,dev_seen,21,2,21,21
global,42,929,dev_seen,21,1,21,21
global,42,3286,dev_seen,22,4,22,22
global,42,3293,dev_seen,22,0,22,22
global,42,3271,dev_seen,22,3,22,22
global,42,3265,dev_seen,22,1,22,22
global,42,3277,dev_seen,22,2,22,22
global,42,4868,dev_seen,23,2,23,23
global,42,4876,dev_seen,23,1,23,23
global,42,4857,dev_seen,23,3,23,23
global,42,4899,dev_seen,23,4,23,23
global,42,4860,dev_seen,23,0,23,23
global,42,9371,dev_seen,24,1,24,24
global,42,9408,dev_seen,24,0,24,24
global,42,9393,dev_seen,24,2,24,24
global,42,9359,dev_seen,24,3,24,24
global,42,9367,dev_seen,24,4,24,24
global,42,324,dev_seen,25,0,25,25
global,42,347,dev_seen,25,1,25,25
global,42,339,dev_seen,25,4,52,25
global,42,331,dev_seen,25,2,52,25
global,42,364,dev_seen,25,3,25,25
global,42,4242,dev_seen,26,1,26,26
global,42,4233,dev_seen,26,3,26,26
global,42,4230,dev_seen,26,2,26,26
global,42,4208,dev_seen,26,4,26,26
global,42,4243,dev_seen,26,0,26,26
global,42,8170,dev_seen,27,0,49,27
global,42,8187,dev_seen,27,3,49,27
global,42,8167,dev_seen,27,2,27,27
global,42,8198,dev_seen,27,1,27,27
global,42,8202,dev_seen,27,4,27,27
global,42,9895,dev_seen,28,2,28,28
global,42,9923,dev_seen,28,1,28,28
global,42,9898,dev_seen,28,0,28,28
global,42,9902,dev_seen,28,4,28,28
global,42,9933,dev_seen,28,3,28,48
global,42,5086,dev_seen,29,3,58,13
global,42,5087,dev_seen,29,4,29,29
global,42,5143,dev_seen,29,0,29,29
global,42,5131,dev_seen,29,1,29,29
global,42,5089,dev_seen,29,2,29,29
global,42,11076,dev_seen,30,2,30,30
global,42,11089,dev_seen,30,4,30,30
global,42,11075,dev_seen,30,1,30,30
global,42,11112,dev_seen,30,3,30,30
global,42,11109,dev_seen,30,0,30,30
global,42,2910,dev_seen,31,3,31,31
global,42,2928,dev_seen,31,2,31,31
global,42,2927,dev_seen,31,4,31,31
global,42,2905,dev_seen,31,1,31,31
global,42,2914,dev_seen,31,0,31,31
global,42,3591,dev_seen,32,4,10,32
global,42,3572,dev_seen,32,1,32,32
global,42,3564,dev_seen,32,3,32,32
global,42,3560,dev_seen,32,0,32,32
global,42,3561,dev_seen,32,2,34,34
global,42,3003,dev_seen,33,2,33,33
global,42,2999,dev_seen,33,1,33,33
global,42,2973,dev_seen,33,0,33,33
global,42,2994,dev_seen,33,3,33,33
global,42,2969,dev_seen,33,4,33,33
global,42,3739,dev_seen,34,1,10,10
global,42,3776,dev_seen,34,2,32,34
global,42,3756,dev_seen,34,3,34,34
global,42,3743,dev_seen,34,0,34,34
global,42,3757,dev_seen,34,4,32,32
global,42,11238,dev_seen,35,2,35,35
global,42,11206,dev_seen,35,0,35,35
global,42,11210,dev_seen,35,4,35,35
global,42,11240,dev_seen,35,1,35,35
global,42,11214,dev_seen,35,3,35,35
global,42,4278,dev_seen,36,1,36,36
global,42,4296,dev_seen,36,3,26,36
global,42,4303,dev_seen,36,2,36,36
global,42,4268,dev_seen,36,0,26,36
global,42,4269,dev_seen,36,4,36,36
global,42,2777,dev_seen,37,1,37,37
global,42,2797,dev_seen,37,3,37,37
global,42,2779,dev_seen,37,4,59,71
global,42,2823,dev_seen,37,0,37,37
global,42,2808,dev_seen,37,2,37,37
global,42,6290,dev_seen,38,4,38,38
global,42,6287,dev_seen,38,3,38,38
global,42,6291,dev_seen,38,2,38,38
global,42,6305,dev_seen,38,0,38,38
global,42,6309,dev_seen,38,1,38,38
global,42,4449,dev_seen,39,1,39,39
global,42,4478,dev_seen,39,0,39,39
global,42,4485,dev_seen,39,3,39,39
global,42,4490,dev_seen,39,2,39,39
global,42,4491,dev_seen,39,4,39,39
global,42,7298,dev_seen,40,4,64,64
global,42,7322,dev_seen,40,2,64,64
global,42,7274,dev_seen,40,0,51,40
global,42,7270,dev_seen,40,1,64,64
global,42,7278,dev_seen,40,3,40,40
global,42,15,dev_seen,41,0,42,41
global,42,49,dev_seen,41,3,41,41
global,42,42,dev_seen,41,4,41,41
global,42,41,dev_seen,41,1,42,41
global,42,2,dev_seen,41,2,42,41
global,42,137,dev_seen,42,4,42,42
global,42,127,dev_seen,42,3,42,42
global,42,125,dev_seen,42,0,42,42
global,42,122,dev_seen,42,1,42,42
global,42,136,dev_seen,42,2,42,42
global,42,6167,dev_seen,43,4,15,52
global,42,6184,dev_seen,43,2,43,43
global,42,6168,dev_seen,43,3,43,43
global,42,6186,dev_seen,43,0,43,43
global,42,6191,dev_seen,43,1,43,43
global,42,8661,dev_seen,44,2,44,44
global,42,8689,dev_seen,44,0,44,44
global,42,8671,dev_seen,44,4,44,44
global,42,8646,dev_seen,44,3,51,44
global,42,8701,dev_seen,44,1,44,44
global,42,716,dev_seen,45,4,45,45
global,42,677,dev_seen,45,2,45,45
global,42,699,dev_seen,45,3,45,45
global,42,667,dev_seen,45,1,45,45
global,42,685,dev_seen,45,0,45,45
global,42,4057,dev_seen,46,0,46,46
global,42,4018,dev_seen,46,4,46,46
global,42,4060,dev_seen,46,3,46,46
global,42,4066,dev_seen,46,1,46,46
global,42,4030,dev_seen,46,2,46,46
global,42,4346,dev_seen,47,1,47,47
global,42,4370,dev_seen,47,0,47,47
global,42,4355,dev_seen,47,2,47,47
global,42,4324,dev_seen,47,3,47,47
global,42,4331,dev_seen,47,4,47,47
global,42,9206,dev_seen,48,1,48,48
global,42,9209,dev_seen,48,4,48,48
global,42,9204,dev_seen,48,3,70,48
global,42,9228,dev_seen,48,0,73,73
global,42,9226,dev_seen,48,2,48,48
global,42,8151,dev_seen,49,2,49,49
global,42,8142,dev_seen,49,4,49,49
global,42,8115,dev_seen,49,0,49,49
global,42,8107,dev_seen,49,1,49,49
global,42,8121,dev_seen,49,3,49,49
global,42,9286,dev_unseen,50,1,50,50
global,42,9237,dev_unseen,50,0,50,50
global,42,9291,dev_unseen,50,4,50,22
global,42,9274,dev_unseen,50,4,50,50
global,42,9244,dev_unseen,50,3,44,50
global,42,9269,dev_unseen,50,1,50,50
global,42,9263,dev_unseen,50,2,50,50
global,42,9283,dev_unseen,50,2,50,50
global,42,9234,dev_unseen,50,3,50,50
global,42,9287,dev_unseen,50,0,50,50
global,42,7366,dev_unseen,51,2,51,51
global,42,7353,dev_unseen,51,4,17,17
global,42,7336,dev_unseen,51,1,63,40
global,42,7371,dev_unseen,51,0,64,64
global,42,7359,dev_unseen,51,2,51,51
global,42,7332,dev_unseen,51,3,50,40
global,42,7373,dev_unseen,51,0,64,40
global,42,7364,dev_unseen,51,3,64,64
global,42,7348,dev_unseen,51,1,17,3
global,42,7370,dev_unseen,51,4,17,40
global,42,250,dev_unseen,52,0,52,52
global,42,242,dev_unseen,52,2,52,52
global,42,268,dev_unseen,52,1,52,52
global,42,280,dev_unseen,52,1,52,52
global,42,243,dev_unseen,52,2,52,52
global,42,253,dev_unseen,52,4,52,52
global,42,249,dev_unseen,52,3,52,52
global,42,247,dev_unseen,52,0,52,52
global,42,274,dev_unseen,52,3,52,52
global,42,272,dev_unseen,52,4,52,52
global,42,7188,dev_unseen,53,3,40,40
global,42,7157,dev_unseen,53,3,64,64
global,42,7208,dev_unseen,53,4,63,63
global,42,7195,dev_unseen,53,4,63,40
global,42,7161,dev_unseen,53,0,64,64
global,42,7191,dev_unseen,53,0,64,64
global,42,7179,dev_unseen,53,1,64,63
global,42,7171,dev_unseen,53,2,64,64
global,42,7178,dev_unseen,53,2,64,64
global,42,7163,dev_unseen,53,1,64,40
global,42,6362,dev_unseen,54,2,54,54
global,42,6353,dev_unseen,54,0,54,18
global,42,6347,dev_unseen,54,0,54,54
global,42,6339,dev_unseen,54,1,50,55
global,42,6373,dev_unseen,54,4,44,54
global,42,6345,dev_unseen,54,3,54,54
global,42,6335,dev_unseen,54,3,54,54
global,42,6363,dev_unseen,54,1,54,56
global,42,6350,dev_unseen,54,4,54,54
global,42,6336,dev_unseen,54,2,54,54
global,42,5726,dev_unseen,55,3,55,55
global,42,5688,dev_unseen,55,0,39,39
global,42,5695,dev_unseen,55,0,55,55
global,42,5724,dev_unseen,55,4,56,28
global,42,5727,dev_unseen,55,2,55,55
global,42,5733,dev_unseen,55,1,28,55
global,42,5743,dev_unseen,55,1,55,55
global,42,5698,dev_unseen,55,3,55,55
global,42,5705,dev_unseen,55,2,55,55
global,42,5713,dev_unseen,55,4,50,13
global,42,631,dev_unseen,56,0,56,56
global,42,620,dev_unseen,56,2,56,56
global,42,647,dev_unseen,56,4,56,56
global,42,657,dev_unseen,56,3,56,56
global,42,607,dev_unseen,56,4,56,56
global,42,655,dev_unseen,56,1,56,56
global,42,641,dev_unseen,56,0,50,13
global,42,652,dev_unseen,56,3,56,56
global,42,611,dev_unseen,56,1,56,56
global,42,642,dev_unseen,56,2,56,56
global,42,3023,dev_unseen,57,2,57,57
global,42,3036,dev_unseen,57,2,57,57
global,42,3038,dev_unseen,57,4,57,57
global,42,3043,dev_unseen,57,0,57,57
global,42,3028,dev_unseen,57,1,57,57
global,42,3027,dev_unseen,57,3,57,57
global,42,3041,dev_unseen,57,0,57,57
global,42,3024,dev_unseen,57,1,57,57
global,42,3033,dev_unseen,57,3,57,57
global,42,3014,dev_unseen,57,4,57,57
global,42,2762,dev_unseen,58,3,58,58
global,42,2757,dev_unseen,58,4,58,58
global,42,2745,dev_unseen,58,2,58,58
global,42,2721,dev_unseen,58,3,58,58
global,42,2759,dev_unseen,58,4,58,58
global,42,2739,dev_unseen,58,0,53,44
global,42,2754,dev_unseen,58,1,58,58
global,42,2720,dev_unseen,58,0,58,58
global,42,2724,dev_unseen,58,1,58,58
global,42,2732,dev_unseen,58,2,58,58
global,42,1455,dev_unseen,59,4,59,59
global,42,1445,dev_unseen,59,0,59,71
global,42,1414,dev_unseen,59,2,59,59
global,42,1447,dev_unseen,59,4,59,59
global,42,1461,dev_unseen,59,0,59,59
global,42,1405,dev_unseen,59,3,59,59
global,42,1426,dev_unseen,59,3,59,59
global,42,1458,dev_unseen,59,1,4,4
global,42,1460,dev_unseen,59,1,59,59
global,42,1418,dev_unseen,59,2,59,4
global,42,5458,dev_unseen,60,1,60,60
global,42,5492,dev_unseen,60,3,60,60
global,42,5500,dev_unseen,60,2,60,60
global,42,5472,dev_unseen,60,4,60,60
global,42,5465,dev_unseen,60,0,60,60
global,42,5482,dev_unseen,60,0,60,60
global,42,5461,dev_unseen,60,1,60,60
global,42,5454,dev_unseen,60,2,60,60
global,42,5460,dev_unseen,60,4,60,60
global,42,5462,dev_unseen,60,3,60,60
global,42,1029,dev_unseen,61,4,61,61
global,42,1042,dev_unseen,61,0,61,61
global,42,1026,dev_unseen,61,3,61,61
global,42,1023,dev_unseen,61,2,61,61
global,42,1040,dev_unseen,61,0,61,61
global,42,1048,dev_unseen,61,2,61,61
global,42,1032,dev_unseen,61,1,61,61
global,42,1004,dev_unseen,61,3,61,61
global,42,1000,dev_unseen,61,1,61,61
global,42,1053,dev_unseen,61,4,61,61
global,42,10034,dev_unseen,62,4,70,70
global,42,10038,dev_unseen,62,1,50,62
global,42,10066,dev_unseen,62,3,18,18
global,42,10020,dev_unseen,62,0,62,18
global,42,10013,dev_unseen,62,1,28,28
global,42,10009,dev_unseen,62,3,28,28
global,42,10060,dev_unseen,62,4,17,28
global,42,10015,dev_unseen,62,2,70,70
global,42,10019,dev_unseen,62,0,50,62
global,42,10050,dev_unseen,62,2,62,70
global,42,7045,dev_unseen,63,0,17,64
global,42,7082,dev_unseen,63,2,63,63
global,42,7070,dev_unseen,63,3,64,64
global,42,7059,dev_unseen,63,3,51,63
global,42,7050,dev_unseen,63,1,63,63
global,42,7039,dev_unseen,63,2,63,63
global,42,7042,dev_unseen,63,4,63,63
global,42,7079,dev_unseen,63,1,63,63
global,42,7044,dev_unseen,63,0,63,64
global,42,7052,dev_unseen,63,4,51,7
global,42,7438,dev_unseen,64,0,64,64
global,42,7412,dev_unseen,64,3,64,64
global,42,7411,dev_unseen,64,0,64,64
global,42,7439,dev_unseen,64,4,63,63
global,42,7402,dev_unseen,64,1,64,64
global,42,7444,dev_unseen,64,1,64,64
global,42,7392,dev_unseen,64,3,64,64
global,42,7420,dev_unseen,64,2,64,63
global,42,7393,dev_unseen,64,2,64,64
global,42,7410,dev_unseen,64,4,64,64
global,42,11006,dev_unseen,65,1,65,65
global,42,10966,dev_unseen,65,2,65,65
global,42,10964,dev_unseen,65,0,65,65
global,42,10997,dev_unseen,65,1,65,65
global,42,10988,dev_unseen,65,4,65,65
global,42,11009,dev_unseen,65,2,65,65
global,42,10968,dev_unseen,65,3,65,65
global,42,10982,dev_unseen,65,3,65,65
global,42,10992,dev_unseen,65,0,65,65
global,42,10969,dev_unseen,65,4,65,65
global,42,5844,dev_unseen,66,1,66,66
global,42,5835,dev_unseen,66,1,66,66
global,42,5842,dev_unseen,66,3,66,66
global,42,5841,dev_unseen,66,3,66,66
global,42,5830,dev_unseen,66,0,66,66
global,42,5831,dev_unseen,66,4,66,66
global,42,5819,dev_unseen,66,0,66,66
global,42,5839,dev_unseen,66,2,66,66
global,42,5824,dev_unseen,66,2,66,66
global,42,5834,dev_unseen,66,4,66,66
global,42,4520,dev_unseen,67,4,67,67
global,42,4551,dev_unseen,67,1,67,67
global,42,4541,dev_unseen,67,4,67,67
global,42,4531,dev_unseen,67,0,67,67
global,42,4521,dev_unseen,67,1,12,12
global,42,4510,dev_unseen,67,3,67,67
global,42,4494,dev_unseen,67,3,67,67
global,42,4530,dev_unseen,67,2,67,67
global,42,4549,dev_unseen,67,0,67,67
global,42,4529,dev_unseen,67,2,67,67
global,42,7120,dev_unseen,68,3,53,53
global,42,7090,dev_unseen,68,1,63,63
global,42,7136,dev_unseen,68,4,50,17
global,42,7142,dev_unseen,68,0,17,53
global,42,7108,dev_unseen,68,3,17,7
global,42,7106,dev_unseen,68,0,51,68
global,42,7147,dev_unseen,68,2,17,17
global,42,7143,dev_unseen,68,2,17,17
global,42,7111,dev_unseen,68,1,17,64
global,42,7123,dev_unseen,68,4,17,17
global,42,11668,dev_unseen,69,2,69,0
global,42,11621,dev_unseen,69,3,69,69
global,42,11666,dev_unseen,69,0,0,0
global,42,11610,dev_unseen,69,0,69,69
global,42,11634,dev_unseen,69,1,69,69
global,42,11660,dev_unseen,69,4,69,69
global,42,11612,dev_unseen,69,2,69,69
global,42,11652,dev_unseen,69,4,69,69
global,42,11636,dev_unseen,69,3,69,69
global,42,11657,dev_unseen,69,1,69,69
global,42,9653,dev_unseen,70,4,70,70
global,42,9671,dev_unseen,70,0,70,70
global,42,9710,dev_unseen,70,2,7,7
global,42,9691,dev_unseen,70,3,70,70
global,42,9664,dev_unseen,70,1,70,70
global,42,9677,dev_unseen,70,4,70,70
global,42,9685,dev_unseen,70,1,70,70
global,42,9657,dev_unseen,70,0,70,70
global,42,9675,dev_unseen,70,3,70,70
global,42,9680,dev_unseen,70,2,70,70
global,42,3117,dev_unseen,71,1,71,71
global,42,3082,dev_unseen,71,3,71,71
global,42,3095,dev_unseen,71,1,71,71
global,42,3125,dev_unseen,71,2,71,71
global,42,3109,dev_unseen,71,0,71,71
global,42,3089,dev_unseen,71,4,71,71
global,42,3123,dev_unseen,71,3,71,71
global,42,3120,dev_unseen,71,0,71,71
global,42,3119,dev_unseen,71,2,71,71
global,42,3103,dev_unseen,71,4,71,71
global,42,6000,dev_unseen,72,3,67,67
global,42,5977,dev_unseen,72,1,67,11
global,42,6023,dev_unseen,72,3,67,39
global,42,6026,dev_unseen,72,4,11,11
global,42,6028,dev_unseen,72,0,67,39
global,42,5981,dev_unseen,72,2,11,11
global,42,5994,dev_unseen,72,2,67,11
global,42,6017,dev_unseen,72,1,11,11
global,42,5992,dev_unseen,72,0,67,11
global,42,5979,dev_unseen,72,4,72,72
global,42,9857,dev_unseen,73,4,13,13
global,42,9840,dev_unseen,73,3,73,73
global,42,9844,dev_unseen,73,4,13,13
global,42,9852,dev_unseen,73,1,13,13
global,42,9834,dev_unseen,73,0,73,73
global,42,9859,dev_unseen,73,1,73,73
global,42,9880,dev_unseen,73,3,73,73
global,42,9882,dev_unseen,73,2,28,13
global,42,9833,dev_unseen,73,0,13,13
global,42,9881,dev_unseen,73,2,73,73
global,42,879,dev_unseen,74,3,74,74
global,42,853,dev_unseen,74,0,74,74
global,42,873,dev_unseen,74,4,74,74
global,42,862,dev_unseen,74,2,74,74
global,42,855,dev_unseen,74,1,74,74
global,42,841,dev_unseen,74,1,47,47
global,42,871,dev_unseen,74,4,74,74
global,42,865,dev_unseen,74,3,74,74
global,42,874,dev_unseen,74,0,74,74
global,42,857,dev_unseen,74,2,74,74
global,43,11529,dev_seen,0,4,3,3
global,43,11493,dev_seen,0,1,0,0
global,43,11498,dev_seen,0,3,0,0
global,43,11517,dev_seen,0,0,0,0
global,43,11490,dev_seen,0,2,0,0
global,43,9315,dev_seen,1,1,1,1
global,43,9305,dev_seen,1,3,1,1
global,43,9337,dev_seen,1,2,1,1
global,43,9307,dev_seen,1,0,1,1
global,43,9336,dev_seen,1,4,1,1
global,43,5008,dev_seen,2,1,2,2
global,43,4968,dev_seen,2,4,57,57
global,43,4969,dev_seen,2,3,2,2
global,43,5020,dev_seen,2,2,2,2
global,43,4972,dev_seen,2,0,2,2
global,43,11604,dev_seen,3,0,3,3
global,43,11555,dev_seen,3,2,17,3
global,43,11552,dev_seen,3,3,3,3
global,43,11557,dev_seen,3,4,3,3
global,43,11606,dev_seen,3,1,3,3
global,43,469,dev_seen,4,3,59,59
global,43,444,dev_seen,4,4,37,4
global,43,470,dev_seen,4,2,59,59
global,43,441,dev_seen,4,1,20,20
global,43,429,dev_seen,4,0,4,4
global,43,3608,dev_seen,5,2,5,5
global,43,3650,dev_seen,5,4,5,5
global,43,3618,dev_seen,5,1,5,5
global,43,3609,dev_seen,5,0,5,5
global,43,3614,dev_seen,5,3,5,5
global,43,1595,dev_seen,6,2,6,6
global,43,1589,dev_seen,6,3,20,20
global,43,1603,dev_seen,6,0,38,8
global,43,1632,dev_seen,6,1,20,6
global,43,1587,dev_seen,6,4,6,6
global,43,7619,dev_seen,7,1,17,7
global,43,7608,dev_seen,7,2,17,7
global,43,7570,dev_seen,7,3,7,7
global,43,7610,dev_seen,7,4,40,40
global,43,7569,dev_seen,7,0,7,7
global,43,6235,dev_seen,8,3,6,6
global,43,6243,dev_seen,8,4,20,20
global,43,6250,dev_seen,8,1,38,38
global,43,6220,dev_seen,8,2,20,20
global,43,6228,dev_seen,8,0,8,8
global,43,10440,dev_seen,9,0,9,9
global,43,10451,dev_seen,9,4,9,9
global,43,10459,dev_seen,9,1,9,9
global,43,10460,dev_seen,9,2,17,9
global,43,10428,dev_seen,9,3,62,9
global,43,3375,dev_seen,10,1,32,10
global,43,3389,dev_seen,10,2,10,10
global,43,3412,dev_seen,10,0,34,34
global,43,3396,dev_seen,10,4,10,10
global,43,3422,dev_seen,10,3,32,32
global,43,5960,dev_seen,11,1,11,11
global,43,5919,dev_seen,11,4,11,11
global,43,5935,dev_seen,11,3,11,11
global,43,5967,dev_seen,11,0,11,11
global,43,5968,dev_seen,11,2,67,67
global,43,8755,dev_seen,12,0,12,12
global,43,8738,dev_seen,12,3,12,12
global,43,8761,dev_seen,12,2,12,12
global,43,8704,dev_seen,12,4,12,12
global,43,8734,dev_seen,12,1,12,12
global,43,11731,dev_seen,13,2,13,13
global,43,11746,dev_seen,13,3,13,13
global,43,11781,dev_seen,13,0,13,13
global,43,11762,dev_seen,13,1,13,13
global,43,11787,dev_seen,13,4,13,13
global,43,7883,dev_seen,14,1,14,14
global,43,7905,dev_seen,14,3,14,14
global,43,7885,dev_seen,14,2,14,14
global,43,7902,dev_seen,14,4,14,14
global,43,7875,dev_seen,14,0,14,14
global,43,393,dev_seen,15,4,25,15
global,43,417,dev_seen,15,3,15,15
global,43,392,dev_seen,15,2,52,15
global,43,406,dev_seen,15,0,15,15
global,43,409,dev_seen,15,1,15,52
global,43,4653,dev_seen,16,1,16,16
global,43,4665,dev_seen,16,3,16,16
global,43,4669,dev_seen,16,0,16,16
global,43,4621,dev_seen,16,2,16,16
global,43,4646,dev_seen,16,4,16,16
global,43,6943,dev_seen,17,3,17,17
global,43,6945,dev_seen,17,2,17,17
global,43,6927,dev_seen,17,0,17,17
global,43,6918,dev_seen,17,4,17,17
global,43,6950,dev_seen,17,1,17,17
global,43,9719,dev_seen,18,4,18,18
global,43,9747,dev_seen,18,1,18,18
global,43,9736,dev_seen,18,0,18,18
global,43,9740,dev_seen,18,2,18,18
global,43,9764,dev_seen,18,3,18,18
global,43,9019,dev_seen,19,0,19,19
global,43,9022,dev_seen,19,2,70,19
global,43,9036,dev_seen,19,1,19,19
global,43,9020,dev_seen,19,3,19,19
global,43,9002,dev_seen,19,4,70,19
global,43,1675,dev_seen,20,4,37,37
global,43,1691,dev_seen,20,0,20,20
global,43,1690,dev_seen,20,3,20,6
global,43,1668,dev_seen,20,2,8,8
global,43,1680,dev_seen,20,1,20,20
global,43,907,dev_seen,21,3,21,21
global,43,910,dev_seen,21,4,21,21
global,43,926,dev_seen,21,0,21,21
global,43,916,dev_seen,21,2,21,21
global,43,929,dev_seen,21,1,21,21
global,43,3286,dev_seen,22,4,22,22
global,43,3293,dev_seen,22,0,22,22
global,43,3271,dev_seen,22,3,22,22
global,43,3265,dev_seen,22,1,22,22
global,43,3277,dev_seen,22,2,22,22
global,43,4868,dev_seen,23,2,23,23
global,43,4876,dev_seen,23,1,23,23
global,43,4857,dev_seen,23,3,23,23
global,43,4899,dev_seen,23,4,23,23
global,43,4860,dev_seen,23,0,23,23
global,43,9371,dev_seen,24,1,24,24
global,43,9408,dev_seen,24,0,24,24
global,43,9393,dev_seen,24,2,24,24
global,43,9359,dev_seen,24,3,24,24
global,43,9367,dev_seen,24,4,24,24
global,43,324,dev_seen,25,0,25,25
global,43,347,dev_seen,25,1,25,25
global,43,339,dev_seen,25,4,52,25
global,43,331,dev_seen,25,2,52,25
global,43,364,dev_seen,25,3,25,25
global,43,4242,dev_seen,26,1,26,26
global,43,4233,dev_seen,26,3,26,26
global,43,4230,dev_seen,26,2,26,26
global,43,4208,dev_seen,26,4,26,26
global,43,4243,dev_seen,26,0,26,26
global,43,8170,dev_seen,27,0,49,27
global,43,8187,dev_seen,27,3,49,27
global,43,8167,dev_seen,27,2,27,27
global,43,8198,dev_seen,27,1,27,27
global,43,8202,dev_seen,27,4,27,27
global,43,9895,dev_seen,28,2,28,28
global,43,9923,dev_seen,28,1,28,28
global,43,9898,dev_seen,28,0,28,28
global,43,9902,dev_seen,28,4,28,28
global,43,9933,dev_seen,28,3,28,48
global,43,5086,dev_seen,29,3,58,13
global,43,5087,dev_seen,29,4,29,29
global,43,5143,dev_seen,29,0,29,29
global,43,5131,dev_seen,29,1,29,29
global,43,5089,dev_seen,29,2,29,29
global,43,11076,dev_seen,30,2,30,30
global,43,11089,dev_seen,30,4,30,30
global,43,11075,dev_seen,30,1,30,30
global,43,11112,dev_seen,30,3,30,30
global,43,11109,dev_seen,30,0,30,30
global,43,2910,dev_seen,31,3,31,31
global,43,2928,dev_seen,31,2,31,31
global,43,2927,dev_seen,31,4,31,31
global,43,2905,dev_seen,31,1,31,31
global,43,2914,dev_seen,31,0,31,31
global,43,3591,dev_seen,32,4,10,32
global,43,3572,dev_seen,32,1,32,32
global,43,3564,dev_seen,32,3,32,32
global,43,3560,dev_seen,32,0,32,32
global,43,3561,dev_seen,32,2,34,34
global,43,3003,dev_seen,33,2,33,33
global,43,2999,dev_seen,33,1,33,33
global,43,2973,dev_seen,33,0,33,33
global,43,2994,dev_seen,33,3,33,33
global,43,2969,dev_seen,33,4,33,33
global,43,3739,dev_seen,34,1,10,10
global,43,3776,dev_seen,34,2,32,34
global,43,3756,dev_seen,34,3,34,34
global,43,3743,dev_seen,34,0,34,34
global,43,3757,dev_seen,34,4,32,32
global,43,11238,dev_seen,35,2,35,35
global,43,11206,dev_seen,35,0,35,35
global,43,11210,dev_seen,35,4,35,35
global,43,11240,dev_seen,35,1,35,35
global,43,11214,dev_seen,35,3,35,35
global,43,4278,dev_seen,36,1,36,36
global,43,4296,dev_seen,36,3,26,36
global,43,4303,dev_seen,36,2,36,36
global,43,4268,dev_seen,36,0,26,36
global,43,4269,dev_seen,36,4,36,36
global,43,2777,dev_seen,37,1,37,37
global,43,2797,dev_seen,37,3,37,37
global,43,2779,dev_seen,37,4,59,71
global,43,2823,dev_seen,37,0,37,37
global,43,2808,dev_seen,37,2,37,37
global,43,6290,dev_seen,38,4,38,38
global,43,6287,dev_seen,38,3,38,38
global,43,6291,dev_seen,38,2,38,38
global,43,6305,dev_seen,38,0,38,38
global,43,6309,dev_seen,38,1,38,38
global,43,4449,dev_seen,39,1,39,39
global,43,4478,dev_seen,39,0,39,39
global,43,4485,dev_seen,39,3,39,39
global,43,4490,dev_seen,39,2,39,39
global,43,4491,dev_seen,39,4,39,39
global,43,7298,dev_seen,40,4,64,64
global,43,7322,dev_seen,40,2,64,64
global,43,7274,dev_seen,40,0,51,40
global,43,7270,dev_seen,40,1,64,64
global,43,7278,dev_seen,40,3,40,40
global,43,15,dev_seen,41,0,42,41
global,43,49,dev_seen,41,3,41,41
global,43,42,dev_seen,41,4,41,41
global,43,41,dev_seen,41,1,42,41
global,43,2,dev_seen,41,2,42,41
global,43,137,dev_seen,42,4,42,42
global,43,127,dev_seen,42,3,42,42
global,43,125,dev_seen,42,0,42,42
global,43,122,dev_seen,42,1,42,42
global,43,136,dev_seen,42,2,42,42
global,43,6167,dev_seen,43,4,15,15
global,43,6184,dev_seen,43,2,43,43
global,43,6168,dev_seen,43,3,43,43
global,43,6186,dev_seen,43,0,43,43
global,43,6191,dev_seen,43,1,43,43
global,43,8661,dev_seen,44,2,44,44
global,43,8689,dev_seen,44,0,44,44
global,43,8671,dev_seen,44,4,44,44
global,43,8646,dev_seen,44,3,51,44
global,43,8701,dev_seen,44,1,44,44
global,43,716,dev_seen,45,4,45,45
global,43,677,dev_seen,45,2,45,45
global,43,699,dev_seen,45,3,45,45
global,43,667,dev_seen,45,1,45,45
global,43,685,dev_seen,45,0,45,45
global,43,4057,dev_seen,46,0,46,46
global,43,4018,dev_seen,46,4,46,46
global,43,4060,dev_seen,46,3,46,46
global,43,4066,dev_seen,46,1,46,46
global,43,4030,dev_seen,46,2,46,46
global,43,4346,dev_seen,47,1,47,47
global,43,4370,dev_seen,47,0,47,47
global,43,4355,dev_seen,47,2,47,47
global,43,4324,dev_seen,47,3,47,47
global,43,4331,dev_seen,47,4,47,47
global,43,9206,dev_seen,48,1,48,48
global,43,9209,dev_seen,48,4,48,48
global,43,9204,dev_seen,48,3,70,48
global,43,9228,dev_seen,48,0,73,73
global,43,9226,dev_seen,48,2,48,48
global,43,8151,dev_seen,49,2,49,49
global,43,8142,dev_seen,49,4,49,49
global,43,8115,dev_seen,49,0,49,49
global,43,8107,dev_seen,49,1,49,49
global,43,8121,dev_seen,49,3,49,49
global,43,9286,dev_unseen,50,1,50,50
global,43,9237,dev_unseen,50,0,50,50
global,43,9291,dev_unseen,50,4,50,50
global,43,9274,dev_unseen,50,4,50,50
global,43,9244,dev_unseen,50,3,44,50
global,43,9269,dev_unseen,50,1,50,50
global,43,9263,dev_unseen,50,2,50,50
global,43,9283,dev_unseen,50,2,50,50
global,43,9234,dev_unseen,50,3,50,50
global,43,9287,dev_unseen,50,0,50,50
global,43,7366,dev_unseen,51,2,51,51
global,43,7353,dev_unseen,51,4,17,17
global,43,7336,dev_unseen,51,1,63,40
global,43,7371,dev_unseen,51,0,64,64
global,43,7359,dev_unseen,51,2,51,51
global,43,7332,dev_unseen,51,3,50,40
global,43,7373,dev_unseen,51,0,64,40
global,43,7364,dev_unseen,51,3,64,64
global,43,7348,dev_unseen,51,1,17,3
global,43,7370,dev_unseen,51,4,17,40
global,43,250,dev_unseen,52,0,52,52
global,43,242,dev_unseen,52,2,52,52
global,43,268,dev_unseen,52,1,52,52
global,43,280,dev_unseen,52,1,52,52
global,43,243,dev_unseen,52,2,52,52
global,43,253,dev_unseen,52,4,52,52
global,43,249,dev_unseen,52,3,52,52
global,43,247,dev_unseen,52,0,52,52
global,43,274,dev_unseen,52,3,52,52
global,43,272,dev_unseen,52,4,52,52
global,43,7188,dev_unseen,53,3,40,40
global,43,7157,dev_unseen,53,3,64,64
global,43,7208,dev_unseen,53,4,63,63
global,43,7195,dev_unseen,53,4,63,40
global,43,7161,dev_unseen,53,0,64,64
global,43,7191,dev_unseen,53,0,64,64
global,43,7179,dev_unseen,53,1,64,63
global,43,7171,dev_unseen,53,2,64,64
global,43,7178,dev_unseen,53,2,64,64
global,43,7163,dev_unseen,53,1,64,40
global,43,6362,dev_unseen,54,2,54,54
global,43,6353,dev_unseen,54,0,54,18
global,43,6347,dev_unseen,54,0,54,54
global,43,6339,dev_unseen,54,1,50,54
global,43,6373,dev_unseen,54,4,44,54
global,43,6345,dev_unseen,54,3,54,54
global,43,6335,dev_unseen,54,3,54,54
global,43,6363,dev_unseen,54,1,54,56
global,43,6350,dev_unseen,54,4,54,54
global,43,6336,dev_unseen,54,2,54,54
global,43,5726,dev_unseen,55,3,55,55
global,43,5688,dev_unseen,55,0,39,39
global,43,5695,dev_unseen,55,0,55,55
global,43,5724,dev_unseen,55,4,56,28
global,43,5727,dev_unseen,55,2,55,55
global,43,5733,dev_unseen,55,1,28,55
global,43,5743,dev_unseen,55,1,55,55
global,43,5698,dev_unseen,55,3,55,55
global,43,5705,dev_unseen,55,2,55,55
global,43,5713,dev_unseen,55,4,50,13
global,43,631,dev_unseen,56,0,56,56
global,43,620,dev_unseen,56,2,56,56
global,43,647,dev_unseen,56,4,56,56
global,43,657,dev_unseen,56,3,56,56
global,43,607,dev_unseen,56,4,56,56
global,43,655,dev_unseen,56,1,56,56
global,43,641,dev_unseen,56,0,50,13
global,43,652,dev_unseen,56,3,56,56
global,43,611,dev_unseen,56,1,56,56
global,43,642,dev_unseen,56,2,56,56
global,43,3023,dev_unseen,57,2,57,57
global,43,3036,dev_unseen,57,2,57,57
global,43,3038,dev_unseen,57,4,57,57
global,43,3043,dev_unseen,57,0,57,57
global,43,3028,dev_unseen,57,1,57,57
global,43,3027,dev_unseen,57,3,57,57
global,43,3041,dev_unseen,57,0,57,57
global,43,3024,dev_unseen,57,1,57,57
global,43,3033,dev_unseen,57,3,57,57
global,43,3014,dev_unseen,57,4,57,57
global,43,2762,dev_unseen,58,3,58,58
global,43,2757,dev_unseen,58,4,58,58
global,43,2745,dev_unseen,58,2,58,58
global,43,2721,dev_unseen,58,3,58,58
global,43,2759,dev_unseen,58,4,58,58
global,43,2739,dev_unseen,58,0,53,44
global,43,2754,dev_unseen,58,1,58,58
global,43,2720,dev_unseen,58,0,58,58
global,43,2724,dev_unseen,58,1,58,58
global,43,2732,dev_unseen,58,2,58,58
global,43,1455,dev_unseen,59,4,59,71
global,43,1445,dev_unseen,59,0,59,71
global,43,1414,dev_unseen,59,2,59,59
global,43,1447,dev_unseen,59,4,59,59
global,43,1461,dev_unseen,59,0,59,59
global,43,1405,dev_unseen,59,3,59,59
global,43,1426,dev_unseen,59,3,59,59
global,43,1458,dev_unseen,59,1,4,4
global,43,1460,dev_unseen,59,1,59,59
global,43,1418,dev_unseen,59,2,59,4
global,43,5458,dev_unseen,60,1,60,60
global,43,5492,dev_unseen,60,3,60,60
global,43,5500,dev_unseen,60,2,60,60
global,43,5472,dev_unseen,60,4,60,60
global,43,5465,dev_unseen,60,0,60,60
global,43,5482,dev_unseen,60,0,60,60
global,43,5461,dev_unseen,60,1,60,60
global,43,5454,dev_unseen,60,2,60,60
global,43,5460,dev_unseen,60,4,60,60
global,43,5462,dev_unseen,60,3,60,60
global,43,1029,dev_unseen,61,4,61,61
global,43,1042,dev_unseen,61,0,61,61
global,43,1026,dev_unseen,61,3,61,61
global,43,1023,dev_unseen,61,2,61,61
global,43,1040,dev_unseen,61,0,61,61
global,43,1048,dev_unseen,61,2,61,61
global,43,1032,dev_unseen,61,1,61,61
global,43,1004,dev_unseen,61,3,61,61
global,43,1000,dev_unseen,61,1,61,61
global,43,1053,dev_unseen,61,4,61,61
global,43,10034,dev_unseen,62,4,70,70
global,43,10038,dev_unseen,62,1,50,62
global,43,10066,dev_unseen,62,3,18,18
global,43,10020,dev_unseen,62,0,62,62
global,43,10013,dev_unseen,62,1,28,28
global,43,10009,dev_unseen,62,3,28,28
global,43,10060,dev_unseen,62,4,17,7
global,43,10015,dev_unseen,62,2,70,70
global,43,10019,dev_unseen,62,0,50,62
global,43,10050,dev_unseen,62,2,62,70
global,43,7045,dev_unseen,63,0,17,64
global,43,7082,dev_unseen,63,2,63,63
global,43,7070,dev_unseen,63,3,64,64
global,43,7059,dev_unseen,63,3,51,63
global,43,7050,dev_unseen,63,1,63,63
global,43,7039,dev_unseen,63,2,63,63
global,43,7042,dev_unseen,63,4,63,63
global,43,7079,dev_unseen,63,1,63,63
global,43,7044,dev_unseen,63,0,63,64
global,43,7052,dev_unseen,63,4,51,7
global,43,7438,dev_unseen,64,0,64,64
global,43,7412,dev_unseen,64,3,64,64
global,43,7411,dev_unseen,64,0,64,64
global,43,7439,dev_unseen,64,4,63,63
global,43,7402,dev_unseen,64,1,64,64
global,43,7444,dev_unseen,64,1,64,64
global,43,7392,dev_unseen,64,3,64,64
global,43,7420,dev_unseen,64,2,64,63
global,43,7393,dev_unseen,64,2,64,64
global,43,7410,dev_unseen,64,4,64,64
global,43,11006,dev_unseen,65,1,65,65
global,43,10966,dev_unseen,65,2,65,65
global,43,10964,dev_unseen,65,0,65,65
global,43,10997,dev_unseen,65,1,65,65
global,43,10988,dev_unseen,65,4,65,65
global,43,11009,dev_unseen,65,2,65,65
global,43,10968,dev_unseen,65,3,65,65
global,43,10982,dev_unseen,65,3,65,65
global,43,10992,dev_unseen,65,0,65,65
global,43,10969,dev_unseen,65,4,65,65
global,43,5844,dev_unseen,66,1,66,66
global,43,5835,dev_unseen,66,1,66,66
global,43,5842,dev_unseen,66,3,66,66
global,43,5841,dev_unseen,66,3,66,66
global,43,5830,dev_unseen,66,0,66,66
global,43,5831,dev_unseen,66,4,66,66
global,43,5819,dev_unseen,66,0,66,66
global,43,5839,dev_unseen,66,2,66,66
global,43,5824,dev_unseen,66,2,66,66
global,43,5834,dev_unseen,66,4,66,66
global,43,4520,dev_unseen,67,4,67,67
global,43,4551,dev_unseen,67,1,67,67
global,43,4541,dev_unseen,67,4,67,67
global,43,4531,dev_unseen,67,0,67,67
global,43,4521,dev_unseen,67,1,12,12
global,43,4510,dev_unseen,67,3,67,67
global,43,4494,dev_unseen,67,3,67,67
global,43,4530,dev_unseen,67,2,67,67
global,43,4549,dev_unseen,67,0,67,67
global,43,4529,dev_unseen,67,2,67,67
global,43,7120,dev_unseen,68,3,53,53
global,43,7090,dev_unseen,68,1,63,63
global,43,7136,dev_unseen,68,4,50,17
global,43,7142,dev_unseen,68,0,17,53
global,43,7108,dev_unseen,68,3,17,7
global,43,7106,dev_unseen,68,0,51,68
global,43,7147,dev_unseen,68,2,17,17
global,43,7143,dev_unseen,68,2,17,17
global,43,7111,dev_unseen,68,1,17,64
global,43,7123,dev_unseen,68,4,17,17
global,43,11668,dev_unseen,69,2,69,0
global,43,11621,dev_unseen,69,3,69,69
global,43,11666,dev_unseen,69,0,0,0
global,43,11610,dev_unseen,69,0,69,69
global,43,11634,dev_unseen,69,1,69,69
global,43,11660,dev_unseen,69,4,69,69
global,43,11612,dev_unseen,69,2,69,69
global,43,11652,dev_unseen,69,4,69,69
global,43,11636,dev_unseen,69,3,69,69
global,43,11657,dev_unseen,69,1,69,69
global,43,9653,dev_unseen,70,4,70,70
global,43,9671,dev_unseen,70,0,70,70
global,43,9710,dev_unseen,70,2,7,7
global,43,9691,dev_unseen,70,3,70,70
global,43,9664,dev_unseen,70,1,70,70
global,43,9677,dev_unseen,70,4,70,70
global,43,9685,dev_unseen,70,1,70,70
global,43,9657,dev_unseen,70,0,70,70
global,43,9675,dev_unseen,70,3,70,70
global,43,9680,dev_unseen,70,2,70,70
global,43,3117,dev_unseen,71,1,71,71
global,43,3082,dev_unseen,71,3,71,71
global,43,3095,dev_unseen,71,1,71,71
global,43,3125,dev_unseen,71,2,71,71
global,43,3109,dev_unseen,71,0,71,71
global,43,3089,dev_unseen,71,4,71,71
global,43,3123,dev_unseen,71,3,71,71
global,43,3120,dev_unseen,71,0,71,71
global,43,3119,dev_unseen,71,2,71,71
global,43,3103,dev_unseen,71,4,71,71
global,43,6000,dev_unseen,72,3,67,67
global,43,5977,dev_unseen,72,1,67,11
global,43,6023,dev_unseen,72,3,67,39
global,43,6026,dev_unseen,72,4,11,11
global,43,6028,dev_unseen,72,0,67,39
global,43,5981,dev_unseen,72,2,11,11
global,43,5994,dev_unseen,72,2,67,11
global,43,6017,dev_unseen,72,1,11,11
global,43,5992,dev_unseen,72,0,67,11
global,43,5979,dev_unseen,72,4,72,72
global,43,9857,dev_unseen,73,4,13,13
global,43,9840,dev_unseen,73,3,73,73
global,43,9844,dev_unseen,73,4,13,13
global,43,9852,dev_unseen,73,1,13,13
global,43,9834,dev_unseen,73,0,73,73
global,43,9859,dev_unseen,73,1,73,73
global,43,9880,dev_unseen,73,3,73,73
global,43,9882,dev_unseen,73,2,28,13
global,43,9833,dev_unseen,73,0,13,13
global,43,9881,dev_unseen,73,2,73,73
global,43,879,dev_unseen,74,3,74,74
global,43,853,dev_unseen,74,0,74,74
global,43,873,dev_unseen,74,4,74,74
global,43,862,dev_unseen,74,2,74,74
global,43,855,dev_unseen,74,1,74,74
global,43,841,dev_unseen,74,1,47,47
global,43,871,dev_unseen,74,4,74,74
global,43,865,dev_unseen,74,3,74,74
global,43,874,dev_unseen,74,0,74,74
global,43,857,dev_unseen,74,2,74,74
global,44,11529,dev_seen,0,4,3,3
global,44,11493,dev_seen,0,1,0,0
global,44,11498,dev_seen,0,3,0,0
global,44,11517,dev_seen,0,0,0,0
global,44,11490,dev_seen,0,2,0,0
global,44,9315,dev_seen,1,1,1,1
global,44,9305,dev_seen,1,3,1,1
global,44,9337,dev_seen,1,2,1,1
global,44,9307,dev_seen,1,0,1,1
global,44,9336,dev_seen,1,4,1,1
global,44,5008,dev_seen,2,1,2,2
global,44,4968,dev_seen,2,4,57,57
global,44,4969,dev_seen,2,3,2,2
global,44,5020,dev_seen,2,2,2,2
global,44,4972,dev_seen,2,0,2,2
global,44,11604,dev_seen,3,0,3,3
global,44,11555,dev_seen,3,2,17,3
global,44,11552,dev_seen,3,3,3,3
global,44,11557,dev_seen,3,4,3,3
global,44,11606,dev_seen,3,1,3,3
global,44,469,dev_seen,4,3,59,59
global,44,444,dev_seen,4,4,37,4
global,44,470,dev_seen,4,2,59,59
global,44,441,dev_seen,4,1,20,20
global,44,429,dev_seen,4,0,4,4
global,44,3608,dev_seen,5,2,5,5
global,44,3650,dev_seen,5,4,5,5
global,44,3618,dev_seen,5,1,5,5
global,44,3609,dev_seen,5,0,5,5
global,44,3614,dev_seen,5,3,5,5
global,44,1595,dev_seen,6,2,6,6
global,44,1589,dev_seen,6,3,20,20
global,44,1603,dev_seen,6,0,38,8
global,44,1632,dev_seen,6,1,20,6
global,44,1587,dev_seen,6,4,6,6
global,44,7619,dev_seen,7,1,17,7
global,44,7608,dev_seen,7,2,17,7
global,44,7570,dev_seen,7,3,7,7
global,44,7610,dev_seen,7,4,40,40
global,44,7569,dev_seen,7,0,7,7
global,44,6235,dev_seen,8,3,6,6
global,44,6243,dev_seen,8,4,20,20
global,44,6250,dev_seen,8,1,38,38
global,44,6220,dev_seen,8,2,20,20
global,44,6228,dev_seen,8,0,8,8
global,44,10440,dev_seen,9,0,9,9
global,44,10451,dev_seen,9,4,9,9
global,44,10459,dev_seen,9,1,9,9
global,44,10460,dev_seen,9,2,17,9
global,44,10428,dev_seen,9,3,62,9
global,44,3375,dev_seen,10,1,32,10
global,44,3389,dev_seen,10,2,10,10
global,44,3412,dev_seen,10,0,34,34
global,44,3396,dev_seen,10,4,10,10
global,44,3422,dev_seen,10,3,32,32
global,44,5960,dev_seen,11,1,11,11
global,44,5919,dev_seen,11,4,11,11
global,44,5935,dev_seen,11,3,11,11
global,44,5967,dev_seen,11,0,11,11
global,44,5968,dev_seen,11,2,67,67
global,44,8755,dev_seen,12,0,12,12
global,44,8738,dev_seen,12,3,12,12
global,44,8761,dev_seen,12,2,12,12
global,44,8704,dev_seen,12,4,12,12
global,44,8734,dev_seen,12,1,12,12
global,44,11731,dev_seen,13,2,13,13
global,44,11746,dev_seen,13,3,13,13
global,44,11781,dev_seen,13,0,13,13
global,44,11762,dev_seen,13,1,13,13
global,44,11787,dev_seen,13,4,13,13
global,44,7883,dev_seen,14,1,14,14
global,44,7905,dev_seen,14,3,14,14
global,44,7885,dev_seen,14,2,14,14
global,44,7902,dev_seen,14,4,14,14
global,44,7875,dev_seen,14,0,14,14
global,44,393,dev_seen,15,4,25,15
global,44,417,dev_seen,15,3,15,15
global,44,392,dev_seen,15,2,52,15
global,44,406,dev_seen,15,0,15,15
global,44,409,dev_seen,15,1,15,52
global,44,4653,dev_seen,16,1,16,16
global,44,4665,dev_seen,16,3,16,16
global,44,4669,dev_seen,16,0,16,16
global,44,4621,dev_seen,16,2,16,16
global,44,4646,dev_seen,16,4,16,16
global,44,6943,dev_seen,17,3,17,17
global,44,6945,dev_seen,17,2,17,17
global,44,6927,dev_seen,17,0,17,17
global,44,6918,dev_seen,17,4,17,17
global,44,6950,dev_seen,17,1,17,17
global,44,9719,dev_seen,18,4,18,18
global,44,9747,dev_seen,18,1,18,18
global,44,9736,dev_seen,18,0,18,18
global,44,9740,dev_seen,18,2,18,18
global,44,9764,dev_seen,18,3,18,18
global,44,9019,dev_seen,19,0,19,19
global,44,9022,dev_seen,19,2,70,19
global,44,9036,dev_seen,19,1,19,19
global,44,9020,dev_seen,19,3,19,19
global,44,9002,dev_seen,19,4,70,19
global,44,1675,dev_seen,20,4,37,37
global,44,1691,dev_seen,20,0,20,6
global,44,1690,dev_seen,20,3,20,6
global,44,1668,dev_seen,20,2,8,8
global,44,1680,dev_seen,20,1,20,20
global,44,907,dev_seen,21,3,21,21
global,44,910,dev_seen,21,4,21,21
global,44,926,dev_seen,21,0,21,21
global,44,916,dev_seen,21,2,21,21
global,44,929,dev_seen,21,1,21,21
global,44,3286,dev_seen,22,4,22,22
global,44,3293,dev_seen,22,0,22,22
global,44,3271,dev_seen,22,3,22,22
global,44,3265,dev_seen,22,1,22,22
global,44,3277,dev_seen,22,2,22,22
global,44,4868,dev_seen,23,2,23,23
global,44,4876,dev_seen,23,1,23,23
global,44,4857,dev_seen,23,3,23,23
global,44,4899,dev_seen,23,4,23,23
global,44,4860,dev_seen,23,0,23,23
global,44,9371,dev_seen,24,1,24,24
global,44,9408,dev_seen,24,0,24,24
global,44,9393,dev_seen,24,2,24,24
global,44,9359,dev_seen,24,3,24,24
global,44,9367,dev_seen,24,4,24,24
global,44,324,dev_seen,25,0,25,25
global,44,347,dev_seen,25,1,25,25
global,44,339,dev_seen,25,4,52,25
global,44,331,dev_seen,25,2,52,25
global,44,364,dev_seen,25,3,25,25
global,44,4242,dev_seen,26,1,26,26
global,44,4233,dev_seen,26,3,26,26
global,44,4230,dev_seen,26,2,26,26
global,44,4208,dev_seen,26,4,26,26
global,44,4243,dev_seen,26,0,26,26
global,44,8170,dev_seen,27,0,49,27
global,44,8187,dev_seen,27,3,49,27
global,44,8167,dev_seen,27,2,27,27
global,44,8198,dev_seen,27,1,27,27
global,44,8202,dev_seen,27,4,27,27
global,44,9895,dev_seen,28,2,28,28
global,44,9923,dev_seen,28,1,28,28
global,44,9898,dev_seen,28,0,28,28
global,44,9902,dev_seen,28,4,28,28
global,44,9933,dev_seen,28,3,28,48
global,44,5086,dev_seen,29,3,58,13
global,44,5087,dev_seen,29,4,29,29
global,44,5143,dev_seen,29,0,29,29
global,44,5131,dev_seen,29,1,29,29
global,44,5089,dev_seen,29,2,29,29
global,44,11076,dev_seen,30,2,30,30
global,44,11089,dev_seen,30,4,30,30
global,44,11075,dev_seen,30,1,30,30
global,44,11112,dev_seen,30,3,30,30
global,44,11109,dev_seen,30,0,30,30
global,44,2910,dev_seen,31,3,31,31
global,44,2928,dev_seen,31,2,31,31
global,44,2927,dev_seen,31,4,31,31
global,44,2905,dev_seen,31,1,31,31
global,44,2914,dev_seen,31,0,31,31
global,44,3591,dev_seen,32,4,10,32
global,44,3572,dev_seen,32,1,32,32
global,44,3564,dev_seen,32,3,32,32
global,44,3560,dev_seen,32,0,32,32
global,44,3561,dev_seen,32,2,34,34
global,44,3003,dev_seen,33,2,33,33
global,44,2999,dev_seen,33,1,33,33
global,44,2973,dev_seen,33,0,33,33
global,44,2994,dev_seen,33,3,33,33
global,44,2969,dev_seen,33,4,33,33
global,44,3739,dev_seen,34,1,10,10
global,44,3776,dev_seen,34,2,32,34
global,44,3756,dev_seen,34,3,34,34
global,44,3743,dev_seen,34,0,34,34
global,44,3757,dev_seen,34,4,32,32
global,44,11238,dev_seen,35,2,35,35
global,44,11206,dev_seen,35,0,35,35
global,44,11210,dev_seen,35,4,35,35
global,44,11240,dev_seen,35,1,35,35
global,44,11214,dev_seen,35,3,35,35
global,44,4278,dev_seen,36,1,36,36
global,44,4296,dev_seen,36,3,26,36
global,44,4303,dev_seen,36,2,36,36
global,44,4268,dev_seen,36,0,26,36
global,44,4269,dev_seen,36,4,36,36
global,44,2777,dev_seen,37,1,37,37
global,44,2797,dev_seen,37,3,37,37
global,44,2779,dev_seen,37,4,59,71
global,44,2823,dev_seen,37,0,37,37
global,44,2808,dev_seen,37,2,37,37
global,44,6290,dev_seen,38,4,38,38
global,44,6287,dev_seen,38,3,38,38
global,44,6291,dev_seen,38,2,38,38
global,44,6305,dev_seen,38,0,38,38
global,44,6309,dev_seen,38,1,38,38
global,44,4449,dev_seen,39,1,39,39
global,44,4478,dev_seen,39,0,39,39
global,44,4485,dev_seen,39,3,39,39
global,44,4490,dev_seen,39,2,39,39
global,44,4491,dev_seen,39,4,39,39
global,44,7298,dev_seen,40,4,64,64
global,44,7322,dev_seen,40,2,64,64
global,44,7274,dev_seen,40,0,51,40
global,44,7270,dev_seen,40,1,64,64
global,44,7278,dev_seen,40,3,40,40
global,44,15,dev_seen,41,0,42,41
global,44,49,dev_seen,41,3,41,41
global,44,42,dev_seen,41,4,41,41
global,44,41,dev_seen,41,1,42,41
global,44,2,dev_seen,41,2,42,41
global,44,137,dev_seen,42,4,42,42
global,44,127,dev_seen,42,3,42,42
global,44,125,dev_seen,42,0,42,42
global,44,122,dev_seen,42,1,42,42
global,44,136,dev_seen,42,2,42,42
global,44,6167,dev_seen,43,4,15,15
global,44,6184,dev_seen,43,2,43,43
global,44,6168,dev_seen,43,3,43,43
global,44,6186,dev_seen,43,0,43,43
global,44,6191,dev_seen,43,1,43,43
global,44,8661,dev_seen,44,2,44,44
global,44,8689,dev_seen,44,0,44,44
global,44,8671,dev_seen,44,4,44,44
global,44,8646,dev_seen,44,3,51,44
global,44,8701,dev_seen,44,1,44,44
global,44,716,dev_seen,45,4,45,45
global,44,677,dev_seen,45,2,45,45
global,44,699,dev_seen,45,3,45,45
global,44,667,dev_seen,45,1,45,45
global,44,685,dev_seen,45,0,45,45
global,44,4057,dev_seen,46,0,46,46
global,44,4018,dev_seen,46,4,46,46
global,44,4060,dev_seen,46,3,46,46
global,44,4066,dev_seen,46,1,46,46
global,44,4030,dev_seen,46,2,46,46
global,44,4346,dev_seen,47,1,47,47
global,44,4370,dev_seen,47,0,47,47
global,44,4355,dev_seen,47,2,47,47
global,44,4324,dev_seen,47,3,47,47
global,44,4331,dev_seen,47,4,47,47
global,44,9206,dev_seen,48,1,48,48
global,44,9209,dev_seen,48,4,48,48
global,44,9204,dev_seen,48,3,70,48
global,44,9228,dev_seen,48,0,73,73
global,44,9226,dev_seen,48,2,48,48
global,44,8151,dev_seen,49,2,49,49
global,44,8142,dev_seen,49,4,49,49
global,44,8115,dev_seen,49,0,49,49
global,44,8107,dev_seen,49,1,49,49
global,44,8121,dev_seen,49,3,49,49
global,44,9286,dev_unseen,50,1,50,50
global,44,9237,dev_unseen,50,0,50,50
global,44,9291,dev_unseen,50,4,50,22
global,44,9274,dev_unseen,50,4,50,50
global,44,9244,dev_unseen,50,3,44,50
global,44,9269,dev_unseen,50,1,50,50
global,44,9263,dev_unseen,50,2,50,50
global,44,9283,dev_unseen,50,2,50,50
global,44,9234,dev_unseen,50,3,50,50
global,44,9287,dev_unseen,50,0,50,50
global,44,7366,dev_unseen,51,2,51,51
global,44,7353,dev_unseen,51,4,17,17
global,44,7336,dev_unseen,51,1,63,40
global,44,7371,dev_unseen,51,0,64,64
global,44,7359,dev_unseen,51,2,51,51
global,44,7332,dev_unseen,51,3,50,40
global,44,7373,dev_unseen,51,0,64,40
global,44,7364,dev_unseen,51,3,64,64
global,44,7348,dev_unseen,51,1,17,3
global,44,7370,dev_unseen,51,4,17,40
global,44,250,dev_unseen,52,0,52,52
global,44,242,dev_unseen,52,2,52,52
global,44,268,dev_unseen,52,1,52,52
global,44,280,dev_unseen,52,1,52,52
global,44,243,dev_unseen,52,2,52,52
global,44,253,dev_unseen,52,4,52,52
global,44,249,dev_unseen,52,3,52,52
global,44,247,dev_unseen,52,0,52,52
global,44,274,dev_unseen,52,3,52,52
global,44,272,dev_unseen,52,4,52,52
global,44,7188,dev_unseen,53,3,40,40
global,44,7157,dev_unseen,53,3,64,64
global,44,7208,dev_unseen,53,4,63,63
global,44,7195,dev_unseen,53,4,63,40
global,44,7161,dev_unseen,53,0,64,64
global,44,7191,dev_unseen,53,0,64,64
global,44,7179,dev_unseen,53,1,64,63
global,44,7171,dev_unseen,53,2,64,64
global,44,7178,dev_unseen,53,2,64,64
global,44,7163,dev_unseen,53,1,64,40
global,44,6362,dev_unseen,54,2,54,54
global,44,6353,dev_unseen,54,0,54,18
global,44,6347,dev_unseen,54,0,54,54
global,44,6339,dev_unseen,54,1,50,55
global,44,6373,dev_unseen,54,4,44,54
global,44,6345,dev_unseen,54,3,54,54
global,44,6335,dev_unseen,54,3,54,54
global,44,6363,dev_unseen,54,1,54,56
global,44,6350,dev_unseen,54,4,54,54
global,44,6336,dev_unseen,54,2,54,54
global,44,5726,dev_unseen,55,3,55,55
global,44,5688,dev_unseen,55,0,39,39
global,44,5695,dev_unseen,55,0,55,55
global,44,5724,dev_unseen,55,4,56,28
global,44,5727,dev_unseen,55,2,55,55
global,44,5733,dev_unseen,55,1,28,55
global,44,5743,dev_unseen,55,1,55,55
global,44,5698,dev_unseen,55,3,55,55
global,44,5705,dev_unseen,55,2,55,55
global,44,5713,dev_unseen,55,4,50,13
global,44,631,dev_unseen,56,0,56,56
global,44,620,dev_unseen,56,2,56,56
global,44,647,dev_unseen,56,4,56,56
global,44,657,dev_unseen,56,3,56,56
global,44,607,dev_unseen,56,4,56,56
global,44,655,dev_unseen,56,1,56,56
global,44,641,dev_unseen,56,0,50,13
global,44,652,dev_unseen,56,3,56,56
global,44,611,dev_unseen,56,1,56,56
global,44,642,dev_unseen,56,2,56,56
global,44,3023,dev_unseen,57,2,57,57
global,44,3036,dev_unseen,57,2,57,57
global,44,3038,dev_unseen,57,4,57,57
global,44,3043,dev_unseen,57,0,57,57
global,44,3028,dev_unseen,57,1,57,57
global,44,3027,dev_unseen,57,3,57,57
global,44,3041,dev_unseen,57,0,57,57
global,44,3024,dev_unseen,57,1,57,57
global,44,3033,dev_unseen,57,3,57,57
global,44,3014,dev_unseen,57,4,57,57
global,44,2762,dev_unseen,58,3,58,58
global,44,2757,dev_unseen,58,4,58,58
global,44,2745,dev_unseen,58,2,58,58
global,44,2721,dev_unseen,58,3,58,58
global,44,2759,dev_unseen,58,4,58,58
global,44,2739,dev_unseen,58,0,53,44
global,44,2754,dev_unseen,58,1,58,58
global,44,2720,dev_unseen,58,0,58,58
global,44,2724,dev_unseen,58,1,58,58
global,44,2732,dev_unseen,58,2,58,58
global,44,1455,dev_unseen,59,4,59,71
global,44,1445,dev_unseen,59,0,59,71
global,44,1414,dev_unseen,59,2,59,59
global,44,1447,dev_unseen,59,4,59,59
global,44,1461,dev_unseen,59,0,59,59
global,44,1405,dev_unseen,59,3,59,59
global,44,1426,dev_unseen,59,3,59,59
global,44,1458,dev_unseen,59,1,4,4
global,44,1460,dev_unseen,59,1,59,59
global,44,1418,dev_unseen,59,2,59,4
global,44,5458,dev_unseen,60,1,60,60
global,44,5492,dev_unseen,60,3,60,60
global,44,5500,dev_unseen,60,2,60,60
global,44,5472,dev_unseen,60,4,60,60
global,44,5465,dev_unseen,60,0,60,60
global,44,5482,dev_unseen,60,0,60,60
global,44,5461,dev_unseen,60,1,60,60
global,44,5454,dev_unseen,60,2,60,60
global,44,5460,dev_unseen,60,4,60,60
global,44,5462,dev_unseen,60,3,60,60
global,44,1029,dev_unseen,61,4,61,61
global,44,1042,dev_unseen,61,0,61,61
global,44,1026,dev_unseen,61,3,61,61
global,44,1023,dev_unseen,61,2,61,61
global,44,1040,dev_unseen,61,0,61,61
global,44,1048,dev_unseen,61,2,61,61
global,44,1032,dev_unseen,61,1,61,61
global,44,1004,dev_unseen,61,3,61,61
global,44,1000,dev_unseen,61,1,61,61
global,44,1053,dev_unseen,61,4,61,61
global,44,10034,dev_unseen,62,4,70,70
global,44,10038,dev_unseen,62,1,50,62
global,44,10066,dev_unseen,62,3,18,28
global,44,10020,dev_unseen,62,0,62,18
global,44,10013,dev_unseen,62,1,28,28
global,44,10009,dev_unseen,62,3,28,28
global,44,10060,dev_unseen,62,4,17,28
global,44,10015,dev_unseen,62,2,70,70
global,44,10019,dev_unseen,62,0,50,62
global,44,10050,dev_unseen,62,2,62,70
global,44,7045,dev_unseen,63,0,17,64
global,44,7082,dev_unseen,63,2,63,63
global,44,7070,dev_unseen,63,3,64,64
global,44,7059,dev_unseen,63,3,51,63
global,44,7050,dev_unseen,63,1,63,63
global,44,7039,dev_unseen,63,2,63,63
global,44,7042,dev_unseen,63,4,63,63
global,44,7079,dev_unseen,63,1,63,63
global,44,7044,dev_unseen,63,0,63,64
global,44,7052,dev_unseen,63,4,51,7
global,44,7438,dev_unseen,64,0,64,64
global,44,7412,dev_unseen,64,3,64,64
global,44,7411,dev_unseen,64,0,64,64
global,44,7439,dev_unseen,64,4,63,63
global,44,7402,dev_unseen,64,1,64,64
global,44,7444,dev_unseen,64,1,64,64
global,44,7392,dev_unseen,64,3,64,64
global,44,7420,dev_unseen,64,2,64,63
global,44,7393,dev_unseen,64,2,64,64
global,44,7410,dev_unseen,64,4,64,64
global,44,11006,dev_unseen,65,1,65,65
global,44,10966,dev_unseen,65,2,65,65
global,44,10964,dev_unseen,65,0,65,65
global,44,10997,dev_unseen,65,1,65,65
global,44,10988,dev_unseen,65,4,65,65
global,44,11009,dev_unseen,65,2,65,65
global,44,10968,dev_unseen,65,3,65,65
global,44,10982,dev_unseen,65,3,65,65
global,44,10992,dev_unseen,65,0,65,65
global,44,10969,dev_unseen,65,4,65,65
global,44,5844,dev_unseen,66,1,66,66
global,44,5835,dev_unseen,66,1,66,66
global,44,5842,dev_unseen,66,3,66,66
global,44,5841,dev_unseen,66,3,66,66
global,44,5830,dev_unseen,66,0,66,66
global,44,5831,dev_unseen,66,4,66,66
global,44,5819,dev_unseen,66,0,66,66
global,44,5839,dev_unseen,66,2,66,66
global,44,5824,dev_unseen,66,2,66,66
global,44,5834,dev_unseen,66,4,66,66
global,44,4520,dev_unseen,67,4,67,67
global,44,4551,dev_unseen,67,1,67,67
global,44,4541,dev_unseen,67,4,67,67
global,44,4531,dev_unseen,67,0,67,67
global,44,4521,dev_unseen,67,1,12,12
global,44,4510,dev_unseen,67,3,67,67
global,44,4494,dev_unseen,67,3,67,67
global,44,4530,dev_unseen,67,2,67,67
global,44,4549,dev_unseen,67,0,67,67
global,44,4529,dev_unseen,67,2,67,67
global,44,7120,dev_unseen,68,3,53,53
global,44,7090,dev_unseen,68,1,63,63
global,44,7136,dev_unseen,68,4,50,17
global,44,7142,dev_unseen,68,0,17,53
global,44,7108,dev_unseen,68,3,17,7
global,44,7106,dev_unseen,68,0,51,68
global,44,7147,dev_unseen,68,2,17,17
global,44,7143,dev_unseen,68,2,17,17
global,44,7111,dev_unseen,68,1,17,64
global,44,7123,dev_unseen,68,4,17,17
global,44,11668,dev_unseen,69,2,69,0
global,44,11621,dev_unseen,69,3,69,69
global,44,11666,dev_unseen,69,0,0,0
global,44,11610,dev_unseen,69,0,69,69
global,44,11634,dev_unseen,69,1,69,69
global,44,11660,dev_unseen,69,4,69,69
global,44,11612,dev_unseen,69,2,69,69
global,44,11652,dev_unseen,69,4,69,69
global,44,11636,dev_unseen,69,3,69,69
global,44,11657,dev_unseen,69,1,69,69
global,44,9653,dev_unseen,70,4,70,70
global,44,9671,dev_unseen,70,0,70,70
global,44,9710,dev_unseen,70,2,7,7
global,44,9691,dev_unseen,70,3,70,70
global,44,9664,dev_unseen,70,1,70,70
global,44,9677,dev_unseen,70,4,70,70
global,44,9685,dev_unseen,70,1,70,70
global,44,9657,dev_unseen,70,0,70,70
global,44,9675,dev_unseen,70,3,70,70
global,44,9680,dev_unseen,70,2,70,70
global,44,3117,dev_unseen,71,1,71,71
global,44,3082,dev_unseen,71,3,71,71
global,44,3095,dev_unseen,71,1,71,71
global,44,3125,dev_unseen,71,2,71,71
global,44,3109,dev_unseen,71,0,71,71
global,44,3089,dev_unseen,71,4,71,71
global,44,3123,dev_unseen,71,3,71,71
global,44,3120,dev_unseen,71,0,71,71
global,44,3119,dev_unseen,71,2,71,71
global,44,3103,dev_unseen,71,4,71,71
global,44,6000,dev_unseen,72,3,67,67
global,44,5977,dev_unseen,72,1,67,11
global,44,6023,dev_unseen,72,3,67,39
global,44,6026,dev_unseen,72,4,11,11
global,44,6028,dev_unseen,72,0,67,39
global,44,5981,dev_unseen,72,2,11,11
global,44,5994,dev_unseen,72,2,67,11
global,44,6017,dev_unseen,72,1,11,11
global,44,5992,dev_unseen,72,0,67,11
global,44,5979,dev_unseen,72,4,72,72
global,44,9857,dev_unseen,73,4,13,13
global,44,9840,dev_unseen,73,3,73,73
global,44,9844,dev_unseen,73,4,13,13
global,44,9852,dev_unseen,73,1,13,13
global,44,9834,dev_unseen,73,0,73,73
global,44,9859,dev_unseen,73,1,73,73
global,44,9880,dev_unseen,73,3,73,73
global,44,9882,dev_unseen,73,2,28,13
global,44,9833,dev_unseen,73,0,13,13
global,44,9881,dev_unseen,73,2,73,73
global,44,879,dev_unseen,74,3,74,74
global,44,853,dev_unseen,74,0,74,74
global,44,873,dev_unseen,74,4,74,74
global,44,862,dev_unseen,74,2,74,74
global,44,855,dev_unseen,74,1,74,74
global,44,841,dev_unseen,74,1,47,47
global,44,871,dev_unseen,74,4,74,74
global,44,865,dev_unseen,74,3,74,74
global,44,874,dev_unseen,74,0,74,74
global,44,857,dev_unseen,74,2,74,74
uniform,42,11529,dev_seen,0,4,3,3
uniform,42,11493,dev_seen,0,1,0,0
uniform,42,11498,dev_seen,0,3,0,0
uniform,42,11517,dev_seen,0,0,0,0
uniform,42,11490,dev_seen,0,2,0,0
uniform,42,9315,dev_seen,1,1,1,1
uniform,42,9305,dev_seen,1,3,1,1
uniform,42,9337,dev_seen,1,2,1,1
uniform,42,9307,dev_seen,1,0,1,1
uniform,42,9336,dev_seen,1,4,1,1
uniform,42,5008,dev_seen,2,1,2,2
uniform,42,4968,dev_seen,2,4,57,57
uniform,42,4969,dev_seen,2,3,2,2
uniform,42,5020,dev_seen,2,2,2,2
uniform,42,4972,dev_seen,2,0,2,2
uniform,42,11604,dev_seen,3,0,3,3
uniform,42,11555,dev_seen,3,2,17,3
uniform,42,11552,dev_seen,3,3,3,3
uniform,42,11557,dev_seen,3,4,3,3
uniform,42,11606,dev_seen,3,1,3,3
uniform,42,469,dev_seen,4,3,59,59
uniform,42,444,dev_seen,4,4,37,4
uniform,42,470,dev_seen,4,2,59,59
uniform,42,441,dev_seen,4,1,20,20
uniform,42,429,dev_seen,4,0,4,4
uniform,42,3608,dev_seen,5,2,5,5
uniform,42,3650,dev_seen,5,4,5,5
uniform,42,3618,dev_seen,5,1,5,5
uniform,42,3609,dev_seen,5,0,5,5
uniform,42,3614,dev_seen,5,3,5,5
uniform,42,1595,dev_seen,6,2,6,6
uniform,42,1589,dev_seen,6,3,20,20
uniform,42,1603,dev_seen,6,0,38,38
uniform,42,1632,dev_seen,6,1,20,6
uniform,42,1587,dev_seen,6,4,6,6
uniform,42,7619,dev_seen,7,1,17,7
uniform,42,7608,dev_seen,7,2,17,7
uniform,42,7570,dev_seen,7,3,7,7
uniform,42,7610,dev_seen,7,4,40,40
uniform,42,7569,dev_seen,7,0,7,7
uniform,42,6235,dev_seen,8,3,6,6
uniform,42,6243,dev_seen,8,4,20,20
uniform,42,6250,dev_seen,8,1,38,38
uniform,42,6220,dev_seen,8,2,20,20
uniform,42,6228,dev_seen,8,0,8,38
uniform,42,10440,dev_seen,9,0,9,9
uniform,42,10451,dev_seen,9,4,9,9
uniform,42,10459,dev_seen,9,1,9,9
uniform,42,10460,dev_seen,9,2,17,9
uniform,42,10428,dev_seen,9,3,62,9
uniform,42,3375,dev_seen,10,1,32,32
uniform,42,3389,dev_seen,10,2,10,10
uniform,42,3412,dev_seen,10,0,34,10
uniform,42,3396,dev_seen,10,4,10,10
uniform,42,3422,dev_seen,10,3,32,32
uniform,42,5960,dev_seen,11,1,11,11
uniform,42,5919,dev_seen,11,4,11,11
uniform,42,5935,dev_seen,11,3,11,11
uniform,42,5967,dev_seen,11,0,11,11
uniform,42,5968,dev_seen,11,2,67,67
uniform,42,8755,dev_seen,12,0,12,12
uniform,42,8738,dev_seen,12,3,12,12
uniform,42,8761,dev_seen,12,2,12,12
uniform,42,8704,dev_seen,12,4,12,12
uniform,42,8734,dev_seen,12,1,12,12
uniform,42,11731,dev_seen,13,2,13,13
uniform,42,11746,dev_seen,13,3,13,13
uniform,42,11781,dev_seen,13,0,13,13
uniform,42,11762,dev_seen,13,1,13,13
uniform,42,11787,dev_seen,13,4,13,13
uniform,42,7883,dev_seen,14,1,14,14
uniform,42,7905,dev_seen,14,3,14,14
uniform,42,7885,dev_seen,14,2,14,14
uniform,42,7902,dev_seen,14,4,14,14
uniform,42,7875,dev_seen,14,0,14,14
uniform,42,393,dev_seen,15,4,25,15
uniform,42,417,dev_seen,15,3,15,15
uniform,42,392,dev_seen,15,2,52,15
uniform,42,406,dev_seen,15,0,15,15
uniform,42,409,dev_seen,15,1,15,15
uniform,42,4653,dev_seen,16,1,16,16
uniform,42,4665,dev_seen,16,3,16,16
uniform,42,4669,dev_seen,16,0,16,16
uniform,42,4621,dev_seen,16,2,16,16
uniform,42,4646,dev_seen,16,4,16,16
uniform,42,6943,dev_seen,17,3,17,17
uniform,42,6945,dev_seen,17,2,17,17
uniform,42,6927,dev_seen,17,0,17,17
uniform,42,6918,dev_seen,17,4,17,17
uniform,42,6950,dev_seen,17,1,17,17
uniform,42,9719,dev_seen,18,4,18,18
uniform,42,9747,dev_seen,18,1,18,18
uniform,42,9736,dev_seen,18,0,18,18
uniform,42,9740,dev_seen,18,2,18,18
uniform,42,9764,dev_seen,18,3,18,18
uniform,42,9019,dev_seen,19,0,19,19
uniform,42,9022,dev_seen,19,2,70,19
uniform,42,9036,dev_seen,19,1,19,19
uniform,42,9020,dev_seen,19,3,19,19
uniform,42,9002,dev_seen,19,4,70,70
uniform,42,1675,dev_seen,20,4,37,37
uniform,42,1691,dev_seen,20,0,20,6
uniform,42,1690,dev_seen,20,3,20,6
uniform,42,1668,dev_seen,20,2,8,8
uniform,42,1680,dev_seen,20,1,20,20
uniform,42,907,dev_seen,21,3,21,21
uniform,42,910,dev_seen,21,4,21,21
uniform,42,926,dev_seen,21,0,21,21
uniform,42,916,dev_seen,21,2,21,21
uniform,42,929,dev_seen,21,1,21,21
uniform,42,3286,dev_seen,22,4,22,22
uniform,42,3293,dev_seen,22,0,22,22
uniform,42,3271,dev_seen,22,3,22,22
uniform,42,3265,dev_seen,22,1,22,22
uniform,42,3277,dev_seen,22,2,22,22
uniform,42,4868,dev_seen,23,2,23,23
uniform,42,4876,dev_seen,23,1,23,23
uniform,42,4857,dev_seen,23,3,23,23
uniform,42,4899,dev_seen,23,4,23,23
uniform,42,4860,dev_seen,23,0,23,23
uniform,42,9371,dev_seen,24,1,24,24
uniform,42,9408,dev_seen,24,0,24,24
uniform,42,9393,dev_seen,24,2,24,24
uniform,42,9359,dev_seen,24,3,24,24
uniform,42,9367,dev_seen,24,4,24,24
uniform,42,324,dev_seen,25,0,25,25
uniform,42,347,dev_seen,25,1,25,25
uniform,42,339,dev_seen,25,4,52,25
uniform,42,331,dev_seen,25,2,52,25
uniform,42,364,dev_seen,25,3,25,25
uniform,42,4242,dev_seen,26,1,26,26
uniform,42,4233,dev_seen,26,3,26,26
uniform,42,4230,dev_seen,26,2,26,26
uniform,42,4208,dev_seen,26,4,26,26
uniform,42,4243,dev_seen,26,0,26,26
uniform,42,8170,dev_seen,27,0,49,27
uniform,42,8187,dev_seen,27,3,49,27
uniform,42,8167,dev_seen,27,2,27,27
uniform,42,8198,dev_seen,27,1,27,27
uniform,42,8202,dev_seen,27,4,27,27
uniform,42,9895,dev_seen,28,2,28,28
uniform,42,9923,dev_seen,28,1,28,28
uniform,42,9898,dev_seen,28,0,28,28
uniform,42,9902,dev_seen,28,4,28,28
uniform,42,9933,dev_seen,28,3,28,28
uniform,42,5086,dev_seen,29,3,58,13
uniform,42,5087,dev_seen,29,4,29,29
uniform,42,5143,dev_seen,29,0,29,29
uniform,42,5131,dev_seen,29,1,29,29
uniform,42,5089,dev_seen,29,2,29,29
uniform,42,11076,dev_seen,30,2,30,30
uniform,42,11089,dev_seen,30,4,30,30
uniform,42,11075,dev_seen,30,1,30,30
uniform,42,11112,dev_seen,30,3,30,30
uniform,42,11109,dev_seen,30,0,30,30
uniform,42,2910,dev_seen,31,3,31,31
uniform,42,2928,dev_seen,31,2,31,31
uniform,42,2927,dev_seen,31,4,31,31
uniform,42,2905,dev_seen,31,1,31,31
uniform,42,2914,dev_seen,31,0,31,31
uniform,42,3591,dev_seen,32,4,10,32
uniform,42,3572,dev_seen,32,1,32,32
uniform,42,3564,dev_seen,32,3,32,32
uniform,42,3560,dev_seen,32,0,32,32
uniform,42,3561,dev_seen,32,2,34,34
uniform,42,3003,dev_seen,33,2,33,33
uniform,42,2999,dev_seen,33,1,33,33
uniform,42,2973,dev_seen,33,0,33,33
uniform,42,2994,dev_seen,33,3,33,33
uniform,42,2969,dev_seen,33,4,33,33
uniform,42,3739,dev_seen,34,1,10,10
uniform,42,3776,dev_seen,34,2,32,34
uniform,42,3756,dev_seen,34,3,34,34
uniform,42,3743,dev_seen,34,0,34,34
uniform,42,3757,dev_seen,34,4,32,32
uniform,42,11238,dev_seen,35,2,35,35
uniform,42,11206,dev_seen,35,0,35,35
uniform,42,11210,dev_seen,35,4,35,35
uniform,42,11240,dev_seen,35,1,35,35
uniform,42,11214,dev_seen,35,3,35,35
uniform,42,4278,dev_seen,36,1,36,36
uniform,42,4296,dev_seen,36,3,26,36
uniform,42,4303,dev_seen,36,2,36,36
uniform,42,4268,dev_seen,36,0,26,36
uniform,42,4269,dev_seen,36,4,36,36
uniform,42,2777,dev_seen,37,1,37,37
uniform,42,2797,dev_seen,37,3,37,37
uniform,42,2779,dev_seen,37,4,59,71
uniform,42,2823,dev_seen,37,0,37,37
uniform,42,2808,dev_seen,37,2,37,37
uniform,42,6290,dev_seen,38,4,38,38
uniform,42,6287,dev_seen,38,3,38,38
uniform,42,6291,dev_seen,38,2,38,38
uniform,42,6305,dev_seen,38,0,38,38
uniform,42,6309,dev_seen,38,1,38,38
uniform,42,4449,dev_seen,39,1,39,39
uniform,42,4478,dev_seen,39,0,39,39
uniform,42,4485,dev_seen,39,3,39,39
uniform,42,4490,dev_seen,39,2,39,39
uniform,42,4491,dev_seen,39,4,39,39
uniform,42,7298,dev_seen,40,4,64,64
uniform,42,7322,dev_seen,40,2,64,64
uniform,42,7274,dev_seen,40,0,51,40
uniform,42,7270,dev_seen,40,1,64,64
uniform,42,7278,dev_seen,40,3,40,40
uniform,42,15,dev_seen,41,0,42,41
uniform,42,49,dev_seen,41,3,41,41
uniform,42,42,dev_seen,41,4,41,41
uniform,42,41,dev_seen,41,1,42,41
uniform,42,2,dev_seen,41,2,42,42
uniform,42,137,dev_seen,42,4,42,42
uniform,42,127,dev_seen,42,3,42,42
uniform,42,125,dev_seen,42,0,42,42
uniform,42,122,dev_seen,42,1,42,42
uniform,42,136,dev_seen,42,2,42,42
uniform,42,6167,dev_seen,43,4,15,43
uniform,42,6184,dev_seen,43,2,43,43
uniform,42,6168,dev_seen,43,3,43,43
uniform,42,6186,dev_seen,43,0,43,43
uniform,42,6191,dev_seen,43,1,43,43
uniform,42,8661,dev_seen,44,2,44,44
uniform,42,8689,dev_seen,44,0,44,44
uniform,42,8671,dev_seen,44,4,44,44
uniform,42,8646,dev_seen,44,3,51,44
uniform,42,8701,dev_seen,44,1,44,44
uniform,42,716,dev_seen,45,4,45,45
uniform,42,677,dev_seen,45,2,45,45
uniform,42,699,dev_seen,45,3,45,45
uniform,42,667,dev_seen,45,1,45,45
uniform,42,685,dev_seen,45,0,45,45
uniform,42,4057,dev_seen,46,0,46,46
uniform,42,4018,dev_seen,46,4,46,46
uniform,42,4060,dev_seen,46,3,46,46
uniform,42,4066,dev_seen,46,1,46,46
uniform,42,4030,dev_seen,46,2,46,46
uniform,42,4346,dev_seen,47,1,47,47
uniform,42,4370,dev_seen,47,0,47,47
uniform,42,4355,dev_seen,47,2,47,47
uniform,42,4324,dev_seen,47,3,47,47
uniform,42,4331,dev_seen,47,4,47,47
uniform,42,9206,dev_seen,48,1,48,48
uniform,42,9209,dev_seen,48,4,48,48
uniform,42,9204,dev_seen,48,3,70,70
uniform,42,9228,dev_seen,48,0,73,73
uniform,42,9226,dev_seen,48,2,48,48
uniform,42,8151,dev_seen,49,2,49,49
uniform,42,8142,dev_seen,49,4,49,49
uniform,42,8115,dev_seen,49,0,49,49
uniform,42,8107,dev_seen,49,1,49,49
uniform,42,8121,dev_seen,49,3,49,49
uniform,42,9286,dev_unseen,50,1,50,50
uniform,42,9237,dev_unseen,50,0,50,50
uniform,42,9291,dev_unseen,50,4,50,50
uniform,42,9274,dev_unseen,50,4,50,50
uniform,42,9244,dev_unseen,50,3,44,44
uniform,42,9269,dev_unseen,50,1,50,50
uniform,42,9263,dev_unseen,50,2,50,50
uniform,42,9283,dev_unseen,50,2,50,50
uniform,42,9234,dev_unseen,50,3,50,50
uniform,42,9287,dev_unseen,50,0,50,50
uniform,42,7366,dev_unseen,51,2,51,17
uniform,42,7353,dev_unseen,51,4,17,17
uniform,42,7336,dev_unseen,51,1,63,40
uniform,42,7371,dev_unseen,51,0,64,64
uniform,42,7359,dev_unseen,51,2,51,51
uniform,42,7332,dev_unseen,51,3,50,50
uniform,42,7373,dev_unseen,51,0,64,40
uniform,42,7364,dev_unseen,51,3,64,64
uniform,42,7348,dev_unseen,51,1,17,17
uniform,42,7370,dev_unseen,51,4,17,40
uniform,42,250,dev_unseen,52,0,52,52
uniform,42,242,dev_unseen,52,2,52,52
uniform,42,268,dev_unseen,52,1,52,52
uniform,42,280,dev_unseen,52,1,52,52
uniform,42,243,dev_unseen,52,2,52,52
uniform,42,253,dev_unseen,52,4,52,52
uniform,42,249,dev_unseen,52,3,52,52
uniform,42,247,dev_unseen,52,0,52,52
uniform,42,274,dev_unseen,52,3,52,52
uniform,42,272,dev_unseen,52,4,52,52
uniform,42,7188,dev_unseen,53,3,40,40
uniform,42,7157,dev_unseen,53,3,64,64
uniform,42,7208,dev_unseen,53,4,63,63
uniform,42,7195,dev_unseen,53,4,63,40
uniform,42,7161,dev_unseen,53,0,64,64
uniform,42,7191,dev_unseen,53,0,64,64
uniform,42,7179,dev_unseen,53,1,64,63
uniform,42,7171,dev_unseen,53,2,64,64
uniform,42,7178,dev_unseen,53,2,64,64
uniform,42,7163,dev_unseen,53,1,64,64
uniform,42,6362,dev_unseen,54,2,54,54
uniform,42,6353,dev_unseen,54,0,54,18
uniform,42,6347,dev_unseen,54,0,54,54
uniform,42,6339,dev_unseen,54,1,50,55
uniform,42,6373,dev_unseen,54,4,44,54
uniform,42,6345,dev_unseen,54,3,54,54
uniform,42,6335,dev_unseen,54,3,54,54
uniform,42,6363,dev_unseen,54,1,54,56
uniform,42,6350,dev_unseen,54,4,54,54
uniform,42,6336,dev_unseen,54,2,54,54
uniform,42,5726,dev_unseen,55,3,55,55
uniform,42,5688,dev_unseen,55,0,39,39
uniform,42,5695,dev_unseen,55,0,55,55
uniform,42,5724,dev_unseen,55,4,56,55
uniform,42,5727,dev_unseen,55,2,55,55
uniform,42,5733,dev_unseen,55,1,28,28
uniform,42,5743,dev_unseen,55,1,55,55
uniform,42,5698,dev_unseen,55,3,55,55
uniform,42,5705,dev_unseen,55,2,55,55
uniform,42,5713,dev_unseen,55,4,50,73
uniform,42,631,dev_unseen,56,0,56,56
uniform,42,620,dev_unseen,56,2,56,56
uniform,42,647,dev_unseen,56,4,56,56
uniform,42,657,dev_unseen,56,3,56,56
uniform,42,607,dev_unseen,56,4,56,56
uniform,42,655,dev_unseen,56,1,56,56
uniform,42,641,dev_unseen,56,0,50,13
uniform,42,652,dev_unseen,56,3,56,56
uniform,42,611,dev_unseen,56,1,56,56
uniform,42,642,dev_unseen,56,2,56,56
uniform,42,3023,dev_unseen,57,2,57,57
uniform,42,3036,dev_unseen,57,2,57,57
uniform,42,3038,dev_unseen,57,4,57,57
uniform,42,3043,dev_unseen,57,0,57,57
uniform,42,3028,dev_unseen,57,1,57,57
uniform,42,3027,dev_unseen,57,3,57,57
uniform,42,3041,dev_unseen,57,0,57,31
uniform,42,3024,dev_unseen,57,1,57,57
uniform,42,3033,dev_unseen,57,3,57,57
uniform,42,3014,dev_unseen,57,4,57,57
uniform,42,2762,dev_unseen,58,3,58,58
uniform,42,2757,dev_unseen,58,4,58,58
uniform,42,2745,dev_unseen,58,2,58,58
uniform,42,2721,dev_unseen,58,3,58,58
uniform,42,2759,dev_unseen,58,4,58,58
uniform,42,2739,dev_unseen,58,0,53,44
uniform,42,2754,dev_unseen,58,1,58,58
uniform,42,2720,dev_unseen,58,0,58,58
uniform,42,2724,dev_unseen,58,1,58,58
uniform,42,2732,dev_unseen,58,2,58,58
uniform,42,1455,dev_unseen,59,4,59,71
uniform,42,1445,dev_unseen,59,0,59,71
uniform,42,1414,dev_unseen,59,2,59,59
uniform,42,1447,dev_unseen,59,4,59,59
uniform,42,1461,dev_unseen,59,0,59,59
uniform,42,1405,dev_unseen,59,3,59,59
uniform,42,1426,dev_unseen,59,3,59,59
uniform,42,1458,dev_unseen,59,1,4,4
uniform,42,1460,dev_unseen,59,1,59,59
uniform,42,1418,dev_unseen,59,2,59,59
uniform,42,5458,dev_unseen,60,1,60,60
uniform,42,5492,dev_unseen,60,3,60,60
uniform,42,5500,dev_unseen,60,2,60,60
uniform,42,5472,dev_unseen,60,4,60,60
uniform,42,5465,dev_unseen,60,0,60,60
uniform,42,5482,dev_unseen,60,0,60,60
uniform,42,5461,dev_unseen,60,1,60,60
uniform,42,5454,dev_unseen,60,2,60,60
uniform,42,5460,dev_unseen,60,4,60,60
uniform,42,5462,dev_unseen,60,3,60,60
uniform,42,1029,dev_unseen,61,4,61,61
uniform,42,1042,dev_unseen,61,0,61,61
uniform,42,1026,dev_unseen,61,3,61,61
uniform,42,1023,dev_unseen,61,2,61,61
uniform,42,1040,dev_unseen,61,0,61,61
uniform,42,1048,dev_unseen,61,2,61,61
uniform,42,1032,dev_unseen,61,1,61,61
uniform,42,1004,dev_unseen,61,3,61,61
uniform,42,1000,dev_unseen,61,1,61,61
uniform,42,1053,dev_unseen,61,4,61,61
uniform,42,10034,dev_unseen,62,4,70,70
uniform,42,10038,dev_unseen,62,1,50,50
uniform,42,10066,dev_unseen,62,3,18,18
uniform,42,10020,dev_unseen,62,0,62,18
uniform,42,10013,dev_unseen,62,1,28,28
uniform,42,10009,dev_unseen,62,3,28,28
uniform,42,10060,dev_unseen,62,4,17,7
uniform,42,10015,dev_unseen,62,2,70,70
uniform,42,10019,dev_unseen,62,0,50,62
uniform,42,10050,dev_unseen,62,2,62,70
uniform,42,7045,dev_unseen,63,0,17,64
uniform,42,7082,dev_unseen,63,2,63,63
uniform,42,7070,dev_unseen,63,3,64,64
uniform,42,7059,dev_unseen,63,3,51,51
uniform,42,7050,dev_unseen,63,1,63,63
uniform,42,7039,dev_unseen,63,2,63,63
uniform,42,7042,dev_unseen,63,4,63,63
uniform,42,7079,dev_unseen,63,1,63,63
uniform,42,7044,dev_unseen,63,0,63,64
uniform,42,7052,dev_unseen,63,4,51,7
uniform,42,7438,dev_unseen,64,0,64,64
uniform,42,7412,dev_unseen,64,3,64,64
uniform,42,7411,dev_unseen,64,0,64,64
uniform,42,7439,dev_unseen,64,4,63,63
uniform,42,7402,dev_unseen,64,1,64,64
uniform,42,7444,dev_unseen,64,1,64,64
uniform,42,7392,dev_unseen,64,3,64,64
uniform,42,7420,dev_unseen,64,2,64,64
uniform,42,7393,dev_unseen,64,2,64,64
uniform,42,7410,dev_unseen,64,4,64,64
uniform,42,11006,dev_unseen,65,1,65,65
uniform,42,10966,dev_unseen,65,2,65,65
uniform,42,10964,dev_unseen,65,0,65,65
uniform,42,10997,dev_unseen,65,1,65,65
uniform,42,10988,dev_unseen,65,4,65,65
uniform,42,11009,dev_unseen,65,2,65,65
uniform,42,10968,dev_unseen,65,3,65,65
uniform,42,10982,dev_unseen,65,3,65,65
uniform,42,10992,dev_unseen,65,0,65,65
uniform,42,10969,dev_unseen,65,4,65,65
uniform,42,5844,dev_unseen,66,1,66,66
uniform,42,5835,dev_unseen,66,1,66,66
uniform,42,5842,dev_unseen,66,3,66,66
uniform,42,5841,dev_unseen,66,3,66,66
uniform,42,5830,dev_unseen,66,0,66,66
uniform,42,5831,dev_unseen,66,4,66,66
uniform,42,5819,dev_unseen,66,0,66,66
uniform,42,5839,dev_unseen,66,2,66,66
uniform,42,5824,dev_unseen,66,2,66,66
uniform,42,5834,dev_unseen,66,4,66,66
uniform,42,4520,dev_unseen,67,4,67,67
uniform,42,4551,dev_unseen,67,1,67,67
uniform,42,4541,dev_unseen,67,4,67,67
uniform,42,4531,dev_unseen,67,0,67,67
uniform,42,4521,dev_unseen,67,1,12,12
uniform,42,4510,dev_unseen,67,3,67,67
uniform,42,4494,dev_unseen,67,3,67,67
uniform,42,4530,dev_unseen,67,2,67,67
uniform,42,4549,dev_unseen,67,0,67,67
uniform,42,4529,dev_unseen,67,2,67,67
uniform,42,7120,dev_unseen,68,3,53,53
uniform,42,7090,dev_unseen,68,1,63,63
uniform,42,7136,dev_unseen,68,4,50,17
uniform,42,7142,dev_unseen,68,0,17,7
uniform,42,7108,dev_unseen,68,3,17,17
uniform,42,7106,dev_unseen,68,0,51,68
uniform,42,7147,dev_unseen,68,2,17,17
uniform,42,7143,dev_unseen,68,2,17,17
uniform,42,7111,dev_unseen,68,1,17,17
uniform,42,7123,dev_unseen,68,4,17,7
uniform,42,11668,dev_unseen,69,2,69,0
uniform,42,11621,dev_unseen,69,3,69,69
uniform,42,11666,dev_unseen,69,0,0,0
uniform,42,11610,dev_unseen,69,0,69,69
uniform,42,11634,dev_unseen,69,1,69,69
uniform,42,11660,dev_unseen,69,4,69,69
uniform,42,11612,dev_unseen,69,2,69,69
uniform,42,11652,dev_unseen,69,4,69,69
uniform,42,11636,dev_unseen,69,3,69,69
uniform,42,11657,dev_unseen,69,1,69,69
uniform,42,9653,dev_unseen,70,4,70,70
uniform,42,9671,dev_unseen,70,0,70,70
uniform,42,9710,dev_unseen,70,2,7,70
uniform,42,9691,dev_unseen,70,3,70,70
uniform,42,9664,dev_unseen,70,1,70,70
uniform,42,9677,dev_unseen,70,4,70,70
uniform,42,9685,dev_unseen,70,1,70,70
uniform,42,9657,dev_unseen,70,0,70,70
uniform,42,9675,dev_unseen,70,3,70,70
uniform,42,9680,dev_unseen,70,2,70,70
uniform,42,3117,dev_unseen,71,1,71,71
uniform,42,3082,dev_unseen,71,3,71,71
uniform,42,3095,dev_unseen,71,1,71,71
uniform,42,3125,dev_unseen,71,2,71,71
uniform,42,3109,dev_unseen,71,0,71,71
uniform,42,3089,dev_unseen,71,4,71,71
uniform,42,3123,dev_unseen,71,3,71,71
uniform,42,3120,dev_unseen,71,0,71,71
uniform,42,3119,dev_unseen,71,2,71,71
uniform,42,3103,dev_unseen,71,4,71,71
uniform,42,6000,dev_unseen,72,3,67,67
uniform,42,5977,dev_unseen,72,1,67,11
uniform,42,6023,dev_unseen,72,3,67,39
uniform,42,6026,dev_unseen,72,4,11,11
uniform,42,6028,dev_unseen,72,0,67,39
uniform,42,5981,dev_unseen,72,2,11,11
uniform,42,5994,dev_unseen,72,2,67,11
uniform,42,6017,dev_unseen,72,1,11,11
uniform,42,5992,dev_unseen,72,0,67,11
uniform,42,5979,dev_unseen,72,4,72,72
uniform,42,9857,dev_unseen,73,4,13,73
uniform,42,9840,dev_unseen,73,3,73,73
uniform,42,9844,dev_unseen,73,4,13,13
uniform,42,9852,dev_unseen,73,1,13,13
uniform,42,9834,dev_unseen,73,0,73,73
uniform,42,9859,dev_unseen,73,1,73,73
uniform,42,9880,dev_unseen,73,3,73,73
uniform,42,9882,dev_unseen,73,2,28,73
uniform,42,9833,dev_unseen,73,0,13,13
uniform,42,9881,dev_unseen,73,2,73,73
uniform,42,879,dev_unseen,74,3,74,74
uniform,42,853,dev_unseen,74,0,74,74
uniform,42,873,dev_unseen,74,4,74,74
uniform,42,862,dev_unseen,74,2,74,74
uniform,42,855,dev_unseen,74,1,74,74
uniform,42,841,dev_unseen,74,1,47,47
uniform,42,871,dev_unseen,74,4,74,74
uniform,42,865,dev_unseen,74,3,74,74
uniform,42,874,dev_unseen,74,0,74,74
uniform,42,857,dev_unseen,74,2,74,74
uniform,43,11529,dev_seen,0,4,3,3
uniform,43,11493,dev_seen,0,1,0,0
uniform,43,11498,dev_seen,0,3,0,0
uniform,43,11517,dev_seen,0,0,0,0
uniform,43,11490,dev_seen,0,2,0,0
uniform,43,9315,dev_seen,1,1,1,1
uniform,43,9305,dev_seen,1,3,1,1
uniform,43,9337,dev_seen,1,2,1,1
uniform,43,9307,dev_seen,1,0,1,1
uniform,43,9336,dev_seen,1,4,1,1
uniform,43,5008,dev_seen,2,1,2,2
uniform,43,4968,dev_seen,2,4,57,57
uniform,43,4969,dev_seen,2,3,2,2
uniform,43,5020,dev_seen,2,2,2,2
uniform,43,4972,dev_seen,2,0,2,2
uniform,43,11604,dev_seen,3,0,3,3
uniform,43,11555,dev_seen,3,2,17,3
uniform,43,11552,dev_seen,3,3,3,3
uniform,43,11557,dev_seen,3,4,3,3
uniform,43,11606,dev_seen,3,1,3,3
uniform,43,469,dev_seen,4,3,59,59
uniform,43,444,dev_seen,4,4,37,4
uniform,43,470,dev_seen,4,2,59,59
uniform,43,441,dev_seen,4,1,20,20
uniform,43,429,dev_seen,4,0,4,8
uniform,43,3608,dev_seen,5,2,5,5
uniform,43,3650,dev_seen,5,4,5,5
uniform,43,3618,dev_seen,5,1,5,5
uniform,43,3609,dev_seen,5,0,5,5
uniform,43,3614,dev_seen,5,3,5,5
uniform,43,1595,dev_seen,6,2,6,6
uniform,43,1589,dev_seen,6,3,20,20
uniform,43,1603,dev_seen,6,0,38,38
uniform,43,1632,dev_seen,6,1,20,6
uniform,43,1587,dev_seen,6,4,6,6
uniform,43,7619,dev_seen,7,1,17,7
uniform,43,7608,dev_seen,7,2,17,17
uniform,43,7570,dev_seen,7,3,7,7
uniform,43,7610,dev_seen,7,4,40,40
uniform,43,7569,dev_seen,7,0,7,7
uniform,43,6235,dev_seen,8,3,6,6
uniform,43,6243,dev_seen,8,4,20,20
uniform,43,6250,dev_seen,8,1,38,38
uniform,43,6220,dev_seen,8,2,20,20
uniform,43,6228,dev_seen,8,0,8,38
uniform,43,10440,dev_seen,9,0,9,9
uniform,43,10451,dev_seen,9,4,9,9
uniform,43,10459,dev_seen,9,1,9,9
uniform,43,10460,dev_seen,9,2,17,9
uniform,43,10428,dev_seen,9,3,62,9
uniform,43,3375,dev_seen,10,1,32,32
uniform,43,3389,dev_seen,10,2,10,10
uniform,43,3412,dev_seen,10,0,34,34
uniform,43,3396,dev_seen,10,4,10,10
uniform,43,3422,dev_seen,10,3,32,32
uniform,43,5960,dev_seen,11,1,11,11
uniform,43,5919,dev_seen,11,4,11,11
uniform,43,5935,dev_seen,11,3,11,11
uniform,43,5967,dev_seen,11,0,11,11
uniform,43,5968,dev_seen,11,2,67,67
uniform,43,8755,dev_seen,12,0,12,12
uniform,43,8738,dev_seen,12,3,12,12
uniform,43,8761,dev_seen,12,2,12,12
uniform,43,8704,dev_seen,12,4,12,12
uniform,43,8734,dev_seen,12,1,12,12
uniform,43,11731,dev_seen,13,2,13,13
uniform,43,11746,dev_seen,13,3,13,13
uniform,43,11781,dev_seen,13,0,13,13
uniform,43,11762,dev_seen,13,1,13,13
uniform,43,11787,dev_seen,13,4,13,13
uniform,43,7883,dev_seen,14,1,14,14
uniform,43,7905,dev_seen,14,3,14,14
uniform,43,7885,dev_seen,14,2,14,14
uniform,43,7902,dev_seen,14,4,14,14
uniform,43,7875,dev_seen,14,0,14,14
uniform,43,393,dev_seen,15,4,25,15
uniform,43,417,dev_seen,15,3,15,15
uniform,43,392,dev_seen,15,2,52,15
uniform,43,406,dev_seen,15,0,15,15
uniform,43,409,dev_seen,15,1,15,15
uniform,43,4653,dev_seen,16,1,16,16
uniform,43,4665,dev_seen,16,3,16,16
uniform,43,4669,dev_seen,16,0,16,16
uniform,43,4621,dev_seen,16,2,16,16
uniform,43,4646,dev_seen,16,4,16,16
uniform,43,6943,dev_seen,17,3,17,17
uniform,43,6945,dev_seen,17,2,17,17
uniform,43,6927,dev_seen,17,0,17,17
uniform,43,6918,dev_seen,17,4,17,17
uniform,43,6950,dev_seen,17,1,17,17
uniform,43,9719,dev_seen,18,4,18,18
uniform,43,9747,dev_seen,18,1,18,18
uniform,43,9736,dev_seen,18,0,18,18
uniform,43,9740,dev_seen,18,2,18,18
uniform,43,9764,dev_seen,18,3,18,18
uniform,43,9019,dev_seen,19,0,19,19
uniform,43,9022,dev_seen,19,2,70,19
uniform,43,9036,dev_seen,19,1,19,19
uniform,43,9020,dev_seen,19,3,19,19
uniform,43,9002,dev_seen,19,4,70,19
uniform,43,1675,dev_seen,20,4,37,37
uniform,43,1691,dev_seen,20,0,20,6
uniform,43,1690,dev_seen,20,3,20,6
uniform,43,1668,dev_seen,20,2,8,8
uniform,43,1680,dev_seen,20,1,20,20
uniform,43,907,dev_seen,21,3,21,21
uniform,43,910,dev_seen,21,4,21,21
uniform,43,926,dev_seen,21,0,21,21
uniform,43,916,dev_seen,21,2,21,21
uniform,43,929,dev_seen,21,1,21,21
uniform,43,3286,dev_seen,22,4,22,22
uniform,43,3293,dev_seen,22,0,22,22
uniform,43,3271,dev_seen,22,3,22,22
uniform,43,3265,dev_seen,22,1,22,22
uniform,43,3277,dev_seen,22,2,22,22
uniform,43,4868,dev_seen,23,2,23,23
uniform,43,4876,dev_seen,23,1,23,23
uniform,43,4857,dev_seen,23,3,23,23
uniform,43,4899,dev_seen,23,4,23,23
uniform,43,4860,dev_seen,23,0,23,23
uniform,43,9371,dev_seen,24,1,24,24
uniform,43,9408,dev_seen,24,0,24,24
uniform,43,9393,dev_seen,24,2,24,24
uniform,43,9359,dev_seen,24,3,24,24
uniform,43,9367,dev_seen,24,4,24,24
uniform,43,324,dev_seen,25,0,25,25
uniform,43,347,dev_seen,25,1,25,25
uniform,43,339,dev_seen,25,4,52,25
uniform,43,331,dev_seen,25,2,52,25
uniform,43,364,dev_seen,25,3,25,25
uniform,43,4242,dev_seen,26,1,26,26
uniform,43,4233,dev_seen,26,3,26,26
uniform,43,4230,dev_seen,26,2,26,26
uniform,43,4208,dev_seen,26,4,26,26
uniform,43,4243,dev_seen,26,0,26,26
uniform,43,8170,dev_seen,27,0,49,27
uniform,43,8187,dev_seen,27,3,49,27
uniform,43,8167,dev_seen,27,2,27,27
uniform,43,8198,dev_seen,27,1,27,27
uniform,43,8202,dev_seen,27,4,27,27
uniform,43,9895,dev_seen,28,2,28,28
uniform,43,9923,dev_seen,28,1,28,28
uniform,43,9898,dev_seen,28,0,28,28
uniform,43,9902,dev_seen,28,4,28,28
uniform,43,9933,dev_seen,28,3,28,28
uniform,43,5086,dev_seen,29,3,58,13
uniform,43,5087,dev_seen,29,4,29,29
uniform,43,5143,dev_seen,29,0,29,29
uniform,43,5131,dev_seen,29,1,29,29
uniform,43,5089,dev_seen,29,2,29,29
uniform,43,11076,dev_seen,30,2,30,30
uniform,43,11089,dev_seen,30,4,30,30
uniform,43,11075,dev_seen,30,1,30,30
uniform,43,11112,dev_seen,30,3,30,30
uniform,43,11109,dev_seen,30,0,30,30
uniform,43,2910,dev_seen,31,3,31,31
uniform,43,2928,dev_seen,31,2,31,31
uniform,43,2927,dev_seen,31,4,31,31
uniform,43,2905,dev_seen,31,1,31,31
uniform,43,2914,dev_seen,31,0,31,31
uniform,43,3591,dev_seen,32,4,10,32
uniform,43,3572,dev_seen,32,1,32,32
uniform,43,3564,dev_seen,32,3,32,32
uniform,43,3560,dev_seen,32,0,32,32
uniform,43,3561,dev_seen,32,2,34,34
uniform,43,3003,dev_seen,33,2,33,33
uniform,43,2999,dev_seen,33,1,33,33
uniform,43,2973,dev_seen,33,0,33,33
uniform,43,2994,dev_seen,33,3,33,33
uniform,43,2969,dev_seen,33,4,33,33
uniform,43,3739,dev_seen,34,1,10,10
uniform,43,3776,dev_seen,34,2,32,34
uniform,43,3756,dev_seen,34,3,34,34
uniform,43,3743,dev_seen,34,0,34,34
uniform,43,3757,dev_seen,34,4,32,32
uniform,43,11238,dev_seen,35,2,35,35
uniform,43,11206,dev_seen,35,0,35,35
uniform,43,11210,dev_seen,35,4,35,35
uniform,43,11240,dev_seen,35,1,35,35
uniform,43,11214,dev_seen,35,3,35,35
uniform,43,4278,dev_seen,36,1,36,36
uniform,43,4296,dev_seen,36,3,26,36
uniform,43,4303,dev_seen,36,2,36,36
uniform,43,4268,dev_seen,36,0,26,36
uniform,43,4269,dev_seen,36,4,36,36
uniform,43,2777,dev_seen,37,1,37,37
uniform,43,2797,dev_seen,37,3,37,37
uniform,43,2779,dev_seen,37,4,59,71
uniform,43,2823,dev_seen,37,0,37,37
uniform,43,2808,dev_seen,37,2,37,37
uniform,43,6290,dev_seen,38,4,38,38
uniform,43,6287,dev_seen,38,3,38,38
uniform,43,6291,dev_seen,38,2,38,38
uniform,43,6305,dev_seen,38,0,38,38
uniform,43,6309,dev_seen,38,1,38,38
uniform,43,4449,dev_seen,39,1,39,39
uniform,43,4478,dev_seen,39,0,39,39
uniform,43,4485,dev_seen,39,3,39,39
uniform,43,4490,dev_seen,39,2,39,39
uniform,43,4491,dev_seen,39,4,39,39
uniform,43,7298,dev_seen,40,4,64,64
uniform,43,7322,dev_seen,40,2,64,64
uniform,43,7274,dev_seen,40,0,51,40
uniform,43,7270,dev_seen,40,1,64,64
uniform,43,7278,dev_seen,40,3,40,40
uniform,43,15,dev_seen,41,0,42,41
uniform,43,49,dev_seen,41,3,41,41
uniform,43,42,dev_seen,41,4,41,41
uniform,43,41,dev_seen,41,1,42,41
uniform,43,2,dev_seen,41,2,42,42
uniform,43,137,dev_seen,42,4,42,42
uniform,43,127,dev_seen,42,3,42,42
uniform,43,125,dev_seen,42,0,42,42
uniform,43,122,dev_seen,42,1,42,42
uniform,43,136,dev_seen,42,2,42,42
uniform,43,6167,dev_seen,43,4,15,15
uniform,43,6184,dev_seen,43,2,43,43
uniform,43,6168,dev_seen,43,3,43,43
uniform,43,6186,dev_seen,43,0,43,43
uniform,43,6191,dev_seen,43,1,43,43
uniform,43,8661,dev_seen,44,2,44,44
uniform,43,8689,dev_seen,44,0,44,44
uniform,43,8671,dev_seen,44,4,44,44
uniform,43,8646,dev_seen,44,3,51,44
uniform,43,8701,dev_seen,44,1,44,44
uniform,43,716,dev_seen,45,4,45,45
uniform,43,677,dev_seen,45,2,45,45
uniform,43,699,dev_seen,45,3,45,45
uniform,43,667,dev_seen,45,1,45,45
uniform,43,685,dev_seen,45,0,45,45
uniform,43,4057,dev_seen,46,0,46,46
uniform,43,4018,dev_seen,46,4,46,46
uniform,43,4060,dev_seen,46,3,46,46
uniform,43,4066,dev_seen,46,1,46,46
uniform,43,4030,dev_seen,46,2,46,46
uniform,43,4346,dev_seen,47,1,47,47
uniform,43,4370,dev_seen,47,0,47,47
uniform,43,4355,dev_seen,47,2,47,47
uniform,43,4324,dev_seen,47,3,47,47
uniform,43,4331,dev_seen,47,4,47,47
uniform,43,9206,dev_seen,48,1,48,48
uniform,43,9209,dev_seen,48,4,48,48
uniform,43,9204,dev_seen,48,3,70,70
uniform,43,9228,dev_seen,48,0,73,73
uniform,43,9226,dev_seen,48,2,48,48
uniform,43,8151,dev_seen,49,2,49,49
uniform,43,8142,dev_seen,49,4,49,49
uniform,43,8115,dev_seen,49,0,49,49
uniform,43,8107,dev_seen,49,1,49,49
uniform,43,8121,dev_seen,49,3,49,49
uniform,43,9286,dev_unseen,50,1,50,50
uniform,43,9237,dev_unseen,50,0,50,50
uniform,43,9291,dev_unseen,50,4,50,50
uniform,43,9274,dev_unseen,50,4,50,50
uniform,43,9244,dev_unseen,50,3,44,44
uniform,43,9269,dev_unseen,50,1,50,50
uniform,43,9263,dev_unseen,50,2,50,50
uniform,43,9283,dev_unseen,50,2,50,50
uniform,43,9234,dev_unseen,50,3,50,50
uniform,43,9287,dev_unseen,50,0,50,50
uniform,43,7366,dev_unseen,51,2,51,17
uniform,43,7353,dev_unseen,51,4,17,17
uniform,43,7336,dev_unseen,51,1,63,40
uniform,43,7371,dev_unseen,51,0,64,64
uniform,43,7359,dev_unseen,51,2,51,51
uniform,43,7332,dev_unseen,51,3,50,50
uniform,43,7373,dev_unseen,51,0,64,40
uniform,43,7364,dev_unseen,51,3,64,64
uniform,43,7348,dev_unseen,51,1,17,17
uniform,43,7370,dev_unseen,51,4,17,40
uniform,43,250,dev_unseen,52,0,52,52
uniform,43,242,dev_unseen,52,2,52,52
uniform,43,268,dev_unseen,52,1,52,52
uniform,43,280,dev_unseen,52,1,52,52
uniform,43,243,dev_unseen,52,2,52,52
uniform,43,253,dev_unseen,52,4,52,52
uniform,43,249,dev_unseen,52,3,52,52
uniform,43,247,dev_unseen,52,0,52,52
uniform,43,274,dev_unseen,52,3,52,52
uniform,43,272,dev_unseen,52,4,52,52
uniform,43,7188,dev_unseen,53,3,40,40
uniform,43,7157,dev_unseen,53,3,64,64
uniform,43,7208,dev_unseen,53,4,63,63
uniform,43,7195,dev_unseen,53,4,63,40
uniform,43,7161,dev_unseen,53,0,64,64
uniform,43,7191,dev_unseen,53,0,64,64
uniform,43,7179,dev_unseen,53,1,64,63
uniform,43,7171,dev_unseen,53,2,64,64
uniform,43,7178,dev_unseen,53,2,64,64
uniform,43,7163,dev_unseen,53,1,64,64
uniform,43,6362,dev_unseen,54,2,54,54
uniform,43,6353,dev_unseen,54,0,54,18
uniform,43,6347,dev_unseen,54,0,54,54
uniform,43,6339,dev_unseen,54,1,50,55
uniform,43,6373,dev_unseen,54,4,44,54
uniform,43,6345,dev_unseen,54,3,54,54
uniform,43,6335,dev_unseen,54,3,54,54
uniform,43,6363,dev_unseen,54,1,54,56
uniform,43,6350,dev_unseen,54,4,54,54
uniform,43,6336,dev_unseen,54,2,54,55
uniform,43,5726,dev_unseen,55,3,55,55
uniform,43,5688,dev_unseen,55,0,39,39
uniform,43,5695,dev_unseen,55,0,55,55
uniform,43,5724,dev_unseen,55,4,56,55
uniform,43,5727,dev_unseen,55,2,55,55
uniform,43,5733,dev_unseen,55,1,28,28
uniform,43,5743,dev_unseen,55,1,55,55
uniform,43,5698,dev_unseen,55,3,55,55
uniform,43,5705,dev_unseen,55,2,55,55
uniform,43,5713,dev_unseen,55,4,50,73
uniform,43,631,dev_unseen,56,0,56,56
uniform,43,620,dev_unseen,56,2,56,56
uniform,43,647,dev_unseen,56,4,56,56
uniform,43,657,dev_unseen,56,3,56,56
uniform,43,607,dev_unseen,56,4,56,56
uniform,43,655,dev_unseen,56,1,56,56
uniform,43,641,dev_unseen,56,0,50,13
uniform,43,652,dev_unseen,56,3,56,56
uniform,43,611,dev_unseen,56,1,56,56
uniform,43,642,dev_unseen,56,2,56,56
uniform,43,3023,dev_unseen,57,2,57,57
uniform,43,3036,dev_unseen,57,2,57,57
uniform,43,3038,dev_unseen,57,4,57,57
uniform,43,3043,dev_unseen,57,0,57,57
uniform,43,3028,dev_unseen,57,1,57,57
uniform,43,3027,dev_unseen,57,3,57,57
uniform,43,3041,dev_unseen,57,0,57,57
uniform,43,3024,dev_unseen,57,1,57,57
uniform,43,3033,dev_unseen,57,3,57,57
uniform,43,3014,dev_unseen,57,4,57,57
uniform,43,2762,dev_unseen,58,3,58,58
uniform,43,2757,dev_unseen,58,4,58,58
uniform,43,2745,dev_unseen,58,2,58,58
uniform,43,2721,dev_unseen,58,3,58,58
uniform,43,2759,dev_unseen,58,4,58,58
uniform,43,2739,dev_unseen,58,0,53,44
uniform,43,2754,dev_unseen,58,1,58,58
uniform,43,2720,dev_unseen,58,0,58,58
uniform,43,2724,dev_unseen,58,1,58,58
uniform,43,2732,dev_unseen,58,2,58,58
uniform,43,1455,dev_unseen,59,4,59,71
uniform,43,1445,dev_unseen,59,0,59,71
uniform,43,1414,dev_unseen,59,2,59,59
uniform,43,1447,dev_unseen,59,4,59,59
uniform,43,1461,dev_unseen,59,0,59,59
uniform,43,1405,dev_unseen,59,3,59,59
uniform,43,1426,dev_unseen,59,3,59,59
uniform,43,1458,dev_unseen,59,1,4,4
uniform,43,1460,dev_unseen,59,1,59,59
uniform,43,1418,dev_unseen,59,2,59,59
uniform,43,5458,dev_unseen,60,1,60,60
uniform,43,5492,dev_unseen,60,3,60,60
uniform,43,5500,dev_unseen,60,2,60,60
uniform,43,5472,dev_unseen,60,4,60,60
uniform,43,5465,dev_unseen,60,0,60,60
uniform,43,5482,dev_unseen,60,0,60,60
uniform,43,5461,dev_unseen,60,1,60,60
uniform,43,5454,dev_unseen,60,2,60,60
uniform,43,5460,dev_unseen,60,4,60,60
uniform,43,5462,dev_unseen,60,3,60,60
uniform,43,1029,dev_unseen,61,4,61,61
uniform,43,1042,dev_unseen,61,0,61,61
uniform,43,1026,dev_unseen,61,3,61,61
uniform,43,1023,dev_unseen,61,2,61,61
uniform,43,1040,dev_unseen,61,0,61,61
uniform,43,1048,dev_unseen,61,2,61,61
uniform,43,1032,dev_unseen,61,1,61,61
uniform,43,1004,dev_unseen,61,3,61,61
uniform,43,1000,dev_unseen,61,1,61,61
uniform,43,1053,dev_unseen,61,4,61,61
uniform,43,10034,dev_unseen,62,4,70,70
uniform,43,10038,dev_unseen,62,1,50,50
uniform,43,10066,dev_unseen,62,3,18,18
uniform,43,10020,dev_unseen,62,0,62,18
uniform,43,10013,dev_unseen,62,1,28,28
uniform,43,10009,dev_unseen,62,3,28,28
uniform,43,10060,dev_unseen,62,4,17,7
uniform,43,10015,dev_unseen,62,2,70,70
uniform,43,10019,dev_unseen,62,0,50,50
uniform,43,10050,dev_unseen,62,2,62,18
uniform,43,7045,dev_unseen,63,0,17,64
uniform,43,7082,dev_unseen,63,2,63,63
uniform,43,7070,dev_unseen,63,3,64,64
uniform,43,7059,dev_unseen,63,3,51,51
uniform,43,7050,dev_unseen,63,1,63,63
uniform,43,7039,dev_unseen,63,2,63,63
uniform,43,7042,dev_unseen,63,4,63,63
uniform,43,7079,dev_unseen,63,1,63,63
uniform,43,7044,dev_unseen,63,0,63,64
uniform,43,7052,dev_unseen,63,4,51,7
uniform,43,7438,dev_unseen,64,0,64,64
uniform,43,7412,dev_unseen,64,3,64,64
uniform,43,7411,dev_unseen,64,0,64,64
uniform,43,7439,dev_unseen,64,4,63,63
uniform,43,7402,dev_unseen,64,1,64,64
uniform,43,7444,dev_unseen,64,1,64,64
uniform,43,7392,dev_unseen,64,3,64,64
uniform,43,7420,dev_unseen,64,2,64,63
uniform,43,7393,dev_unseen,64,2,64,64
uniform,43,7410,dev_unseen,64,4,64,64
uniform,43,11006,dev_unseen,65,1,65,65
uniform,43,10966,dev_unseen,65,2,65,65
uniform,43,10964,dev_unseen,65,0,65,65
uniform,43,10997,dev_unseen,65,1,65,65
uniform,43,10988,dev_unseen,65,4,65,65
uniform,43,11009,dev_unseen,65,2,65,65
uniform,43,10968,dev_unseen,65,3,65,65
uniform,43,10982,dev_unseen,65,3,65,65
uniform,43,10992,dev_unseen,65,0,65,65
uniform,43,10969,dev_unseen,65,4,65,65
uniform,43,5844,dev_unseen,66,1,66,66
uniform,43,5835,dev_unseen,66,1,66,66
uniform,43,5842,dev_unseen,66,3,66,66
uniform,43,5841,dev_unseen,66,3,66,66
uniform,43,5830,dev_unseen,66,0,66,66
uniform,43,5831,dev_unseen,66,4,66,66
uniform,43,5819,dev_unseen,66,0,66,66
uniform,43,5839,dev_unseen,66,2,66,66
uniform,43,5824,dev_unseen,66,2,66,66
uniform,43,5834,dev_unseen,66,4,66,66
uniform,43,4520,dev_unseen,67,4,67,67
uniform,43,4551,dev_unseen,67,1,67,67
uniform,43,4541,dev_unseen,67,4,67,67
uniform,43,4531,dev_unseen,67,0,67,67
uniform,43,4521,dev_unseen,67,1,12,12
uniform,43,4510,dev_unseen,67,3,67,67
uniform,43,4494,dev_unseen,67,3,67,67
uniform,43,4530,dev_unseen,67,2,67,67
uniform,43,4549,dev_unseen,67,0,67,67
uniform,43,4529,dev_unseen,67,2,67,67
uniform,43,7120,dev_unseen,68,3,53,53
uniform,43,7090,dev_unseen,68,1,63,63
uniform,43,7136,dev_unseen,68,4,50,17
uniform,43,7142,dev_unseen,68,0,17,7
uniform,43,7108,dev_unseen,68,3,17,17
uniform,43,7106,dev_unseen,68,0,51,68
uniform,43,7147,dev_unseen,68,2,17,17
uniform,43,7143,dev_unseen,68,2,17,17
uniform,43,7111,dev_unseen,68,1,17,17
uniform,43,7123,dev_unseen,68,4,17,17
uniform,43,11668,dev_unseen,69,2,69,69
uniform,43,11621,dev_unseen,69,3,69,69
uniform,43,11666,dev_unseen,69,0,0,0
uniform,43,11610,dev_unseen,69,0,69,69
uniform,43,11634,dev_unseen,69,1,69,69
uniform,43,11660,dev_unseen,69,4,69,69
uniform,43,11612,dev_unseen,69,2,69,69
uniform,43,11652,dev_unseen,69,4,69,69
uniform,43,11636,dev_unseen,69,3,69,69
uniform,43,11657,dev_unseen,69,1,69,69
uniform,43,9653,dev_unseen,70,4,70,70
uniform,43,9671,dev_unseen,70,0,70,70
uniform,43,9710,dev_unseen,70,2,7,70
uniform,43,9691,dev_unseen,70,3,70,70
uniform,43,9664,dev_unseen,70,1,70,70
uniform,43,9677,dev_unseen,70,4,70,70
uniform,43,9685,dev_unseen,70,1,70,70
uniform,43,9657,dev_unseen,70,0,70,70
uniform,43,9675,dev_unseen,70,3,70,70
uniform,43,9680,dev_unseen,70,2,70,70
uniform,43,3117,dev_unseen,71,1,71,71
uniform,43,3082,dev_unseen,71,3,71,71
uniform,43,3095,dev_unseen,71,1,71,71
uniform,43,3125,dev_unseen,71,2,71,71
uniform,43,3109,dev_unseen,71,0,71,71
uniform,43,3089,dev_unseen,71,4,71,71
uniform,43,3123,dev_unseen,71,3,71,71
uniform,43,3120,dev_unseen,71,0,71,71
uniform,43,3119,dev_unseen,71,2,71,71
uniform,43,3103,dev_unseen,71,4,71,71
uniform,43,6000,dev_unseen,72,3,67,67
uniform,43,5977,dev_unseen,72,1,67,11
uniform,43,6023,dev_unseen,72,3,67,39
uniform,43,6026,dev_unseen,72,4,11,11
uniform,43,6028,dev_unseen,72,0,67,39
uniform,43,5981,dev_unseen,72,2,11,11
uniform,43,5994,dev_unseen,72,2,67,11
uniform,43,6017,dev_unseen,72,1,11,11
uniform,43,5992,dev_unseen,72,0,67,11
uniform,43,5979,dev_unseen,72,4,72,72
uniform,43,9857,dev_unseen,73,4,13,73
uniform,43,9840,dev_unseen,73,3,73,73
uniform,43,9844,dev_unseen,73,4,13,13
uniform,43,9852,dev_unseen,73,1,13,13
uniform,43,9834,dev_unseen,73,0,73,73
uniform,43,9859,dev_unseen,73,1,73,73
uniform,43,9880,dev_unseen,73,3,73,73
uniform,43,9882,dev_unseen,73,2,28,73
uniform,43,9833,dev_unseen,73,0,13,13
uniform,43,9881,dev_unseen,73,2,73,73
uniform,43,879,dev_unseen,74,3,74,74
uniform,43,853,dev_unseen,74,0,74,74
uniform,43,873,dev_unseen,74,4,74,74
uniform,43,862,dev_unseen,74,2,74,74
uniform,43,855,dev_unseen,74,1,74,74
uniform,43,841,dev_unseen,74,1,47,47
uniform,43,871,dev_unseen,74,4,74,74
uniform,43,865,dev_unseen,74,3,74,74
uniform,43,874,dev_unseen,74,0,74,74
uniform,43,857,dev_unseen,74,2,74,74
uniform,44,11529,dev_seen,0,4,3,3
uniform,44,11493,dev_seen,0,1,0,0
uniform,44,11498,dev_seen,0,3,0,0
uniform,44,11517,dev_seen,0,0,0,0
uniform,44,11490,dev_seen,0,2,0,0
uniform,44,9315,dev_seen,1,1,1,1
uniform,44,9305,dev_seen,1,3,1,1
uniform,44,9337,dev_seen,1,2,1,1
uniform,44,9307,dev_seen,1,0,1,1
uniform,44,9336,dev_seen,1,4,1,1
uniform,44,5008,dev_seen,2,1,2,2
uniform,44,4968,dev_seen,2,4,57,57
uniform,44,4969,dev_seen,2,3,2,2
uniform,44,5020,dev_seen,2,2,2,2
uniform,44,4972,dev_seen,2,0,2,2
uniform,44,11604,dev_seen,3,0,3,3
uniform,44,11555,dev_seen,3,2,17,3
uniform,44,11552,dev_seen,3,3,3,3
uniform,44,11557,dev_seen,3,4,3,3
uniform,44,11606,dev_seen,3,1,3,3
uniform,44,469,dev_seen,4,3,59,59
uniform,44,444,dev_seen,4,4,37,4
uniform,44,470,dev_seen,4,2,59,59
uniform,44,441,dev_seen,4,1,20,20
uniform,44,429,dev_seen,4,0,4,4
uniform,44,3608,dev_seen,5,2,5,5
uniform,44,3650,dev_seen,5,4,5,5
uniform,44,3618,dev_seen,5,1,5,5
uniform,44,3609,dev_seen,5,0,5,5
uniform,44,3614,dev_seen,5,3,5,5
uniform,44,1595,dev_seen,6,2,6,6
uniform,44,1589,dev_seen,6,3,20,20
uniform,44,1603,dev_seen,6,0,38,38
uniform,44,1632,dev_seen,6,1,20,6
uniform,44,1587,dev_seen,6,4,6,6
uniform,44,7619,dev_seen,7,1,17,7
uniform,44,7608,dev_seen,7,2,17,7
uniform,44,7570,dev_seen,7,3,7,7
uniform,44,7610,dev_seen,7,4,40,40
uniform,44,7569,dev_seen,7,0,7,7
uniform,44,6235,dev_seen,8,3,6,6
uniform,44,6243,dev_seen,8,4,20,20
uniform,44,6250,dev_seen,8,1,38,38
uniform,44,6220,dev_seen,8,2,20,20
uniform,44,6228,dev_seen,8,0,8,8
uniform,44,10440,dev_seen,9,0,9,9
uniform,44,10451,dev_seen,9,4,9,9
uniform,44,10459,dev_seen,9,1,9,9
uniform,44,10460,dev_seen,9,2,17,9
uniform,44,10428,dev_seen,9,3,62,9
uniform,44,3375,dev_seen,10,1,32,32
uniform,44,3389,dev_seen,10,2,10,10
uniform,44,3412,dev_seen,10,0,34,34
uniform,44,3396,dev_seen,10,4,10,10
uniform,44,3422,dev_seen,10,3,32,32
uniform,44,5960,dev_seen,11,1,11,11
uniform,44,5919,dev_seen,11,4,11,11
uniform,44,5935,dev_seen,11,3,11,11
uniform,44,5967,dev_seen,11,0,11,11
uniform,44,5968,dev_seen,11,2,67,67
uniform,44,8755,dev_seen,12,0,12,12
uniform,44,8738,dev_seen,12,3,12,12
uniform,44,8761,dev_seen,12,2,12,12
uniform,44,8704,dev_seen,12,4,12,12
uniform,44,8734,dev_seen,12,1,12,12
uniform,44,11731,dev_seen,13,2,13,13
uniform,44,11746,dev_seen,13,3,13,13
uniform,44,11781,dev_seen,13,0,13,13
uniform,44,11762,dev_seen,13,1,13,13
uniform,44,11787,dev_seen,13,4,13,13
uniform,44,7883,dev_seen,14,1,14,14
uniform,44,7905,dev_seen,14,3,14,14
uniform,44,7885,dev_seen,14,2,14,14
uniform,44,7902,dev_seen,14,4,14,14
uniform,44,7875,dev_seen,14,0,14,14
uniform,44,393,dev_seen,15,4,25,15
uniform,44,417,dev_seen,15,3,15,15
uniform,44,392,dev_seen,15,2,52,15
uniform,44,406,dev_seen,15,0,15,15
uniform,44,409,dev_seen,15,1,15,15
uniform,44,4653,dev_seen,16,1,16,16
uniform,44,4665,dev_seen,16,3,16,16
uniform,44,4669,dev_seen,16,0,16,16
uniform,44,4621,dev_seen,16,2,16,16
uniform,44,4646,dev_seen,16,4,16,16
uniform,44,6943,dev_seen,17,3,17,17
uniform,44,6945,dev_seen,17,2,17,17
uniform,44,6927,dev_seen,17,0,17,17
uniform,44,6918,dev_seen,17,4,17,17
uniform,44,6950,dev_seen,17,1,17,17
uniform,44,9719,dev_seen,18,4,18,18
uniform,44,9747,dev_seen,18,1,18,18
uniform,44,9736,dev_seen,18,0,18,18
uniform,44,9740,dev_seen,18,2,18,18
uniform,44,9764,dev_seen,18,3,18,18
uniform,44,9019,dev_seen,19,0,19,19
uniform,44,9022,dev_seen,19,2,70,19
uniform,44,9036,dev_seen,19,1,19,19
uniform,44,9020,dev_seen,19,3,19,19
uniform,44,9002,dev_seen,19,4,70,19
uniform,44,1675,dev_seen,20,4,37,37
uniform,44,1691,dev_seen,20,0,20,6
uniform,44,1690,dev_seen,20,3,20,6
uniform,44,1668,dev_seen,20,2,8,8
uniform,44,1680,dev_seen,20,1,20,20
uniform,44,907,dev_seen,21,3,21,21
uniform,44,910,dev_seen,21,4,21,21
uniform,44,926,dev_seen,21,0,21,21
uniform,44,916,dev_seen,21,2,21,21
uniform,44,929,dev_seen,21,1,21,21
uniform,44,3286,dev_seen,22,4,22,22
uniform,44,3293,dev_seen,22,0,22,22
uniform,44,3271,dev_seen,22,3,22,22
uniform,44,3265,dev_seen,22,1,22,22
uniform,44,3277,dev_seen,22,2,22,22
uniform,44,4868,dev_seen,23,2,23,23
uniform,44,4876,dev_seen,23,1,23,23
uniform,44,4857,dev_seen,23,3,23,23
uniform,44,4899,dev_seen,23,4,23,23
uniform,44,4860,dev_seen,23,0,23,23
uniform,44,9371,dev_seen,24,1,24,24
uniform,44,9408,dev_seen,24,0,24,24
uniform,44,9393,dev_seen,24,2,24,24
uniform,44,9359,dev_seen,24,3,24,24
uniform,44,9367,dev_seen,24,4,24,24
uniform,44,324,dev_seen,25,0,25,25
uniform,44,347,dev_seen,25,1,25,25
uniform,44,339,dev_seen,25,4,52,25
uniform,44,331,dev_seen,25,2,52,25
uniform,44,364,dev_seen,25,3,25,25
uniform,44,4242,dev_seen,26,1,26,26
uniform,44,4233,dev_seen,26,3,26,26
uniform,44,4230,dev_seen,26,2,26,26
uniform,44,4208,dev_seen,26,4,26,26
uniform,44,4243,dev_seen,26,0,26,26
uniform,44,8170,dev_seen,27,0,49,27
uniform,44,8187,dev_seen,27,3,49,27
uniform,44,8167,dev_seen,27,2,27,27
uniform,44,8198,dev_seen,27,1,27,27
uniform,44,8202,dev_seen,27,4,27,27
uniform,44,9895,dev_seen,28,2,28,28
uniform,44,9923,dev_seen,28,1,28,28
uniform,44,9898,dev_seen,28,0,28,28
uniform,44,9902,dev_seen,28,4,28,28
uniform,44,9933,dev_seen,28,3,28,28
uniform,44,5086,dev_seen,29,3,58,13
uniform,44,5087,dev_seen,29,4,29,29
uniform,44,5143,dev_seen,29,0,29,29
uniform,44,5131,dev_seen,29,1,29,29
uniform,44,5089,dev_seen,29,2,29,29
uniform,44,11076,dev_seen,30,2,30,30
uniform,44,11089,dev_seen,30,4,30,30
uniform,44,11075,dev_seen,30,1,30,30
uniform,44,11112,dev_seen,30,3,30,30
uniform,44,11109,dev_seen,30,0,30,30
uniform,44,2910,dev_seen,31,3,31,31
uniform,44,2928,dev_seen,31,2,31,31
uniform,44,2927,dev_seen,31,4,31,31
uniform,44,2905,dev_seen,31,1,31,31
uniform,44,2914,dev_seen,31,0,31,31
uniform,44,3591,dev_seen,32,4,10,32
uniform,44,3572,dev_seen,32,1,32,32
uniform,44,3564,dev_seen,32,3,32,32
uniform,44,3560,dev_seen,32,0,32,32
uniform,44,3561,dev_seen,32,2,34,34
uniform,44,3003,dev_seen,33,2,33,33
uniform,44,2999,dev_seen,33,1,33,33
uniform,44,2973,dev_seen,33,0,33,33
uniform,44,2994,dev_seen,33,3,33,33
uniform,44,2969,dev_seen,33,4,33,33
uniform,44,3739,dev_seen,34,1,10,10
uniform,44,3776,dev_seen,34,2,32,34
uniform,44,3756,dev_seen,34,3,34,34
uniform,44,3743,dev_seen,34,0,34,34
uniform,44,3757,dev_seen,34,4,32,32
uniform,44,11238,dev_seen,35,2,35,35
uniform,44,11206,dev_seen,35,0,35,35
uniform,44,11210,dev_seen,35,4,35,35
uniform,44,11240,dev_seen,35,1,35,35
uniform,44,11214,dev_seen,35,3,35,35
uniform,44,4278,dev_seen,36,1,36,36
uniform,44,4296,dev_seen,36,3,26,36
uniform,44,4303,dev_seen,36,2,36,36
uniform,44,4268,dev_seen,36,0,26,36
uniform,44,4269,dev_seen,36,4,36,36
uniform,44,2777,dev_seen,37,1,37,37
uniform,44,2797,dev_seen,37,3,37,37
uniform,44,2779,dev_seen,37,4,59,71
uniform,44,2823,dev_seen,37,0,37,37
uniform,44,2808,dev_seen,37,2,37,37
uniform,44,6290,dev_seen,38,4,38,38
uniform,44,6287,dev_seen,38,3,38,38
uniform,44,6291,dev_seen,38,2,38,38
uniform,44,6305,dev_seen,38,0,38,38
uniform,44,6309,dev_seen,38,1,38,38
uniform,44,4449,dev_seen,39,1,39,39
uniform,44,4478,dev_seen,39,0,39,39
uniform,44,4485,dev_seen,39,3,39,39
uniform,44,4490,dev_seen,39,2,39,39
uniform,44,4491,dev_seen,39,4,39,39
uniform,44,7298,dev_seen,40,4,64,64
uniform,44,7322,dev_seen,40,2,64,64
uniform,44,7274,dev_seen,40,0,51,40
uniform,44,7270,dev_seen,40,1,64,64
uniform,44,7278,dev_seen,40,3,40,40
uniform,44,15,dev_seen,41,0,42,41
uniform,44,49,dev_seen,41,3,41,41
uniform,44,42,dev_seen,41,4,41,41
uniform,44,41,dev_seen,41,1,42,41
uniform,44,2,dev_seen,41,2,42,42
uniform,44,137,dev_seen,42,4,42,42
uniform,44,127,dev_seen,42,3,42,42
uniform,44,125,dev_seen,42,0,42,42
uniform,44,122,dev_seen,42,1,42,42
uniform,44,136,dev_seen,42,2,42,42
uniform,44,6167,dev_seen,43,4,15,15
uniform,44,6184,dev_seen,43,2,43,43
uniform,44,6168,dev_seen,43,3,43,43
uniform,44,6186,dev_seen,43,0,43,43
uniform,44,6191,dev_seen,43,1,43,43
uniform,44,8661,dev_seen,44,2,44,44
uniform,44,8689,dev_seen,44,0,44,44
uniform,44,8671,dev_seen,44,4,44,44
uniform,44,8646,dev_seen,44,3,51,44
uniform,44,8701,dev_seen,44,1,44,44
uniform,44,716,dev_seen,45,4,45,45
uniform,44,677,dev_seen,45,2,45,45
uniform,44,699,dev_seen,45,3,45,45
uniform,44,667,dev_seen,45,1,45,45
uniform,44,685,dev_seen,45,0,45,45
uniform,44,4057,dev_seen,46,0,46,46
uniform,44,4018,dev_seen,46,4,46,46
uniform,44,4060,dev_seen,46,3,46,46
uniform,44,4066,dev_seen,46,1,46,46
uniform,44,4030,dev_seen,46,2,46,46
uniform,44,4346,dev_seen,47,1,47,47
uniform,44,4370,dev_seen,47,0,47,47
uniform,44,4355,dev_seen,47,2,47,47
uniform,44,4324,dev_seen,47,3,47,47
uniform,44,4331,dev_seen,47,4,47,47
uniform,44,9206,dev_seen,48,1,48,48
uniform,44,9209,dev_seen,48,4,48,48
uniform,44,9204,dev_seen,48,3,70,70
uniform,44,9228,dev_seen,48,0,73,73
uniform,44,9226,dev_seen,48,2,48,48
uniform,44,8151,dev_seen,49,2,49,49
uniform,44,8142,dev_seen,49,4,49,49
uniform,44,8115,dev_seen,49,0,49,49
uniform,44,8107,dev_seen,49,1,49,49
uniform,44,8121,dev_seen,49,3,49,49
uniform,44,9286,dev_unseen,50,1,50,50
uniform,44,9237,dev_unseen,50,0,50,50
uniform,44,9291,dev_unseen,50,4,50,50
uniform,44,9274,dev_unseen,50,4,50,50
uniform,44,9244,dev_unseen,50,3,44,44
uniform,44,9269,dev_unseen,50,1,50,50
uniform,44,9263,dev_unseen,50,2,50,50
uniform,44,9283,dev_unseen,50,2,50,50
uniform,44,9234,dev_unseen,50,3,50,50
uniform,44,9287,dev_unseen,50,0,50,50
uniform,44,7366,dev_unseen,51,2,51,17
uniform,44,7353,dev_unseen,51,4,17,17
uniform,44,7336,dev_unseen,51,1,63,40
uniform,44,7371,dev_unseen,51,0,64,64
uniform,44,7359,dev_unseen,51,2,51,51
uniform,44,7332,dev_unseen,51,3,50,50
uniform,44,7373,dev_unseen,51,0,64,40
uniform,44,7364,dev_unseen,51,3,64,64
uniform,44,7348,dev_unseen,51,1,17,17
uniform,44,7370,dev_unseen,51,4,17,40
uniform,44,250,dev_unseen,52,0,52,52
uniform,44,242,dev_unseen,52,2,52,52
uniform,44,268,dev_unseen,52,1,52,52
uniform,44,280,dev_unseen,52,1,52,52
uniform,44,243,dev_unseen,52,2,52,52
uniform,44,253,dev_unseen,52,4,52,52
uniform,44,249,dev_unseen,52,3,52,52
uniform,44,247,dev_unseen,52,0,52,52
uniform,44,274,dev_unseen,52,3,52,52
uniform,44,272,dev_unseen,52,4,52,52
uniform,44,7188,dev_unseen,53,3,40,40
uniform,44,7157,dev_unseen,53,3,64,64
uniform,44,7208,dev_unseen,53,4,63,63
uniform,44,7195,dev_unseen,53,4,63,40
uniform,44,7161,dev_unseen,53,0,64,64
uniform,44,7191,dev_unseen,53,0,64,64
uniform,44,7179,dev_unseen,53,1,64,63
uniform,44,7171,dev_unseen,53,2,64,64
uniform,44,7178,dev_unseen,53,2,64,64
uniform,44,7163,dev_unseen,53,1,64,64
uniform,44,6362,dev_unseen,54,2,54,54
uniform,44,6353,dev_unseen,54,0,54,18
uniform,44,6347,dev_unseen,54,0,54,54
uniform,44,6339,dev_unseen,54,1,50,55
uniform,44,6373,dev_unseen,54,4,44,54
uniform,44,6345,dev_unseen,54,3,54,54
uniform,44,6335,dev_unseen,54,3,54,54
uniform,44,6363,dev_unseen,54,1,54,56
uniform,44,6350,dev_unseen,54,4,54,54
uniform,44,6336,dev_unseen,54,2,54,55
uniform,44,5726,dev_unseen,55,3,55,55
uniform,44,5688,dev_unseen,55,0,39,39
uniform,44,5695,dev_unseen,55,0,55,55
uniform,44,5724,dev_unseen,55,4,56,55
uniform,44,5727,dev_unseen,55,2,55,55
uniform,44,5733,dev_unseen,55,1,28,28
uniform,44,5743,dev_unseen,55,1,55,55
uniform,44,5698,dev_unseen,55,3,55,55
uniform,44,5705,dev_unseen,55,2,55,55
uniform,44,5713,dev_unseen,55,4,50,73
uniform,44,631,dev_unseen,56,0,56,56
uniform,44,620,dev_unseen,56,2,56,56
uniform,44,647,dev_unseen,56,4,56,56
uniform,44,657,dev_unseen,56,3,56,56
uniform,44,607,dev_unseen,56,4,56,56
uniform,44,655,dev_unseen,56,1,56,56
uniform,44,641,dev_unseen,56,0,50,13
uniform,44,652,dev_unseen,56,3,56,56
uniform,44,611,dev_unseen,56,1,56,56
uniform,44,642,dev_unseen,56,2,56,56
uniform,44,3023,dev_unseen,57,2,57,57
uniform,44,3036,dev_unseen,57,2,57,57
uniform,44,3038,dev_unseen,57,4,57,57
uniform,44,3043,dev_unseen,57,0,57,57
uniform,44,3028,dev_unseen,57,1,57,57
uniform,44,3027,dev_unseen,57,3,57,57
uniform,44,3041,dev_unseen,57,0,57,31
uniform,44,3024,dev_unseen,57,1,57,57
uniform,44,3033,dev_unseen,57,3,57,57
uniform,44,3014,dev_unseen,57,4,57,57
uniform,44,2762,dev_unseen,58,3,58,58
uniform,44,2757,dev_unseen,58,4,58,58
uniform,44,2745,dev_unseen,58,2,58,58
uniform,44,2721,dev_unseen,58,3,58,58
uniform,44,2759,dev_unseen,58,4,58,58
uniform,44,2739,dev_unseen,58,0,53,44
uniform,44,2754,dev_unseen,58,1,58,58
uniform,44,2720,dev_unseen,58,0,58,58
uniform,44,2724,dev_unseen,58,1,58,58
uniform,44,2732,dev_unseen,58,2,58,58
uniform,44,1455,dev_unseen,59,4,59,71
uniform,44,1445,dev_unseen,59,0,59,71
uniform,44,1414,dev_unseen,59,2,59,59
uniform,44,1447,dev_unseen,59,4,59,59
uniform,44,1461,dev_unseen,59,0,59,59
uniform,44,1405,dev_unseen,59,3,59,59
uniform,44,1426,dev_unseen,59,3,59,59
uniform,44,1458,dev_unseen,59,1,4,4
uniform,44,1460,dev_unseen,59,1,59,59
uniform,44,1418,dev_unseen,59,2,59,59
uniform,44,5458,dev_unseen,60,1,60,60
uniform,44,5492,dev_unseen,60,3,60,60
uniform,44,5500,dev_unseen,60,2,60,60
uniform,44,5472,dev_unseen,60,4,60,60
uniform,44,5465,dev_unseen,60,0,60,60
uniform,44,5482,dev_unseen,60,0,60,60
uniform,44,5461,dev_unseen,60,1,60,60
uniform,44,5454,dev_unseen,60,2,60,60
uniform,44,5460,dev_unseen,60,4,60,60
uniform,44,5462,dev_unseen,60,3,60,60
uniform,44,1029,dev_unseen,61,4,61,61
uniform,44,1042,dev_unseen,61,0,61,61
uniform,44,1026,dev_unseen,61,3,61,61
uniform,44,1023,dev_unseen,61,2,61,61
uniform,44,1040,dev_unseen,61,0,61,61
uniform,44,1048,dev_unseen,61,2,61,61
uniform,44,1032,dev_unseen,61,1,61,61
uniform,44,1004,dev_unseen,61,3,61,61
uniform,44,1000,dev_unseen,61,1,61,61
uniform,44,1053,dev_unseen,61,4,61,61
uniform,44,10034,dev_unseen,62,4,70,70
uniform,44,10038,dev_unseen,62,1,50,50
uniform,44,10066,dev_unseen,62,3,18,18
uniform,44,10020,dev_unseen,62,0,62,18
uniform,44,10013,dev_unseen,62,1,28,28
uniform,44,10009,dev_unseen,62,3,28,28
uniform,44,10060,dev_unseen,62,4,17,7
uniform,44,10015,dev_unseen,62,2,70,70
uniform,44,10019,dev_unseen,62,0,50,50
uniform,44,10050,dev_unseen,62,2,62,70
uniform,44,7045,dev_unseen,63,0,17,64
uniform,44,7082,dev_unseen,63,2,63,63
uniform,44,7070,dev_unseen,63,3,64,64
uniform,44,7059,dev_unseen,63,3,51,51
uniform,44,7050,dev_unseen,63,1,63,63
uniform,44,7039,dev_unseen,63,2,63,63
uniform,44,7042,dev_unseen,63,4,63,63
uniform,44,7079,dev_unseen,63,1,63,63
uniform,44,7044,dev_unseen,63,0,63,64
uniform,44,7052,dev_unseen,63,4,51,7
uniform,44,7438,dev_unseen,64,0,64,64
uniform,44,7412,dev_unseen,64,3,64,64
uniform,44,7411,dev_unseen,64,0,64,64
uniform,44,7439,dev_unseen,64,4,63,63
uniform,44,7402,dev_unseen,64,1,64,64
uniform,44,7444,dev_unseen,64,1,64,64
uniform,44,7392,dev_unseen,64,3,64,64
uniform,44,7420,dev_unseen,64,2,64,64
uniform,44,7393,dev_unseen,64,2,64,64
uniform,44,7410,dev_unseen,64,4,64,64
uniform,44,11006,dev_unseen,65,1,65,65
uniform,44,10966,dev_unseen,65,2,65,65
uniform,44,10964,dev_unseen,65,0,65,65
uniform,44,10997,dev_unseen,65,1,65,65
uniform,44,10988,dev_unseen,65,4,65,65
uniform,44,11009,dev_unseen,65,2,65,65
uniform,44,10968,dev_unseen,65,3,65,65
uniform,44,10982,dev_unseen,65,3,65,65
uniform,44,10992,dev_unseen,65,0,65,65
uniform,44,10969,dev_unseen,65,4,65,65
uniform,44,5844,dev_unseen,66,1,66,66
uniform,44,5835,dev_unseen,66,1,66,66
uniform,44,5842,dev_unseen,66,3,66,66
uniform,44,5841,dev_unseen,66,3,66,66
uniform,44,5830,dev_unseen,66,0,66,66
uniform,44,5831,dev_unseen,66,4,66,66
uniform,44,5819,dev_unseen,66,0,66,66
uniform,44,5839,dev_unseen,66,2,66,66
uniform,44,5824,dev_unseen,66,2,66,66
uniform,44,5834,dev_unseen,66,4,66,66
uniform,44,4520,dev_unseen,67,4,67,67
uniform,44,4551,dev_unseen,67,1,67,67
uniform,44,4541,dev_unseen,67,4,67,67
uniform,44,4531,dev_unseen,67,0,67,67
uniform,44,4521,dev_unseen,67,1,12,12
uniform,44,4510,dev_unseen,67,3,67,67
uniform,44,4494,dev_unseen,67,3,67,67
uniform,44,4530,dev_unseen,67,2,67,67
uniform,44,4549,dev_unseen,67,0,67,67
uniform,44,4529,dev_unseen,67,2,67,67
uniform,44,7120,dev_unseen,68,3,53,53
uniform,44,7090,dev_unseen,68,1,63,63
uniform,44,7136,dev_unseen,68,4,50,17
uniform,44,7142,dev_unseen,68,0,17,53
uniform,44,7108,dev_unseen,68,3,17,17
uniform,44,7106,dev_unseen,68,0,51,68
uniform,44,7147,dev_unseen,68,2,17,17
uniform,44,7143,dev_unseen,68,2,17,17
uniform,44,7111,dev_unseen,68,1,17,17
uniform,44,7123,dev_unseen,68,4,17,7
uniform,44,11668,dev_unseen,69,2,69,69
uniform,44,11621,dev_unseen,69,3,69,69
uniform,44,11666,dev_unseen,69,0,0,0
uniform,44,11610,dev_unseen,69,0,69,69
uniform,44,11634,dev_unseen,69,1,69,69
uniform,44,11660,dev_unseen,69,4,69,69
uniform,44,11612,dev_unseen,69,2,69,69
uniform,44,11652,dev_unseen,69,4,69,69
uniform,44,11636,dev_unseen,69,3,69,69
uniform,44,11657,dev_unseen,69,1,69,69
uniform,44,9653,dev_unseen,70,4,70,70
uniform,44,9671,dev_unseen,70,0,70,70
uniform,44,9710,dev_unseen,70,2,7,70
uniform,44,9691,dev_unseen,70,3,70,70
uniform,44,9664,dev_unseen,70,1,70,70
uniform,44,9677,dev_unseen,70,4,70,70
uniform,44,9685,dev_unseen,70,1,70,70
uniform,44,9657,dev_unseen,70,0,70,70
uniform,44,9675,dev_unseen,70,3,70,70
uniform,44,9680,dev_unseen,70,2,70,70
uniform,44,3117,dev_unseen,71,1,71,71
uniform,44,3082,dev_unseen,71,3,71,71
uniform,44,3095,dev_unseen,71,1,71,71
uniform,44,3125,dev_unseen,71,2,71,71
uniform,44,3109,dev_unseen,71,0,71,71
uniform,44,3089,dev_unseen,71,4,71,71
uniform,44,3123,dev_unseen,71,3,71,71
uniform,44,3120,dev_unseen,71,0,71,71
uniform,44,3119,dev_unseen,71,2,71,71
uniform,44,3103,dev_unseen,71,4,71,71
uniform,44,6000,dev_unseen,72,3,67,67
uniform,44,5977,dev_unseen,72,1,67,11
uniform,44,6023,dev_unseen,72,3,67,39
uniform,44,6026,dev_unseen,72,4,11,11
uniform,44,6028,dev_unseen,72,0,67,39
uniform,44,5981,dev_unseen,72,2,11,11
uniform,44,5994,dev_unseen,72,2,67,11
uniform,44,6017,dev_unseen,72,1,11,11
uniform,44,5992,dev_unseen,72,0,67,11
uniform,44,5979,dev_unseen,72,4,72,72
uniform,44,9857,dev_unseen,73,4,13,73
uniform,44,9840,dev_unseen,73,3,73,73
uniform,44,9844,dev_unseen,73,4,13,13
uniform,44,9852,dev_unseen,73,1,13,13
uniform,44,9834,dev_unseen,73,0,73,73
uniform,44,9859,dev_unseen,73,1,73,73
uniform,44,9880,dev_unseen,73,3,73,73
uniform,44,9882,dev_unseen,73,2,28,73
uniform,44,9833,dev_unseen,73,0,13,13
uniform,44,9881,dev_unseen,73,2,73,73
uniform,44,879,dev_unseen,74,3,74,74
uniform,44,853,dev_unseen,74,0,74,74
uniform,44,873,dev_unseen,74,4,74,74
uniform,44,862,dev_unseen,74,2,74,74
uniform,44,855,dev_unseen,74,1,74,74
uniform,44,841,dev_unseen,74,1,47,47
uniform,44,871,dev_unseen,74,4,74,74
uniform,44,865,dev_unseen,74,3,74,74
uniform,44,874,dev_unseen,74,0,74,74
uniform,44,857,dev_unseen,74,2,74,74
native_part,42,11529,dev_seen,0,4,3,3
native_part,42,11493,dev_seen,0,1,0,0
native_part,42,11498,dev_seen,0,3,0,0
native_part,42,11517,dev_seen,0,0,0,0
native_part,42,11490,dev_seen,0,2,0,0
native_part,42,9315,dev_seen,1,1,1,1
native_part,42,9305,dev_seen,1,3,1,1
native_part,42,9337,dev_seen,1,2,1,1
native_part,42,9307,dev_seen,1,0,1,1
native_part,42,9336,dev_seen,1,4,1,1
native_part,42,5008,dev_seen,2,1,2,2
native_part,42,4968,dev_seen,2,4,57,57
native_part,42,4969,dev_seen,2,3,2,2
native_part,42,5020,dev_seen,2,2,2,2
native_part,42,4972,dev_seen,2,0,2,2
native_part,42,11604,dev_seen,3,0,3,3
native_part,42,11555,dev_seen,3,2,17,3
native_part,42,11552,dev_seen,3,3,3,3
native_part,42,11557,dev_seen,3,4,3,3
native_part,42,11606,dev_seen,3,1,3,3
native_part,42,469,dev_seen,4,3,59,59
native_part,42,444,dev_seen,4,4,37,4
native_part,42,470,dev_seen,4,2,59,59
native_part,42,441,dev_seen,4,1,20,20
native_part,42,429,dev_seen,4,0,4,4
native_part,42,3608,dev_seen,5,2,5,5
native_part,42,3650,dev_seen,5,4,5,5
native_part,42,3618,dev_seen,5,1,5,5
native_part,42,3609,dev_seen,5,0,5,5
native_part,42,3614,dev_seen,5,3,5,5
native_part,42,1595,dev_seen,6,2,6,6
native_part,42,1589,dev_seen,6,3,20,20
native_part,42,1603,dev_seen,6,0,38,38
native_part,42,1632,dev_seen,6,1,20,6
native_part,42,1587,dev_seen,6,4,6,6
native_part,42,7619,dev_seen,7,1,17,7
native_part,42,7608,dev_seen,7,2,17,7
native_part,42,7570,dev_seen,7,3,7,7
native_part,42,7610,dev_seen,7,4,40,40
native_part,42,7569,dev_seen,7,0,7,7
native_part,42,6235,dev_seen,8,3,6,6
native_part,42,6243,dev_seen,8,4,20,20
native_part,42,6250,dev_seen,8,1,38,38
native_part,42,6220,dev_seen,8,2,20,20
native_part,42,6228,dev_seen,8,0,8,38
native_part,42,10440,dev_seen,9,0,9,9
native_part,42,10451,dev_seen,9,4,9,9
native_part,42,10459,dev_seen,9,1,9,9
native_part,42,10460,dev_seen,9,2,17,9
native_part,42,10428,dev_seen,9,3,62,9
native_part,42,3375,dev_seen,10,1,32,10
native_part,42,3389,dev_seen,10,2,10,10
native_part,42,3412,dev_seen,10,0,34,10
native_part,42,3396,dev_seen,10,4,10,10
native_part,42,3422,dev_seen,10,3,32,32
native_part,42,5960,dev_seen,11,1,11,11
native_part,42,5919,dev_seen,11,4,11,11
native_part,42,5935,dev_seen,11,3,11,11
native_part,42,5967,dev_seen,11,0,11,11
native_part,42,5968,dev_seen,11,2,67,67
native_part,42,8755,dev_seen,12,0,12,12
native_part,42,8738,dev_seen,12,3,12,12
native_part,42,8761,dev_seen,12,2,12,12
native_part,42,8704,dev_seen,12,4,12,12
native_part,42,8734,dev_seen,12,1,12,12
native_part,42,11731,dev_seen,13,2,13,13
native_part,42,11746,dev_seen,13,3,13,13
native_part,42,11781,dev_seen,13,0,13,13
native_part,42,11762,dev_seen,13,1,13,13
native_part,42,11787,dev_seen,13,4,13,13
native_part,42,7883,dev_seen,14,1,14,14
native_part,42,7905,dev_seen,14,3,14,14
native_part,42,7885,dev_seen,14,2,14,14
native_part,42,7902,dev_seen,14,4,14,14
native_part,42,7875,dev_seen,14,0,14,14
native_part,42,393,dev_seen,15,4,25,15
native_part,42,417,dev_seen,15,3,15,15
native_part,42,392,dev_seen,15,2,52,15
native_part,42,406,dev_seen,15,0,15,15
native_part,42,409,dev_seen,15,1,15,52
native_part,42,4653,dev_seen,16,1,16,16
native_part,42,4665,dev_seen,16,3,16,16
native_part,42,4669,dev_seen,16,0,16,16
native_part,42,4621,dev_seen,16,2,16,16
native_part,42,4646,dev_seen,16,4,16,16
native_part,42,6943,dev_seen,17,3,17,17
native_part,42,6945,dev_seen,17,2,17,17
native_part,42,6927,dev_seen,17,0,17,17
native_part,42,6918,dev_seen,17,4,17,17
native_part,42,6950,dev_seen,17,1,17,17
native_part,42,9719,dev_seen,18,4,18,18
native_part,42,9747,dev_seen,18,1,18,18
native_part,42,9736,dev_seen,18,0,18,18
native_part,42,9740,dev_seen,18,2,18,18
native_part,42,9764,dev_seen,18,3,18,18
native_part,42,9019,dev_seen,19,0,19,19
native_part,42,9022,dev_seen,19,2,70,19
native_part,42,9036,dev_seen,19,1,19,19
native_part,42,9020,dev_seen,19,3,19,19
native_part,42,9002,dev_seen,19,4,70,19
native_part,42,1675,dev_seen,20,4,37,37
native_part,42,1691,dev_seen,20,0,20,20
native_part,42,1690,dev_seen,20,3,20,6
native_part,42,1668,dev_seen,20,2,8,8
native_part,42,1680,dev_seen,20,1,20,20
native_part,42,907,dev_seen,21,3,21,21
native_part,42,910,dev_seen,21,4,21,21
native_part,42,926,dev_seen,21,0,21,21
native_part,42,916,dev_seen,21,2,21,21
native_part,42,929,dev_seen,21,1,21,21
native_part,42,3286,dev_seen,22,4,22,22
native_part,42,3293,dev_seen,22,0,22,22
native_part,42,3271,dev_seen,22,3,22,22
native_part,42,3265,dev_seen,22,1,22,22
native_part,42,3277,dev_seen,22,2,22,22
native_part,42,4868,dev_seen,23,2,23,23
native_part,42,4876,dev_seen,23,1,23,23
native_part,42,4857,dev_seen,23,3,23,23
native_part,42,4899,dev_seen,23,4,23,23
native_part,42,4860,dev_seen,23,0,23,23
native_part,42,9371,dev_seen,24,1,24,24
native_part,42,9408,dev_seen,24,0,24,24
native_part,42,9393,dev_seen,24,2,24,24
native_part,42,9359,dev_seen,24,3,24,24
native_part,42,9367,dev_seen,24,4,24,24
native_part,42,324,dev_seen,25,0,25,25
native_part,42,347,dev_seen,25,1,25,25
native_part,42,339,dev_seen,25,4,52,25
native_part,42,331,dev_seen,25,2,52,25
native_part,42,364,dev_seen,25,3,25,25
native_part,42,4242,dev_seen,26,1,26,26
native_part,42,4233,dev_seen,26,3,26,26
native_part,42,4230,dev_seen,26,2,26,26
native_part,42,4208,dev_seen,26,4,26,26
native_part,42,4243,dev_seen,26,0,26,26
native_part,42,8170,dev_seen,27,0,49,27
native_part,42,8187,dev_seen,27,3,49,27
native_part,42,8167,dev_seen,27,2,27,27
native_part,42,8198,dev_seen,27,1,27,27
native_part,42,8202,dev_seen,27,4,27,27
native_part,42,9895,dev_seen,28,2,28,28
native_part,42,9923,dev_seen,28,1,28,28
native_part,42,9898,dev_seen,28,0,28,28
native_part,42,9902,dev_seen,28,4,28,28
native_part,42,9933,dev_seen,28,3,28,48
native_part,42,5086,dev_seen,29,3,58,13
native_part,42,5087,dev_seen,29,4,29,29
native_part,42,5143,dev_seen,29,0,29,29
native_part,42,5131,dev_seen,29,1,29,29
native_part,42,5089,dev_seen,29,2,29,29
native_part,42,11076,dev_seen,30,2,30,30
native_part,42,11089,dev_seen,30,4,30,30
native_part,42,11075,dev_seen,30,1,30,30
native_part,42,11112,dev_seen,30,3,30,30
native_part,42,11109,dev_seen,30,0,30,30
native_part,42,2910,dev_seen,31,3,31,31
native_part,42,2928,dev_seen,31,2,31,31
native_part,42,2927,dev_seen,31,4,31,31
native_part,42,2905,dev_seen,31,1,31,31
native_part,42,2914,dev_seen,31,0,31,31
native_part,42,3591,dev_seen,32,4,10,10
native_part,42,3572,dev_seen,32,1,32,32
native_part,42,3564,dev_seen,32,3,32,32
native_part,42,3560,dev_seen,32,0,32,32
native_part,42,3561,dev_seen,32,2,34,34
native_part,42,3003,dev_seen,33,2,33,33
native_part,42,2999,dev_seen,33,1,33,33
native_part,42,2973,dev_seen,33,0,33,33
native_part,42,2994,dev_seen,33,3,33,33
native_part,42,2969,dev_seen,33,4,33,33
native_part,42,3739,dev_seen,34,1,10,10
native_part,42,3776,dev_seen,34,2,32,34
native_part,42,3756,dev_seen,34,3,34,34
native_part,42,3743,dev_seen,34,0,34,34
native_part,42,3757,dev_seen,34,4,32,32
native_part,42,11238,dev_seen,35,2,35,35
native_part,42,11206,dev_seen,35,0,35,35
native_part,42,11210,dev_seen,35,4,35,35
native_part,42,11240,dev_seen,35,1,35,35
native_part,42,11214,dev_seen,35,3,35,35
native_part,42,4278,dev_seen,36,1,36,36
native_part,42,4296,dev_seen,36,3,26,36
native_part,42,4303,dev_seen,36,2,36,36
native_part,42,4268,dev_seen,36,0,26,36
native_part,42,4269,dev_seen,36,4,36,36
native_part,42,2777,dev_seen,37,1,37,37
native_part,42,2797,dev_seen,37,3,37,37
native_part,42,2779,dev_seen,37,4,59,71
native_part,42,2823,dev_seen,37,0,37,37
native_part,42,2808,dev_seen,37,2,37,37
native_part,42,6290,dev_seen,38,4,38,38
native_part,42,6287,dev_seen,38,3,38,38
native_part,42,6291,dev_seen,38,2,38,38
native_part,42,6305,dev_seen,38,0,38,38
native_part,42,6309,dev_seen,38,1,38,38
native_part,42,4449,dev_seen,39,1,39,39
native_part,42,4478,dev_seen,39,0,39,39
native_part,42,4485,dev_seen,39,3,39,39
native_part,42,4490,dev_seen,39,2,39,39
native_part,42,4491,dev_seen,39,4,39,39
native_part,42,7298,dev_seen,40,4,64,64
native_part,42,7322,dev_seen,40,2,64,64
native_part,42,7274,dev_seen,40,0,51,40
native_part,42,7270,dev_seen,40,1,64,64
native_part,42,7278,dev_seen,40,3,40,40
native_part,42,15,dev_seen,41,0,42,41
native_part,42,49,dev_seen,41,3,41,41
native_part,42,42,dev_seen,41,4,41,41
native_part,42,41,dev_seen,41,1,42,41
native_part,42,2,dev_seen,41,2,42,41
native_part,42,137,dev_seen,42,4,42,42
native_part,42,127,dev_seen,42,3,42,42
native_part,42,125,dev_seen,42,0,42,42
native_part,42,122,dev_seen,42,1,42,42
native_part,42,136,dev_seen,42,2,42,42
native_part,42,6167,dev_seen,43,4,15,25
native_part,42,6184,dev_seen,43,2,43,43
native_part,42,6168,dev_seen,43,3,43,43
native_part,42,6186,dev_seen,43,0,43,43
native_part,42,6191,dev_seen,43,1,43,43
native_part,42,8661,dev_seen,44,2,44,44
native_part,42,8689,dev_seen,44,0,44,44
native_part,42,8671,dev_seen,44,4,44,44
native_part,42,8646,dev_seen,44,3,51,44
native_part,42,8701,dev_seen,44,1,44,44
native_part,42,716,dev_seen,45,4,45,45
native_part,42,677,dev_seen,45,2,45,45
native_part,42,699,dev_seen,45,3,45,45
native_part,42,667,dev_seen,45,1,45,45
native_part,42,685,dev_seen,45,0,45,45
native_part,42,4057,dev_seen,46,0,46,46
native_part,42,4018,dev_seen,46,4,46,46
native_part,42,4060,dev_seen,46,3,46,46
native_part,42,4066,dev_seen,46,1,46,46
native_part,42,4030,dev_seen,46,2,46,46
native_part,42,4346,dev_seen,47,1,47,47
native_part,42,4370,dev_seen,47,0,47,47
native_part,42,4355,dev_seen,47,2,47,47
native_part,42,4324,dev_seen,47,3,47,47
native_part,42,4331,dev_seen,47,4,47,47
native_part,42,9206,dev_seen,48,1,48,48
native_part,42,9209,dev_seen,48,4,48,48
native_part,42,9204,dev_seen,48,3,70,48
native_part,42,9228,dev_seen,48,0,73,48
native_part,42,9226,dev_seen,48,2,48,48
native_part,42,8151,dev_seen,49,2,49,49
native_part,42,8142,dev_seen,49,4,49,49
native_part,42,8115,dev_seen,49,0,49,49
native_part,42,8107,dev_seen,49,1,49,49
native_part,42,8121,dev_seen,49,3,49,49
native_part,42,9286,dev_unseen,50,1,50,50
native_part,42,9237,dev_unseen,50,0,50,50
native_part,42,9291,dev_unseen,50,4,50,22
native_part,42,9274,dev_unseen,50,4,50,50
native_part,42,9244,dev_unseen,50,3,44,50
native_part,42,9269,dev_unseen,50,1,50,50
native_part,42,9263,dev_unseen,50,2,50,50
native_part,42,9283,dev_unseen,50,2,50,50
native_part,42,9234,dev_unseen,50,3,50,50
native_part,42,9287,dev_unseen,50,0,50,50
native_part,42,7366,dev_unseen,51,2,51,17
native_part,42,7353,dev_unseen,51,4,17,17
native_part,42,7336,dev_unseen,51,1,63,40
native_part,42,7371,dev_unseen,51,0,64,64
native_part,42,7359,dev_unseen,51,2,51,51
native_part,42,7332,dev_unseen,51,3,50,40
native_part,42,7373,dev_unseen,51,0,64,40
native_part,42,7364,dev_unseen,51,3,64,64
native_part,42,7348,dev_unseen,51,1,17,17
native_part,42,7370,dev_unseen,51,4,17,40
native_part,42,250,dev_unseen,52,0,52,52
native_part,42,242,dev_unseen,52,2,52,52
native_part,42,268,dev_unseen,52,1,52,52
native_part,42,280,dev_unseen,52,1,52,52
native_part,42,243,dev_unseen,52,2,52,52
native_part,42,253,dev_unseen,52,4,52,52
native_part,42,249,dev_unseen,52,3,52,52
native_part,42,247,dev_unseen,52,0,52,52
native_part,42,274,dev_unseen,52,3,52,52
native_part,42,272,dev_unseen,52,4,52,52
native_part,42,7188,dev_unseen,53,3,40,40
native_part,42,7157,dev_unseen,53,3,64,64
native_part,42,7208,dev_unseen,53,4,63,63
native_part,42,7195,dev_unseen,53,4,63,40
native_part,42,7161,dev_unseen,53,0,64,64
native_part,42,7191,dev_unseen,53,0,64,64
native_part,42,7179,dev_unseen,53,1,64,63
native_part,42,7171,dev_unseen,53,2,64,64
native_part,42,7178,dev_unseen,53,2,64,64
native_part,42,7163,dev_unseen,53,1,64,40
native_part,42,6362,dev_unseen,54,2,54,54
native_part,42,6353,dev_unseen,54,0,54,18
native_part,42,6347,dev_unseen,54,0,54,54
native_part,42,6339,dev_unseen,54,1,50,55
native_part,42,6373,dev_unseen,54,4,44,54
native_part,42,6345,dev_unseen,54,3,54,54
native_part,42,6335,dev_unseen,54,3,54,54
native_part,42,6363,dev_unseen,54,1,54,56
native_part,42,6350,dev_unseen,54,4,54,54
native_part,42,6336,dev_unseen,54,2,54,54
native_part,42,5726,dev_unseen,55,3,55,55
native_part,42,5688,dev_unseen,55,0,39,39
native_part,42,5695,dev_unseen,55,0,55,55
native_part,42,5724,dev_unseen,55,4,56,56
native_part,42,5727,dev_unseen,55,2,55,55
native_part,42,5733,dev_unseen,55,1,28,28
native_part,42,5743,dev_unseen,55,1,55,55
native_part,42,5698,dev_unseen,55,3,55,55
native_part,42,5705,dev_unseen,55,2,55,55
native_part,42,5713,dev_unseen,55,4,50,13
native_part,42,631,dev_unseen,56,0,56,56
native_part,42,620,dev_unseen,56,2,56,56
native_part,42,647,dev_unseen,56,4,56,56
native_part,42,657,dev_unseen,56,3,56,56
native_part,42,607,dev_unseen,56,4,56,56
native_part,42,655,dev_unseen,56,1,56,56
native_part,42,641,dev_unseen,56,0,50,13
native_part,42,652,dev_unseen,56,3,56,56
native_part,42,611,dev_unseen,56,1,56,56
native_part,42,642,dev_unseen,56,2,56,56
native_part,42,3023,dev_unseen,57,2,57,57
native_part,42,3036,dev_unseen,57,2,57,57
native_part,42,3038,dev_unseen,57,4,57,57
native_part,42,3043,dev_unseen,57,0,57,57
native_part,42,3028,dev_unseen,57,1,57,57
native_part,42,3027,dev_unseen,57,3,57,57
native_part,42,3041,dev_unseen,57,0,57,57
native_part,42,3024,dev_unseen,57,1,57,57
native_part,42,3033,dev_unseen,57,3,57,57
native_part,42,3014,dev_unseen,57,4,57,57
native_part,42,2762,dev_unseen,58,3,58,58
native_part,42,2757,dev_unseen,58,4,58,58
native_part,42,2745,dev_unseen,58,2,58,58
native_part,42,2721,dev_unseen,58,3,58,58
native_part,42,2759,dev_unseen,58,4,58,58
native_part,42,2739,dev_unseen,58,0,53,58
native_part,42,2754,dev_unseen,58,1,58,58
native_part,42,2720,dev_unseen,58,0,58,58
native_part,42,2724,dev_unseen,58,1,58,58
native_part,42,2732,dev_unseen,58,2,58,58
native_part,42,1455,dev_unseen,59,4,59,71
native_part,42,1445,dev_unseen,59,0,59,71
native_part,42,1414,dev_unseen,59,2,59,59
native_part,42,1447,dev_unseen,59,4,59,59
native_part,42,1461,dev_unseen,59,0,59,59
native_part,42,1405,dev_unseen,59,3,59,59
native_part,42,1426,dev_unseen,59,3,59,59
native_part,42,1458,dev_unseen,59,1,4,4
native_part,42,1460,dev_unseen,59,1,59,59
native_part,42,1418,dev_unseen,59,2,59,4
native_part,42,5458,dev_unseen,60,1,60,60
native_part,42,5492,dev_unseen,60,3,60,60
native_part,42,5500,dev_unseen,60,2,60,60
native_part,42,5472,dev_unseen,60,4,60,60
native_part,42,5465,dev_unseen,60,0,60,60
native_part,42,5482,dev_unseen,60,0,60,60
native_part,42,5461,dev_unseen,60,1,60,60
native_part,42,5454,dev_unseen,60,2,60,60
native_part,42,5460,dev_unseen,60,4,60,60
native_part,42,5462,dev_unseen,60,3,60,60
native_part,42,1029,dev_unseen,61,4,61,61
native_part,42,1042,dev_unseen,61,0,61,61
native_part,42,1026,dev_unseen,61,3,61,61
native_part,42,1023,dev_unseen,61,2,61,61
native_part,42,1040,dev_unseen,61,0,61,61
native_part,42,1048,dev_unseen,61,2,61,61
native_part,42,1032,dev_unseen,61,1,61,61
native_part,42,1004,dev_unseen,61,3,61,61
native_part,42,1000,dev_unseen,61,1,61,61
native_part,42,1053,dev_unseen,61,4,61,61
native_part,42,10034,dev_unseen,62,4,70,70
native_part,42,10038,dev_unseen,62,1,50,62
native_part,42,10066,dev_unseen,62,3,18,18
native_part,42,10020,dev_unseen,62,0,62,62
native_part,42,10013,dev_unseen,62,1,28,28
native_part,42,10009,dev_unseen,62,3,28,28
native_part,42,10060,dev_unseen,62,4,17,28
native_part,42,10015,dev_unseen,62,2,70,70
native_part,42,10019,dev_unseen,62,0,50,62
native_part,42,10050,dev_unseen,62,2,62,70
native_part,42,7045,dev_unseen,63,0,17,64
native_part,42,7082,dev_unseen,63,2,63,63
native_part,42,7070,dev_unseen,63,3,64,64
native_part,42,7059,dev_unseen,63,3,51,63
native_part,42,7050,dev_unseen,63,1,63,63
native_part,42,7039,dev_unseen,63,2,63,63
native_part,42,7042,dev_unseen,63,4,63,63
native_part,42,7079,dev_unseen,63,1,63,63
native_part,42,7044,dev_unseen,63,0,63,64
native_part,42,7052,dev_unseen,63,4,51,7
native_part,42,7438,dev_unseen,64,0,64,64
native_part,42,7412,dev_unseen,64,3,64,64
native_part,42,7411,dev_unseen,64,0,64,64
native_part,42,7439,dev_unseen,64,4,63,63
native_part,42,7402,dev_unseen,64,1,64,64
native_part,42,7444,dev_unseen,64,1,64,64
native_part,42,7392,dev_unseen,64,3,64,64
native_part,42,7420,dev_unseen,64,2,64,63
native_part,42,7393,dev_unseen,64,2,64,64
native_part,42,7410,dev_unseen,64,4,64,64
native_part,42,11006,dev_unseen,65,1,65,65
native_part,42,10966,dev_unseen,65,2,65,65
native_part,42,10964,dev_unseen,65,0,65,65
native_part,42,10997,dev_unseen,65,1,65,65
native_part,42,10988,dev_unseen,65,4,65,65
native_part,42,11009,dev_unseen,65,2,65,65
native_part,42,10968,dev_unseen,65,3,65,65
native_part,42,10982,dev_unseen,65,3,65,65
native_part,42,10992,dev_unseen,65,0,65,65
native_part,42,10969,dev_unseen,65,4,65,65
native_part,42,5844,dev_unseen,66,1,66,66
native_part,42,5835,dev_unseen,66,1,66,66
native_part,42,5842,dev_unseen,66,3,66,66
native_part,42,5841,dev_unseen,66,3,66,66
native_part,42,5830,dev_unseen,66,0,66,66
native_part,42,5831,dev_unseen,66,4,66,66
native_part,42,5819,dev_unseen,66,0,66,66
native_part,42,5839,dev_unseen,66,2,66,66
native_part,42,5824,dev_unseen,66,2,66,66
native_part,42,5834,dev_unseen,66,4,66,66
native_part,42,4520,dev_unseen,67,4,67,67
native_part,42,4551,dev_unseen,67,1,67,67
native_part,42,4541,dev_unseen,67,4,67,67
native_part,42,4531,dev_unseen,67,0,67,67
native_part,42,4521,dev_unseen,67,1,12,12
native_part,42,4510,dev_unseen,67,3,67,67
native_part,42,4494,dev_unseen,67,3,67,67
native_part,42,4530,dev_unseen,67,2,67,67
native_part,42,4549,dev_unseen,67,0,67,67
native_part,42,4529,dev_unseen,67,2,67,67
native_part,42,7120,dev_unseen,68,3,53,53
native_part,42,7090,dev_unseen,68,1,63,63
native_part,42,7136,dev_unseen,68,4,50,17
native_part,42,7142,dev_unseen,68,0,17,53
native_part,42,7108,dev_unseen,68,3,17,7
native_part,42,7106,dev_unseen,68,0,51,68
native_part,42,7147,dev_unseen,68,2,17,17
native_part,42,7143,dev_unseen,68,2,17,17
native_part,42,7111,dev_unseen,68,1,17,64
native_part,42,7123,dev_unseen,68,4,17,17
native_part,42,11668,dev_unseen,69,2,69,0
native_part,42,11621,dev_unseen,69,3,69,69
native_part,42,11666,dev_unseen,69,0,0,0
native_part,42,11610,dev_unseen,69,0,69,69
native_part,42,11634,dev_unseen,69,1,69,69
native_part,42,11660,dev_unseen,69,4,69,69
native_part,42,11612,dev_unseen,69,2,69,69
native_part,42,11652,dev_unseen,69,4,69,69
native_part,42,11636,dev_unseen,69,3,69,69
native_part,42,11657,dev_unseen,69,1,69,69
native_part,42,9653,dev_unseen,70,4,70,70
native_part,42,9671,dev_unseen,70,0,70,70
native_part,42,9710,dev_unseen,70,2,7,70
native_part,42,9691,dev_unseen,70,3,70,70
native_part,42,9664,dev_unseen,70,1,70,70
native_part,42,9677,dev_unseen,70,4,70,70
native_part,42,9685,dev_unseen,70,1,70,70
native_part,42,9657,dev_unseen,70,0,70,70
native_part,42,9675,dev_unseen,70,3,70,70
native_part,42,9680,dev_unseen,70,2,70,70
native_part,42,3117,dev_unseen,71,1,71,71
native_part,42,3082,dev_unseen,71,3,71,71
native_part,42,3095,dev_unseen,71,1,71,71
native_part,42,3125,dev_unseen,71,2,71,71
native_part,42,3109,dev_unseen,71,0,71,71
native_part,42,3089,dev_unseen,71,4,71,71
native_part,42,3123,dev_unseen,71,3,71,71
native_part,42,3120,dev_unseen,71,0,71,71
native_part,42,3119,dev_unseen,71,2,71,71
native_part,42,3103,dev_unseen,71,4,71,71
native_part,42,6000,dev_unseen,72,3,67,67
native_part,42,5977,dev_unseen,72,1,67,11
native_part,42,6023,dev_unseen,72,3,67,39
native_part,42,6026,dev_unseen,72,4,11,11
native_part,42,6028,dev_unseen,72,0,67,39
native_part,42,5981,dev_unseen,72,2,11,11
native_part,42,5994,dev_unseen,72,2,67,11
native_part,42,6017,dev_unseen,72,1,11,11
native_part,42,5992,dev_unseen,72,0,67,11
native_part,42,5979,dev_unseen,72,4,72,72
native_part,42,9857,dev_unseen,73,4,13,13
native_part,42,9840,dev_unseen,73,3,73,73
native_part,42,9844,dev_unseen,73,4,13,13
native_part,42,9852,dev_unseen,73,1,13,13
native_part,42,9834,dev_unseen,73,0,73,73
native_part,42,9859,dev_unseen,73,1,73,73
native_part,42,9880,dev_unseen,73,3,73,73
native_part,42,9882,dev_unseen,73,2,28,13
native_part,42,9833,dev_unseen,73,0,13,13
native_part,42,9881,dev_unseen,73,2,73,73
native_part,42,879,dev_unseen,74,3,74,74
native_part,42,853,dev_unseen,74,0,74,74
native_part,42,873,dev_unseen,74,4,74,74
native_part,42,862,dev_unseen,74,2,74,74
native_part,42,855,dev_unseen,74,1,74,74
native_part,42,841,dev_unseen,74,1,47,47
native_part,42,871,dev_unseen,74,4,74,74
native_part,42,865,dev_unseen,74,3,74,74
native_part,42,874,dev_unseen,74,0,74,74
native_part,42,857,dev_unseen,74,2,74,74
native_part,43,11529,dev_seen,0,4,3,3
native_part,43,11493,dev_seen,0,1,0,0
native_part,43,11498,dev_seen,0,3,0,0
native_part,43,11517,dev_seen,0,0,0,0
native_part,43,11490,dev_seen,0,2,0,0
native_part,43,9315,dev_seen,1,1,1,1
native_part,43,9305,dev_seen,1,3,1,1
native_part,43,9337,dev_seen,1,2,1,1
native_part,43,9307,dev_seen,1,0,1,1
native_part,43,9336,dev_seen,1,4,1,1
native_part,43,5008,dev_seen,2,1,2,2
native_part,43,4968,dev_seen,2,4,57,57
native_part,43,4969,dev_seen,2,3,2,2
native_part,43,5020,dev_seen,2,2,2,2
native_part,43,4972,dev_seen,2,0,2,2
native_part,43,11604,dev_seen,3,0,3,3
native_part,43,11555,dev_seen,3,2,17,3
native_part,43,11552,dev_seen,3,3,3,3
native_part,43,11557,dev_seen,3,4,3,3
native_part,43,11606,dev_seen,3,1,3,3
native_part,43,469,dev_seen,4,3,59,59
native_part,43,444,dev_seen,4,4,37,4
native_part,43,470,dev_seen,4,2,59,59
native_part,43,441,dev_seen,4,1,20,20
native_part,43,429,dev_seen,4,0,4,4
native_part,43,3608,dev_seen,5,2,5,5
native_part,43,3650,dev_seen,5,4,5,5
native_part,43,3618,dev_seen,5,1,5,5
native_part,43,3609,dev_seen,5,0,5,5
native_part,43,3614,dev_seen,5,3,5,5
native_part,43,1595,dev_seen,6,2,6,6
native_part,43,1589,dev_seen,6,3,20,20
native_part,43,1603,dev_seen,6,0,38,38
native_part,43,1632,dev_seen,6,1,20,6
native_part,43,1587,dev_seen,6,4,6,6
native_part,43,7619,dev_seen,7,1,17,7
native_part,43,7608,dev_seen,7,2,17,7
native_part,43,7570,dev_seen,7,3,7,7
native_part,43,7610,dev_seen,7,4,40,40
native_part,43,7569,dev_seen,7,0,7,7
native_part,43,6235,dev_seen,8,3,6,6
native_part,43,6243,dev_seen,8,4,20,20
native_part,43,6250,dev_seen,8,1,38,38
native_part,43,6220,dev_seen,8,2,20,20
native_part,43,6228,dev_seen,8,0,8,38
native_part,43,10440,dev_seen,9,0,9,9
native_part,43,10451,dev_seen,9,4,9,9
native_part,43,10459,dev_seen,9,1,9,9
native_part,43,10460,dev_seen,9,2,17,9
native_part,43,10428,dev_seen,9,3,62,9
native_part,43,3375,dev_seen,10,1,32,10
native_part,43,3389,dev_seen,10,2,10,10
native_part,43,3412,dev_seen,10,0,34,10
native_part,43,3396,dev_seen,10,4,10,10
native_part,43,3422,dev_seen,10,3,32,32
native_part,43,5960,dev_seen,11,1,11,11
native_part,43,5919,dev_seen,11,4,11,11
native_part,43,5935,dev_seen,11,3,11,11
native_part,43,5967,dev_seen,11,0,11,11
native_part,43,5968,dev_seen,11,2,67,67
native_part,43,8755,dev_seen,12,0,12,12
native_part,43,8738,dev_seen,12,3,12,12
native_part,43,8761,dev_seen,12,2,12,12
native_part,43,8704,dev_seen,12,4,12,12
native_part,43,8734,dev_seen,12,1,12,12
native_part,43,11731,dev_seen,13,2,13,13
native_part,43,11746,dev_seen,13,3,13,13
native_part,43,11781,dev_seen,13,0,13,13
native_part,43,11762,dev_seen,13,1,13,13
native_part,43,11787,dev_seen,13,4,13,13
native_part,43,7883,dev_seen,14,1,14,14
native_part,43,7905,dev_seen,14,3,14,14
native_part,43,7885,dev_seen,14,2,14,14
native_part,43,7902,dev_seen,14,4,14,14
native_part,43,7875,dev_seen,14,0,14,14
native_part,43,393,dev_seen,15,4,25,15
native_part,43,417,dev_seen,15,3,15,15
native_part,43,392,dev_seen,15,2,52,15
native_part,43,406,dev_seen,15,0,15,15
native_part,43,409,dev_seen,15,1,15,52
native_part,43,4653,dev_seen,16,1,16,16
native_part,43,4665,dev_seen,16,3,16,16
native_part,43,4669,dev_seen,16,0,16,16
native_part,43,4621,dev_seen,16,2,16,16
native_part,43,4646,dev_seen,16,4,16,16
native_part,43,6943,dev_seen,17,3,17,17
native_part,43,6945,dev_seen,17,2,17,17
native_part,43,6927,dev_seen,17,0,17,17
native_part,43,6918,dev_seen,17,4,17,17
native_part,43,6950,dev_seen,17,1,17,17
native_part,43,9719,dev_seen,18,4,18,18
native_part,43,9747,dev_seen,18,1,18,18
native_part,43,9736,dev_seen,18,0,18,18
native_part,43,9740,dev_seen,18,2,18,18
native_part,43,9764,dev_seen,18,3,18,18
native_part,43,9019,dev_seen,19,0,19,19
native_part,43,9022,dev_seen,19,2,70,19
native_part,43,9036,dev_seen,19,1,19,19
native_part,43,9020,dev_seen,19,3,19,19
native_part,43,9002,dev_seen,19,4,70,19
native_part,43,1675,dev_seen,20,4,37,37
native_part,43,1691,dev_seen,20,0,20,20
native_part,43,1690,dev_seen,20,3,20,6
native_part,43,1668,dev_seen,20,2,8,8
native_part,43,1680,dev_seen,20,1,20,20
native_part,43,907,dev_seen,21,3,21,21
native_part,43,910,dev_seen,21,4,21,21
native_part,43,926,dev_seen,21,0,21,21
native_part,43,916,dev_seen,21,2,21,21
native_part,43,929,dev_seen,21,1,21,21
native_part,43,3286,dev_seen,22,4,22,22
native_part,43,3293,dev_seen,22,0,22,22
native_part,43,3271,dev_seen,22,3,22,22
native_part,43,3265,dev_seen,22,1,22,22
native_part,43,3277,dev_seen,22,2,22,22
native_part,43,4868,dev_seen,23,2,23,23
native_part,43,4876,dev_seen,23,1,23,23
native_part,43,4857,dev_seen,23,3,23,23
native_part,43,4899,dev_seen,23,4,23,23
native_part,43,4860,dev_seen,23,0,23,23
native_part,43,9371,dev_seen,24,1,24,24
native_part,43,9408,dev_seen,24,0,24,24
native_part,43,9393,dev_seen,24,2,24,24
native_part,43,9359,dev_seen,24,3,24,24
native_part,43,9367,dev_seen,24,4,24,24
native_part,43,324,dev_seen,25,0,25,25
native_part,43,347,dev_seen,25,1,25,25
native_part,43,339,dev_seen,25,4,52,25
native_part,43,331,dev_seen,25,2,52,25
native_part,43,364,dev_seen,25,3,25,25
native_part,43,4242,dev_seen,26,1,26,26
native_part,43,4233,dev_seen,26,3,26,26
native_part,43,4230,dev_seen,26,2,26,26
native_part,43,4208,dev_seen,26,4,26,26
native_part,43,4243,dev_seen,26,0,26,26
native_part,43,8170,dev_seen,27,0,49,27
native_part,43,8187,dev_seen,27,3,49,27
native_part,43,8167,dev_seen,27,2,27,27
native_part,43,8198,dev_seen,27,1,27,27
native_part,43,8202,dev_seen,27,4,27,27
native_part,43,9895,dev_seen,28,2,28,28
native_part,43,9923,dev_seen,28,1,28,28
native_part,43,9898,dev_seen,28,0,28,28
native_part,43,9902,dev_seen,28,4,28,28
native_part,43,9933,dev_seen,28,3,28,48
native_part,43,5086,dev_seen,29,3,58,13
native_part,43,5087,dev_seen,29,4,29,29
native_part,43,5143,dev_seen,29,0,29,29
native_part,43,5131,dev_seen,29,1,29,29
native_part,43,5089,dev_seen,29,2,29,29
native_part,43,11076,dev_seen,30,2,30,30
native_part,43,11089,dev_seen,30,4,30,30
native_part,43,11075,dev_seen,30,1,30,30
native_part,43,11112,dev_seen,30,3,30,30
native_part,43,11109,dev_seen,30,0,30,30
native_part,43,2910,dev_seen,31,3,31,31
native_part,43,2928,dev_seen,31,2,31,31
native_part,43,2927,dev_seen,31,4,31,31
native_part,43,2905,dev_seen,31,1,31,31
native_part,43,2914,dev_seen,31,0,31,31
native_part,43,3591,dev_seen,32,4,10,32
native_part,43,3572,dev_seen,32,1,32,32
native_part,43,3564,dev_seen,32,3,32,32
native_part,43,3560,dev_seen,32,0,32,32
native_part,43,3561,dev_seen,32,2,34,34
native_part,43,3003,dev_seen,33,2,33,33
native_part,43,2999,dev_seen,33,1,33,33
native_part,43,2973,dev_seen,33,0,33,33
native_part,43,2994,dev_seen,33,3,33,33
native_part,43,2969,dev_seen,33,4,33,33
native_part,43,3739,dev_seen,34,1,10,10
native_part,43,3776,dev_seen,34,2,32,34
native_part,43,3756,dev_seen,34,3,34,34
native_part,43,3743,dev_seen,34,0,34,34
native_part,43,3757,dev_seen,34,4,32,32
native_part,43,11238,dev_seen,35,2,35,35
native_part,43,11206,dev_seen,35,0,35,35
native_part,43,11210,dev_seen,35,4,35,35
native_part,43,11240,dev_seen,35,1,35,35
native_part,43,11214,dev_seen,35,3,35,35
native_part,43,4278,dev_seen,36,1,36,36
native_part,43,4296,dev_seen,36,3,26,36
native_part,43,4303,dev_seen,36,2,36,36
native_part,43,4268,dev_seen,36,0,26,36
native_part,43,4269,dev_seen,36,4,36,36
native_part,43,2777,dev_seen,37,1,37,37
native_part,43,2797,dev_seen,37,3,37,37
native_part,43,2779,dev_seen,37,4,59,71
native_part,43,2823,dev_seen,37,0,37,37
native_part,43,2808,dev_seen,37,2,37,37
native_part,43,6290,dev_seen,38,4,38,38
native_part,43,6287,dev_seen,38,3,38,38
native_part,43,6291,dev_seen,38,2,38,38
native_part,43,6305,dev_seen,38,0,38,38
native_part,43,6309,dev_seen,38,1,38,38
native_part,43,4449,dev_seen,39,1,39,39
native_part,43,4478,dev_seen,39,0,39,39
native_part,43,4485,dev_seen,39,3,39,39
native_part,43,4490,dev_seen,39,2,39,39
native_part,43,4491,dev_seen,39,4,39,39
native_part,43,7298,dev_seen,40,4,64,64
native_part,43,7322,dev_seen,40,2,64,64
native_part,43,7274,dev_seen,40,0,51,40
native_part,43,7270,dev_seen,40,1,64,64
native_part,43,7278,dev_seen,40,3,40,40
native_part,43,15,dev_seen,41,0,42,41
native_part,43,49,dev_seen,41,3,41,41
native_part,43,42,dev_seen,41,4,41,41
native_part,43,41,dev_seen,41,1,42,41
native_part,43,2,dev_seen,41,2,42,41
native_part,43,137,dev_seen,42,4,42,42
native_part,43,127,dev_seen,42,3,42,42
native_part,43,125,dev_seen,42,0,42,42
native_part,43,122,dev_seen,42,1,42,42
native_part,43,136,dev_seen,42,2,42,42
native_part,43,6167,dev_seen,43,4,15,15
native_part,43,6184,dev_seen,43,2,43,43
native_part,43,6168,dev_seen,43,3,43,43
native_part,43,6186,dev_seen,43,0,43,43
native_part,43,6191,dev_seen,43,1,43,43
native_part,43,8661,dev_seen,44,2,44,44
native_part,43,8689,dev_seen,44,0,44,44
native_part,43,8671,dev_seen,44,4,44,44
native_part,43,8646,dev_seen,44,3,51,44
native_part,43,8701,dev_seen,44,1,44,44
native_part,43,716,dev_seen,45,4,45,45
native_part,43,677,dev_seen,45,2,45,45
native_part,43,699,dev_seen,45,3,45,45
native_part,43,667,dev_seen,45,1,45,45
native_part,43,685,dev_seen,45,0,45,45
native_part,43,4057,dev_seen,46,0,46,46
native_part,43,4018,dev_seen,46,4,46,46
native_part,43,4060,dev_seen,46,3,46,46
native_part,43,4066,dev_seen,46,1,46,46
native_part,43,4030,dev_seen,46,2,46,46
native_part,43,4346,dev_seen,47,1,47,47
native_part,43,4370,dev_seen,47,0,47,47
native_part,43,4355,dev_seen,47,2,47,47
native_part,43,4324,dev_seen,47,3,47,47
native_part,43,4331,dev_seen,47,4,47,47
native_part,43,9206,dev_seen,48,1,48,48
native_part,43,9209,dev_seen,48,4,48,48
native_part,43,9204,dev_seen,48,3,70,48
native_part,43,9228,dev_seen,48,0,73,48
native_part,43,9226,dev_seen,48,2,48,48
native_part,43,8151,dev_seen,49,2,49,49
native_part,43,8142,dev_seen,49,4,49,49
native_part,43,8115,dev_seen,49,0,49,49
native_part,43,8107,dev_seen,49,1,49,49
native_part,43,8121,dev_seen,49,3,49,49
native_part,43,9286,dev_unseen,50,1,50,50
native_part,43,9237,dev_unseen,50,0,50,50
native_part,43,9291,dev_unseen,50,4,50,50
native_part,43,9274,dev_unseen,50,4,50,50
native_part,43,9244,dev_unseen,50,3,44,44
native_part,43,9269,dev_unseen,50,1,50,50
native_part,43,9263,dev_unseen,50,2,50,50
native_part,43,9283,dev_unseen,50,2,50,50
native_part,43,9234,dev_unseen,50,3,50,50
native_part,43,9287,dev_unseen,50,0,50,50
native_part,43,7366,dev_unseen,51,2,51,17
native_part,43,7353,dev_unseen,51,4,17,17
native_part,43,7336,dev_unseen,51,1,63,40
native_part,43,7371,dev_unseen,51,0,64,64
native_part,43,7359,dev_unseen,51,2,51,51
native_part,43,7332,dev_unseen,51,3,50,40
native_part,43,7373,dev_unseen,51,0,64,40
native_part,43,7364,dev_unseen,51,3,64,64
native_part,43,7348,dev_unseen,51,1,17,17
native_part,43,7370,dev_unseen,51,4,17,40
native_part,43,250,dev_unseen,52,0,52,52
native_part,43,242,dev_unseen,52,2,52,52
native_part,43,268,dev_unseen,52,1,52,52
native_part,43,280,dev_unseen,52,1,52,52
native_part,43,243,dev_unseen,52,2,52,52
native_part,43,253,dev_unseen,52,4,52,52
native_part,43,249,dev_unseen,52,3,52,52
native_part,43,247,dev_unseen,52,0,52,52
native_part,43,274,dev_unseen,52,3,52,52
native_part,43,272,dev_unseen,52,4,52,52
native_part,43,7188,dev_unseen,53,3,40,40
native_part,43,7157,dev_unseen,53,3,64,64
native_part,43,7208,dev_unseen,53,4,63,63
native_part,43,7195,dev_unseen,53,4,63,40
native_part,43,7161,dev_unseen,53,0,64,64
native_part,43,7191,dev_unseen,53,0,64,64
native_part,43,7179,dev_unseen,53,1,64,63
native_part,43,7171,dev_unseen,53,2,64,64
native_part,43,7178,dev_unseen,53,2,64,64
native_part,43,7163,dev_unseen,53,1,64,40
native_part,43,6362,dev_unseen,54,2,54,54
native_part,43,6353,dev_unseen,54,0,54,18
native_part,43,6347,dev_unseen,54,0,54,54
native_part,43,6339,dev_unseen,54,1,50,55
native_part,43,6373,dev_unseen,54,4,44,54
native_part,43,6345,dev_unseen,54,3,54,54
native_part,43,6335,dev_unseen,54,3,54,54
native_part,43,6363,dev_unseen,54,1,54,56
native_part,43,6350,dev_unseen,54,4,54,54
native_part,43,6336,dev_unseen,54,2,54,54
native_part,43,5726,dev_unseen,55,3,55,55
native_part,43,5688,dev_unseen,55,0,39,39
native_part,43,5695,dev_unseen,55,0,55,55
native_part,43,5724,dev_unseen,55,4,56,55
native_part,43,5727,dev_unseen,55,2,55,55
native_part,43,5733,dev_unseen,55,1,28,55
native_part,43,5743,dev_unseen,55,1,55,55
native_part,43,5698,dev_unseen,55,3,55,55
native_part,43,5705,dev_unseen,55,2,55,55
native_part,43,5713,dev_unseen,55,4,50,13
native_part,43,631,dev_unseen,56,0,56,56
native_part,43,620,dev_unseen,56,2,56,56
native_part,43,647,dev_unseen,56,4,56,56
native_part,43,657,dev_unseen,56,3,56,56
native_part,43,607,dev_unseen,56,4,56,56
native_part,43,655,dev_unseen,56,1,56,56
native_part,43,641,dev_unseen,56,0,50,13
native_part,43,652,dev_unseen,56,3,56,56
native_part,43,611,dev_unseen,56,1,56,56
native_part,43,642,dev_unseen,56,2,56,56
native_part,43,3023,dev_unseen,57,2,57,57
native_part,43,3036,dev_unseen,57,2,57,57
native_part,43,3038,dev_unseen,57,4,57,57
native_part,43,3043,dev_unseen,57,0,57,57
native_part,43,3028,dev_unseen,57,1,57,57
native_part,43,3027,dev_unseen,57,3,57,57
native_part,43,3041,dev_unseen,57,0,57,57
native_part,43,3024,dev_unseen,57,1,57,57
native_part,43,3033,dev_unseen,57,3,57,57
native_part,43,3014,dev_unseen,57,4,57,57
native_part,43,2762,dev_unseen,58,3,58,58
native_part,43,2757,dev_unseen,58,4,58,58
native_part,43,2745,dev_unseen,58,2,58,58
native_part,43,2721,dev_unseen,58,3,58,58
native_part,43,2759,dev_unseen,58,4,58,58
native_part,43,2739,dev_unseen,58,0,53,44
native_part,43,2754,dev_unseen,58,1,58,58
native_part,43,2720,dev_unseen,58,0,58,58
native_part,43,2724,dev_unseen,58,1,58,58
native_part,43,2732,dev_unseen,58,2,58,58
native_part,43,1455,dev_unseen,59,4,59,71
native_part,43,1445,dev_unseen,59,0,59,71
native_part,43,1414,dev_unseen,59,2,59,59
native_part,43,1447,dev_unseen,59,4,59,59
native_part,43,1461,dev_unseen,59,0,59,59
native_part,43,1405,dev_unseen,59,3,59,59
native_part,43,1426,dev_unseen,59,3,59,59
native_part,43,1458,dev_unseen,59,1,4,4
native_part,43,1460,dev_unseen,59,1,59,59
native_part,43,1418,dev_unseen,59,2,59,4
native_part,43,5458,dev_unseen,60,1,60,60
native_part,43,5492,dev_unseen,60,3,60,60
native_part,43,5500,dev_unseen,60,2,60,60
native_part,43,5472,dev_unseen,60,4,60,60
native_part,43,5465,dev_unseen,60,0,60,60
native_part,43,5482,dev_unseen,60,0,60,60
native_part,43,5461,dev_unseen,60,1,60,60
native_part,43,5454,dev_unseen,60,2,60,60
native_part,43,5460,dev_unseen,60,4,60,60
native_part,43,5462,dev_unseen,60,3,60,60
native_part,43,1029,dev_unseen,61,4,61,61
native_part,43,1042,dev_unseen,61,0,61,61
native_part,43,1026,dev_unseen,61,3,61,61
native_part,43,1023,dev_unseen,61,2,61,61
native_part,43,1040,dev_unseen,61,0,61,61
native_part,43,1048,dev_unseen,61,2,61,61
native_part,43,1032,dev_unseen,61,1,61,61
native_part,43,1004,dev_unseen,61,3,61,61
native_part,43,1000,dev_unseen,61,1,61,61
native_part,43,1053,dev_unseen,61,4,61,61
native_part,43,10034,dev_unseen,62,4,70,70
native_part,43,10038,dev_unseen,62,1,50,62
native_part,43,10066,dev_unseen,62,3,18,18
native_part,43,10020,dev_unseen,62,0,62,62
native_part,43,10013,dev_unseen,62,1,28,28
native_part,43,10009,dev_unseen,62,3,28,28
native_part,43,10060,dev_unseen,62,4,17,28
native_part,43,10015,dev_unseen,62,2,70,70
native_part,43,10019,dev_unseen,62,0,50,50
native_part,43,10050,dev_unseen,62,2,62,70
native_part,43,7045,dev_unseen,63,0,17,64
native_part,43,7082,dev_unseen,63,2,63,63
native_part,43,7070,dev_unseen,63,3,64,64
native_part,43,7059,dev_unseen,63,3,51,63
native_part,43,7050,dev_unseen,63,1,63,63
native_part,43,7039,dev_unseen,63,2,63,63
native_part,43,7042,dev_unseen,63,4,63,63
native_part,43,7079,dev_unseen,63,1,63,63
native_part,43,7044,dev_unseen,63,0,63,64
native_part,43,7052,dev_unseen,63,4,51,7
native_part,43,7438,dev_unseen,64,0,64,64
native_part,43,7412,dev_unseen,64,3,64,64
native_part,43,7411,dev_unseen,64,0,64,64
native_part,43,7439,dev_unseen,64,4,63,63
native_part,43,7402,dev_unseen,64,1,64,64
native_part,43,7444,dev_unseen,64,1,64,64
native_part,43,7392,dev_unseen,64,3,64,64
native_part,43,7420,dev_unseen,64,2,64,63
native_part,43,7393,dev_unseen,64,2,64,64
native_part,43,7410,dev_unseen,64,4,64,64
native_part,43,11006,dev_unseen,65,1,65,65
native_part,43,10966,dev_unseen,65,2,65,65
native_part,43,10964,dev_unseen,65,0,65,65
native_part,43,10997,dev_unseen,65,1,65,65
native_part,43,10988,dev_unseen,65,4,65,65
native_part,43,11009,dev_unseen,65,2,65,65
native_part,43,10968,dev_unseen,65,3,65,65
native_part,43,10982,dev_unseen,65,3,65,65
native_part,43,10992,dev_unseen,65,0,65,65
native_part,43,10969,dev_unseen,65,4,65,65
native_part,43,5844,dev_unseen,66,1,66,66
native_part,43,5835,dev_unseen,66,1,66,66
native_part,43,5842,dev_unseen,66,3,66,66
native_part,43,5841,dev_unseen,66,3,66,66
native_part,43,5830,dev_unseen,66,0,66,66
native_part,43,5831,dev_unseen,66,4,66,66
native_part,43,5819,dev_unseen,66,0,66,66
native_part,43,5839,dev_unseen,66,2,66,66
native_part,43,5824,dev_unseen,66,2,66,66
native_part,43,5834,dev_unseen,66,4,66,66
native_part,43,4520,dev_unseen,67,4,67,67
native_part,43,4551,dev_unseen,67,1,67,67
native_part,43,4541,dev_unseen,67,4,67,67
native_part,43,4531,dev_unseen,67,0,67,67
native_part,43,4521,dev_unseen,67,1,12,12
native_part,43,4510,dev_unseen,67,3,67,67
native_part,43,4494,dev_unseen,67,3,67,67
native_part,43,4530,dev_unseen,67,2,67,67
native_part,43,4549,dev_unseen,67,0,67,67
native_part,43,4529,dev_unseen,67,2,67,67
native_part,43,7120,dev_unseen,68,3,53,53
native_part,43,7090,dev_unseen,68,1,63,63
native_part,43,7136,dev_unseen,68,4,50,17
native_part,43,7142,dev_unseen,68,0,17,53
native_part,43,7108,dev_unseen,68,3,17,7
native_part,43,7106,dev_unseen,68,0,51,68
native_part,43,7147,dev_unseen,68,2,17,17
native_part,43,7143,dev_unseen,68,2,17,17
native_part,43,7111,dev_unseen,68,1,17,64
native_part,43,7123,dev_unseen,68,4,17,17
native_part,43,11668,dev_unseen,69,2,69,0
native_part,43,11621,dev_unseen,69,3,69,69
native_part,43,11666,dev_unseen,69,0,0,0
native_part,43,11610,dev_unseen,69,0,69,69
native_part,43,11634,dev_unseen,69,1,69,69
native_part,43,11660,dev_unseen,69,4,69,69
native_part,43,11612,dev_unseen,69,2,69,69
native_part,43,11652,dev_unseen,69,4,69,69
native_part,43,11636,dev_unseen,69,3,69,69
native_part,43,11657,dev_unseen,69,1,69,69
native_part,43,9653,dev_unseen,70,4,70,70
native_part,43,9671,dev_unseen,70,0,70,70
native_part,43,9710,dev_unseen,70,2,7,7
native_part,43,9691,dev_unseen,70,3,70,70
native_part,43,9664,dev_unseen,70,1,70,70
native_part,43,9677,dev_unseen,70,4,70,70
native_part,43,9685,dev_unseen,70,1,70,70
native_part,43,9657,dev_unseen,70,0,70,70
native_part,43,9675,dev_unseen,70,3,70,70
native_part,43,9680,dev_unseen,70,2,70,70
native_part,43,3117,dev_unseen,71,1,71,71
native_part,43,3082,dev_unseen,71,3,71,71
native_part,43,3095,dev_unseen,71,1,71,71
native_part,43,3125,dev_unseen,71,2,71,71
native_part,43,3109,dev_unseen,71,0,71,71
native_part,43,3089,dev_unseen,71,4,71,71
native_part,43,3123,dev_unseen,71,3,71,71
native_part,43,3120,dev_unseen,71,0,71,71
native_part,43,3119,dev_unseen,71,2,71,71
native_part,43,3103,dev_unseen,71,4,71,71
native_part,43,6000,dev_unseen,72,3,67,67
native_part,43,5977,dev_unseen,72,1,67,11
native_part,43,6023,dev_unseen,72,3,67,39
native_part,43,6026,dev_unseen,72,4,11,11
native_part,43,6028,dev_unseen,72,0,67,39
native_part,43,5981,dev_unseen,72,2,11,11
native_part,43,5994,dev_unseen,72,2,67,11
native_part,43,6017,dev_unseen,72,1,11,11
native_part,43,5992,dev_unseen,72,0,67,11
native_part,43,5979,dev_unseen,72,4,72,72
native_part,43,9857,dev_unseen,73,4,13,13
native_part,43,9840,dev_unseen,73,3,73,73
native_part,43,9844,dev_unseen,73,4,13,13
native_part,43,9852,dev_unseen,73,1,13,13
native_part,43,9834,dev_unseen,73,0,73,73
native_part,43,9859,dev_unseen,73,1,73,73
native_part,43,9880,dev_unseen,73,3,73,73
native_part,43,9882,dev_unseen,73,2,28,13
native_part,43,9833,dev_unseen,73,0,13,13
native_part,43,9881,dev_unseen,73,2,73,73
native_part,43,879,dev_unseen,74,3,74,74
native_part,43,853,dev_unseen,74,0,74,74
native_part,43,873,dev_unseen,74,4,74,74
native_part,43,862,dev_unseen,74,2,74,74
native_part,43,855,dev_unseen,74,1,74,74
native_part,43,841,dev_unseen,74,1,47,47
native_part,43,871,dev_unseen,74,4,74,74
native_part,43,865,dev_unseen,74,3,74,74
native_part,43,874,dev_unseen,74,0,74,74
native_part,43,857,dev_unseen,74,2,74,74
native_part,44,11529,dev_seen,0,4,3,3
native_part,44,11493,dev_seen,0,1,0,0
native_part,44,11498,dev_seen,0,3,0,0
native_part,44,11517,dev_seen,0,0,0,0
native_part,44,11490,dev_seen,0,2,0,0
native_part,44,9315,dev_seen,1,1,1,1
native_part,44,9305,dev_seen,1,3,1,1
native_part,44,9337,dev_seen,1,2,1,1
native_part,44,9307,dev_seen,1,0,1,1
native_part,44,9336,dev_seen,1,4,1,1
native_part,44,5008,dev_seen,2,1,2,2
native_part,44,4968,dev_seen,2,4,57,57
native_part,44,4969,dev_seen,2,3,2,2
native_part,44,5020,dev_seen,2,2,2,2
native_part,44,4972,dev_seen,2,0,2,2
native_part,44,11604,dev_seen,3,0,3,3
native_part,44,11555,dev_seen,3,2,17,3
native_part,44,11552,dev_seen,3,3,3,3
native_part,44,11557,dev_seen,3,4,3,3
native_part,44,11606,dev_seen,3,1,3,3
native_part,44,469,dev_seen,4,3,59,59
native_part,44,444,dev_seen,4,4,37,4
native_part,44,470,dev_seen,4,2,59,59
native_part,44,441,dev_seen,4,1,20,20
native_part,44,429,dev_seen,4,0,4,4
native_part,44,3608,dev_seen,5,2,5,5
native_part,44,3650,dev_seen,5,4,5,5
native_part,44,3618,dev_seen,5,1,5,5
native_part,44,3609,dev_seen,5,0,5,5
native_part,44,3614,dev_seen,5,3,5,5
native_part,44,1595,dev_seen,6,2,6,6
native_part,44,1589,dev_seen,6,3,20,20
native_part,44,1603,dev_seen,6,0,38,8
native_part,44,1632,dev_seen,6,1,20,6
native_part,44,1587,dev_seen,6,4,6,6
native_part,44,7619,dev_seen,7,1,17,7
native_part,44,7608,dev_seen,7,2,17,7
native_part,44,7570,dev_seen,7,3,7,7
native_part,44,7610,dev_seen,7,4,40,40
native_part,44,7569,dev_seen,7,0,7,7
native_part,44,6235,dev_seen,8,3,6,6
native_part,44,6243,dev_seen,8,4,20,20
native_part,44,6250,dev_seen,8,1,38,38
native_part,44,6220,dev_seen,8,2,20,20
native_part,44,6228,dev_seen,8,0,8,8
native_part,44,10440,dev_seen,9,0,9,9
native_part,44,10451,dev_seen,9,4,9,9
native_part,44,10459,dev_seen,9,1,9,9
native_part,44,10460,dev_seen,9,2,17,9
native_part,44,10428,dev_seen,9,3,62,9
native_part,44,3375,dev_seen,10,1,32,10
native_part,44,3389,dev_seen,10,2,10,10
native_part,44,3412,dev_seen,10,0,34,10
native_part,44,3396,dev_seen,10,4,10,10
native_part,44,3422,dev_seen,10,3,32,32
native_part,44,5960,dev_seen,11,1,11,11
native_part,44,5919,dev_seen,11,4,11,11
native_part,44,5935,dev_seen,11,3,11,11
native_part,44,5967,dev_seen,11,0,11,11
native_part,44,5968,dev_seen,11,2,67,67
native_part,44,8755,dev_seen,12,0,12,12
native_part,44,8738,dev_seen,12,3,12,12
native_part,44,8761,dev_seen,12,2,12,12
native_part,44,8704,dev_seen,12,4,12,12
native_part,44,8734,dev_seen,12,1,12,12
native_part,44,11731,dev_seen,13,2,13,13
native_part,44,11746,dev_seen,13,3,13,13
native_part,44,11781,dev_seen,13,0,13,13
native_part,44,11762,dev_seen,13,1,13,13
native_part,44,11787,dev_seen,13,4,13,13
native_part,44,7883,dev_seen,14,1,14,14
native_part,44,7905,dev_seen,14,3,14,14
native_part,44,7885,dev_seen,14,2,14,14
native_part,44,7902,dev_seen,14,4,14,14
native_part,44,7875,dev_seen,14,0,14,14
native_part,44,393,dev_seen,15,4,25,15
native_part,44,417,dev_seen,15,3,15,15
native_part,44,392,dev_seen,15,2,52,15
native_part,44,406,dev_seen,15,0,15,15
native_part,44,409,dev_seen,15,1,15,52
native_part,44,4653,dev_seen,16,1,16,16
native_part,44,4665,dev_seen,16,3,16,16
native_part,44,4669,dev_seen,16,0,16,16
native_part,44,4621,dev_seen,16,2,16,16
native_part,44,4646,dev_seen,16,4,16,16
native_part,44,6943,dev_seen,17,3,17,17
native_part,44,6945,dev_seen,17,2,17,17
native_part,44,6927,dev_seen,17,0,17,17
native_part,44,6918,dev_seen,17,4,17,17
native_part,44,6950,dev_seen,17,1,17,17
native_part,44,9719,dev_seen,18,4,18,18
native_part,44,9747,dev_seen,18,1,18,18
native_part,44,9736,dev_seen,18,0,18,18
native_part,44,9740,dev_seen,18,2,18,18
native_part,44,9764,dev_seen,18,3,18,18
native_part,44,9019,dev_seen,19,0,19,19
native_part,44,9022,dev_seen,19,2,70,19
native_part,44,9036,dev_seen,19,1,19,19
native_part,44,9020,dev_seen,19,3,19,19
native_part,44,9002,dev_seen,19,4,70,19
native_part,44,1675,dev_seen,20,4,37,37
native_part,44,1691,dev_seen,20,0,20,6
native_part,44,1690,dev_seen,20,3,20,6
native_part,44,1668,dev_seen,20,2,8,8
native_part,44,1680,dev_seen,20,1,20,20
native_part,44,907,dev_seen,21,3,21,21
native_part,44,910,dev_seen,21,4,21,21
native_part,44,926,dev_seen,21,0,21,21
native_part,44,916,dev_seen,21,2,21,21
native_part,44,929,dev_seen,21,1,21,21
native_part,44,3286,dev_seen,22,4,22,22
native_part,44,3293,dev_seen,22,0,22,22
native_part,44,3271,dev_seen,22,3,22,22
native_part,44,3265,dev_seen,22,1,22,22
native_part,44,3277,dev_seen,22,2,22,22
native_part,44,4868,dev_seen,23,2,23,23
native_part,44,4876,dev_seen,23,1,23,23
native_part,44,4857,dev_seen,23,3,23,23
native_part,44,4899,dev_seen,23,4,23,23
native_part,44,4860,dev_seen,23,0,23,23
native_part,44,9371,dev_seen,24,1,24,24
native_part,44,9408,dev_seen,24,0,24,24
native_part,44,9393,dev_seen,24,2,24,24
native_part,44,9359,dev_seen,24,3,24,24
native_part,44,9367,dev_seen,24,4,24,24
native_part,44,324,dev_seen,25,0,25,25
native_part,44,347,dev_seen,25,1,25,25
native_part,44,339,dev_seen,25,4,52,25
native_part,44,331,dev_seen,25,2,52,25
native_part,44,364,dev_seen,25,3,25,25
native_part,44,4242,dev_seen,26,1,26,26
native_part,44,4233,dev_seen,26,3,26,26
native_part,44,4230,dev_seen,26,2,26,26
native_part,44,4208,dev_seen,26,4,26,26
native_part,44,4243,dev_seen,26,0,26,26
native_part,44,8170,dev_seen,27,0,49,27
native_part,44,8187,dev_seen,27,3,49,27
native_part,44,8167,dev_seen,27,2,27,27
native_part,44,8198,dev_seen,27,1,27,27
native_part,44,8202,dev_seen,27,4,27,27
native_part,44,9895,dev_seen,28,2,28,28
native_part,44,9923,dev_seen,28,1,28,28
native_part,44,9898,dev_seen,28,0,28,28
native_part,44,9902,dev_seen,28,4,28,28
native_part,44,9933,dev_seen,28,3,28,48
native_part,44,5086,dev_seen,29,3,58,13
native_part,44,5087,dev_seen,29,4,29,29
native_part,44,5143,dev_seen,29,0,29,29
native_part,44,5131,dev_seen,29,1,29,29
native_part,44,5089,dev_seen,29,2,29,29
native_part,44,11076,dev_seen,30,2,30,30
native_part,44,11089,dev_seen,30,4,30,30
native_part,44,11075,dev_seen,30,1,30,30
native_part,44,11112,dev_seen,30,3,30,30
native_part,44,11109,dev_seen,30,0,30,30
native_part,44,2910,dev_seen,31,3,31,31
native_part,44,2928,dev_seen,31,2,31,31
native_part,44,2927,dev_seen,31,4,31,31
native_part,44,2905,dev_seen,31,1,31,31
native_part,44,2914,dev_seen,31,0,31,31
native_part,44,3591,dev_seen,32,4,10,32
native_part,44,3572,dev_seen,32,1,32,32
native_part,44,3564,dev_seen,32,3,32,32
native_part,44,3560,dev_seen,32,0,32,32
native_part,44,3561,dev_seen,32,2,34,34
native_part,44,3003,dev_seen,33,2,33,33
native_part,44,2999,dev_seen,33,1,33,33
native_part,44,2973,dev_seen,33,0,33,33
native_part,44,2994,dev_seen,33,3,33,33
native_part,44,2969,dev_seen,33,4,33,33
native_part,44,3739,dev_seen,34,1,10,10
native_part,44,3776,dev_seen,34,2,32,34
native_part,44,3756,dev_seen,34,3,34,34
native_part,44,3743,dev_seen,34,0,34,34
native_part,44,3757,dev_seen,34,4,32,32
native_part,44,11238,dev_seen,35,2,35,35
native_part,44,11206,dev_seen,35,0,35,35
native_part,44,11210,dev_seen,35,4,35,35
native_part,44,11240,dev_seen,35,1,35,35
native_part,44,11214,dev_seen,35,3,35,35
native_part,44,4278,dev_seen,36,1,36,36
native_part,44,4296,dev_seen,36,3,26,36
native_part,44,4303,dev_seen,36,2,36,36
native_part,44,4268,dev_seen,36,0,26,36
native_part,44,4269,dev_seen,36,4,36,36
native_part,44,2777,dev_seen,37,1,37,37
native_part,44,2797,dev_seen,37,3,37,37
native_part,44,2779,dev_seen,37,4,59,71
native_part,44,2823,dev_seen,37,0,37,37
native_part,44,2808,dev_seen,37,2,37,37
native_part,44,6290,dev_seen,38,4,38,38
native_part,44,6287,dev_seen,38,3,38,38
native_part,44,6291,dev_seen,38,2,38,38
native_part,44,6305,dev_seen,38,0,38,38
native_part,44,6309,dev_seen,38,1,38,38
native_part,44,4449,dev_seen,39,1,39,39
native_part,44,4478,dev_seen,39,0,39,39
native_part,44,4485,dev_seen,39,3,39,39
native_part,44,4490,dev_seen,39,2,39,39
native_part,44,4491,dev_seen,39,4,39,39
native_part,44,7298,dev_seen,40,4,64,64
native_part,44,7322,dev_seen,40,2,64,64
native_part,44,7274,dev_seen,40,0,51,40
native_part,44,7270,dev_seen,40,1,64,64
native_part,44,7278,dev_seen,40,3,40,40
native_part,44,15,dev_seen,41,0,42,41
native_part,44,49,dev_seen,41,3,41,41
native_part,44,42,dev_seen,41,4,41,41
native_part,44,41,dev_seen,41,1,42,41
native_part,44,2,dev_seen,41,2,42,41
native_part,44,137,dev_seen,42,4,42,42
native_part,44,127,dev_seen,42,3,42,42
native_part,44,125,dev_seen,42,0,42,42
native_part,44,122,dev_seen,42,1,42,42
native_part,44,136,dev_seen,42,2,42,42
native_part,44,6167,dev_seen,43,4,15,15
native_part,44,6184,dev_seen,43,2,43,43
native_part,44,6168,dev_seen,43,3,43,43
native_part,44,6186,dev_seen,43,0,43,43
native_part,44,6191,dev_seen,43,1,43,43
native_part,44,8661,dev_seen,44,2,44,44
native_part,44,8689,dev_seen,44,0,44,44
native_part,44,8671,dev_seen,44,4,44,44
native_part,44,8646,dev_seen,44,3,51,44
native_part,44,8701,dev_seen,44,1,44,44
native_part,44,716,dev_seen,45,4,45,45
native_part,44,677,dev_seen,45,2,45,45
native_part,44,699,dev_seen,45,3,45,45
native_part,44,667,dev_seen,45,1,45,45
native_part,44,685,dev_seen,45,0,45,45
native_part,44,4057,dev_seen,46,0,46,46
native_part,44,4018,dev_seen,46,4,46,46
native_part,44,4060,dev_seen,46,3,46,46
native_part,44,4066,dev_seen,46,1,46,46
native_part,44,4030,dev_seen,46,2,46,46
native_part,44,4346,dev_seen,47,1,47,47
native_part,44,4370,dev_seen,47,0,47,47
native_part,44,4355,dev_seen,47,2,47,47
native_part,44,4324,dev_seen,47,3,47,47
native_part,44,4331,dev_seen,47,4,47,47
native_part,44,9206,dev_seen,48,1,48,48
native_part,44,9209,dev_seen,48,4,48,48
native_part,44,9204,dev_seen,48,3,70,48
native_part,44,9228,dev_seen,48,0,73,73
native_part,44,9226,dev_seen,48,2,48,48
native_part,44,8151,dev_seen,49,2,49,49
native_part,44,8142,dev_seen,49,4,49,49
native_part,44,8115,dev_seen,49,0,49,49
native_part,44,8107,dev_seen,49,1,49,49
native_part,44,8121,dev_seen,49,3,49,49
native_part,44,9286,dev_unseen,50,1,50,50
native_part,44,9237,dev_unseen,50,0,50,50
native_part,44,9291,dev_unseen,50,4,50,22
native_part,44,9274,dev_unseen,50,4,50,50
native_part,44,9244,dev_unseen,50,3,44,50
native_part,44,9269,dev_unseen,50,1,50,50
native_part,44,9263,dev_unseen,50,2,50,50
native_part,44,9283,dev_unseen,50,2,50,50
native_part,44,9234,dev_unseen,50,3,50,50
native_part,44,9287,dev_unseen,50,0,50,50
native_part,44,7366,dev_unseen,51,2,51,17
native_part,44,7353,dev_unseen,51,4,17,17
native_part,44,7336,dev_unseen,51,1,63,40
native_part,44,7371,dev_unseen,51,0,64,64
native_part,44,7359,dev_unseen,51,2,51,51
native_part,44,7332,dev_unseen,51,3,50,40
native_part,44,7373,dev_unseen,51,0,64,40
native_part,44,7364,dev_unseen,51,3,64,64
native_part,44,7348,dev_unseen,51,1,17,17
native_part,44,7370,dev_unseen,51,4,17,40
native_part,44,250,dev_unseen,52,0,52,52
native_part,44,242,dev_unseen,52,2,52,52
native_part,44,268,dev_unseen,52,1,52,52
native_part,44,280,dev_unseen,52,1,52,52
native_part,44,243,dev_unseen,52,2,52,52
native_part,44,253,dev_unseen,52,4,52,52
native_part,44,249,dev_unseen,52,3,52,52
native_part,44,247,dev_unseen,52,0,52,52
native_part,44,274,dev_unseen,52,3,52,52
native_part,44,272,dev_unseen,52,4,52,52
native_part,44,7188,dev_unseen,53,3,40,40
native_part,44,7157,dev_unseen,53,3,64,64
native_part,44,7208,dev_unseen,53,4,63,63
native_part,44,7195,dev_unseen,53,4,63,40
native_part,44,7161,dev_unseen,53,0,64,64
native_part,44,7191,dev_unseen,53,0,64,64
native_part,44,7179,dev_unseen,53,1,64,63
native_part,44,7171,dev_unseen,53,2,64,64
native_part,44,7178,dev_unseen,53,2,64,64
native_part,44,7163,dev_unseen,53,1,64,40
native_part,44,6362,dev_unseen,54,2,54,54
native_part,44,6353,dev_unseen,54,0,54,18
native_part,44,6347,dev_unseen,54,0,54,54
native_part,44,6339,dev_unseen,54,1,50,55
native_part,44,6373,dev_unseen,54,4,44,54
native_part,44,6345,dev_unseen,54,3,54,54
native_part,44,6335,dev_unseen,54,3,54,54
native_part,44,6363,dev_unseen,54,1,54,56
native_part,44,6350,dev_unseen,54,4,54,54
native_part,44,6336,dev_unseen,54,2,54,54
native_part,44,5726,dev_unseen,55,3,55,55
native_part,44,5688,dev_unseen,55,0,39,39
native_part,44,5695,dev_unseen,55,0,55,55
native_part,44,5724,dev_unseen,55,4,56,55
native_part,44,5727,dev_unseen,55,2,55,55
native_part,44,5733,dev_unseen,55,1,28,55
native_part,44,5743,dev_unseen,55,1,55,55
native_part,44,5698,dev_unseen,55,3,55,55
native_part,44,5705,dev_unseen,55,2,55,55
native_part,44,5713,dev_unseen,55,4,50,13
native_part,44,631,dev_unseen,56,0,56,56
native_part,44,620,dev_unseen,56,2,56,56
native_part,44,647,dev_unseen,56,4,56,56
native_part,44,657,dev_unseen,56,3,56,56
native_part,44,607,dev_unseen,56,4,56,56
native_part,44,655,dev_unseen,56,1,56,56
native_part,44,641,dev_unseen,56,0,50,13
native_part,44,652,dev_unseen,56,3,56,56
native_part,44,611,dev_unseen,56,1,56,56
native_part,44,642,dev_unseen,56,2,56,56
native_part,44,3023,dev_unseen,57,2,57,57
native_part,44,3036,dev_unseen,57,2,57,57
native_part,44,3038,dev_unseen,57,4,57,57
native_part,44,3043,dev_unseen,57,0,57,57
native_part,44,3028,dev_unseen,57,1,57,57
native_part,44,3027,dev_unseen,57,3,57,57
native_part,44,3041,dev_unseen,57,0,57,57
native_part,44,3024,dev_unseen,57,1,57,57
native_part,44,3033,dev_unseen,57,3,57,57
native_part,44,3014,dev_unseen,57,4,57,57
native_part,44,2762,dev_unseen,58,3,58,58
native_part,44,2757,dev_unseen,58,4,58,58
native_part,44,2745,dev_unseen,58,2,58,58
native_part,44,2721,dev_unseen,58,3,58,58
native_part,44,2759,dev_unseen,58,4,58,58
native_part,44,2739,dev_unseen,58,0,53,44
native_part,44,2754,dev_unseen,58,1,58,58
native_part,44,2720,dev_unseen,58,0,58,58
native_part,44,2724,dev_unseen,58,1,58,58
native_part,44,2732,dev_unseen,58,2,58,58
native_part,44,1455,dev_unseen,59,4,59,71
native_part,44,1445,dev_unseen,59,0,59,71
native_part,44,1414,dev_unseen,59,2,59,59
native_part,44,1447,dev_unseen,59,4,59,59
native_part,44,1461,dev_unseen,59,0,59,59
native_part,44,1405,dev_unseen,59,3,59,59
native_part,44,1426,dev_unseen,59,3,59,59
native_part,44,1458,dev_unseen,59,1,4,4
native_part,44,1460,dev_unseen,59,1,59,59
native_part,44,1418,dev_unseen,59,2,59,4
native_part,44,5458,dev_unseen,60,1,60,60
native_part,44,5492,dev_unseen,60,3,60,60
native_part,44,5500,dev_unseen,60,2,60,60
native_part,44,5472,dev_unseen,60,4,60,60
native_part,44,5465,dev_unseen,60,0,60,60
native_part,44,5482,dev_unseen,60,0,60,60
native_part,44,5461,dev_unseen,60,1,60,60
native_part,44,5454,dev_unseen,60,2,60,60
native_part,44,5460,dev_unseen,60,4,60,60
native_part,44,5462,dev_unseen,60,3,60,60
native_part,44,1029,dev_unseen,61,4,61,61
native_part,44,1042,dev_unseen,61,0,61,61
native_part,44,1026,dev_unseen,61,3,61,61
native_part,44,1023,dev_unseen,61,2,61,61
native_part,44,1040,dev_unseen,61,0,61,61
native_part,44,1048,dev_unseen,61,2,61,61
native_part,44,1032,dev_unseen,61,1,61,61
native_part,44,1004,dev_unseen,61,3,61,61
native_part,44,1000,dev_unseen,61,1,61,61
native_part,44,1053,dev_unseen,61,4,61,61
native_part,44,10034,dev_unseen,62,4,70,70
native_part,44,10038,dev_unseen,62,1,50,62
native_part,44,10066,dev_unseen,62,3,18,28
native_part,44,10020,dev_unseen,62,0,62,62
native_part,44,10013,dev_unseen,62,1,28,28
native_part,44,10009,dev_unseen,62,3,28,28
native_part,44,10060,dev_unseen,62,4,17,28
native_part,44,10015,dev_unseen,62,2,70,70
native_part,44,10019,dev_unseen,62,0,50,62
native_part,44,10050,dev_unseen,62,2,62,70
native_part,44,7045,dev_unseen,63,0,17,64
native_part,44,7082,dev_unseen,63,2,63,63
native_part,44,7070,dev_unseen,63,3,64,64
native_part,44,7059,dev_unseen,63,3,51,63
native_part,44,7050,dev_unseen,63,1,63,63
native_part,44,7039,dev_unseen,63,2,63,63
native_part,44,7042,dev_unseen,63,4,63,63
native_part,44,7079,dev_unseen,63,1,63,63
native_part,44,7044,dev_unseen,63,0,63,64
native_part,44,7052,dev_unseen,63,4,51,7
native_part,44,7438,dev_unseen,64,0,64,64
native_part,44,7412,dev_unseen,64,3,64,64
native_part,44,7411,dev_unseen,64,0,64,64
native_part,44,7439,dev_unseen,64,4,63,63
native_part,44,7402,dev_unseen,64,1,64,64
native_part,44,7444,dev_unseen,64,1,64,64
native_part,44,7392,dev_unseen,64,3,64,64
native_part,44,7420,dev_unseen,64,2,64,63
native_part,44,7393,dev_unseen,64,2,64,64
native_part,44,7410,dev_unseen,64,4,64,64
native_part,44,11006,dev_unseen,65,1,65,65
native_part,44,10966,dev_unseen,65,2,65,65
native_part,44,10964,dev_unseen,65,0,65,65
native_part,44,10997,dev_unseen,65,1,65,65
native_part,44,10988,dev_unseen,65,4,65,65
native_part,44,11009,dev_unseen,65,2,65,65
native_part,44,10968,dev_unseen,65,3,65,65
native_part,44,10982,dev_unseen,65,3,65,65
native_part,44,10992,dev_unseen,65,0,65,65
native_part,44,10969,dev_unseen,65,4,65,65
native_part,44,5844,dev_unseen,66,1,66,66
native_part,44,5835,dev_unseen,66,1,66,66
native_part,44,5842,dev_unseen,66,3,66,66
native_part,44,5841,dev_unseen,66,3,66,66
native_part,44,5830,dev_unseen,66,0,66,66
native_part,44,5831,dev_unseen,66,4,66,66
native_part,44,5819,dev_unseen,66,0,66,66
native_part,44,5839,dev_unseen,66,2,66,66
native_part,44,5824,dev_unseen,66,2,66,66
native_part,44,5834,dev_unseen,66,4,66,66
native_part,44,4520,dev_unseen,67,4,67,67
native_part,44,4551,dev_unseen,67,1,67,67
native_part,44,4541,dev_unseen,67,4,67,67
native_part,44,4531,dev_unseen,67,0,67,67
native_part,44,4521,dev_unseen,67,1,12,12
native_part,44,4510,dev_unseen,67,3,67,67
native_part,44,4494,dev_unseen,67,3,67,67
native_part,44,4530,dev_unseen,67,2,67,67
native_part,44,4549,dev_unseen,67,0,67,67
native_part,44,4529,dev_unseen,67,2,67,67
native_part,44,7120,dev_unseen,68,3,53,53
native_part,44,7090,dev_unseen,68,1,63,63
native_part,44,7136,dev_unseen,68,4,50,17
native_part,44,7142,dev_unseen,68,0,17,53
native_part,44,7108,dev_unseen,68,3,17,7
native_part,44,7106,dev_unseen,68,0,51,68
native_part,44,7147,dev_unseen,68,2,17,17
native_part,44,7143,dev_unseen,68,2,17,17
native_part,44,7111,dev_unseen,68,1,17,64
native_part,44,7123,dev_unseen,68,4,17,17
native_part,44,11668,dev_unseen,69,2,69,0
native_part,44,11621,dev_unseen,69,3,69,69
native_part,44,11666,dev_unseen,69,0,0,0
native_part,44,11610,dev_unseen,69,0,69,69
native_part,44,11634,dev_unseen,69,1,69,69
native_part,44,11660,dev_unseen,69,4,69,69
native_part,44,11612,dev_unseen,69,2,69,69
native_part,44,11652,dev_unseen,69,4,69,69
native_part,44,11636,dev_unseen,69,3,69,69
native_part,44,11657,dev_unseen,69,1,69,69
native_part,44,9653,dev_unseen,70,4,70,70
native_part,44,9671,dev_unseen,70,0,70,70
native_part,44,9710,dev_unseen,70,2,7,70
native_part,44,9691,dev_unseen,70,3,70,70
native_part,44,9664,dev_unseen,70,1,70,70
native_part,44,9677,dev_unseen,70,4,70,70
native_part,44,9685,dev_unseen,70,1,70,70
native_part,44,9657,dev_unseen,70,0,70,70
native_part,44,9675,dev_unseen,70,3,70,70
native_part,44,9680,dev_unseen,70,2,70,70
native_part,44,3117,dev_unseen,71,1,71,71
native_part,44,3082,dev_unseen,71,3,71,71
native_part,44,3095,dev_unseen,71,1,71,71
native_part,44,3125,dev_unseen,71,2,71,71
native_part,44,3109,dev_unseen,71,0,71,71
native_part,44,3089,dev_unseen,71,4,71,71
native_part,44,3123,dev_unseen,71,3,71,71
native_part,44,3120,dev_unseen,71,0,71,71
native_part,44,3119,dev_unseen,71,2,71,71
native_part,44,3103,dev_unseen,71,4,71,71
native_part,44,6000,dev_unseen,72,3,67,67
native_part,44,5977,dev_unseen,72,1,67,11
native_part,44,6023,dev_unseen,72,3,67,39
native_part,44,6026,dev_unseen,72,4,11,11
native_part,44,6028,dev_unseen,72,0,67,39
native_part,44,5981,dev_unseen,72,2,11,11
native_part,44,5994,dev_unseen,72,2,67,11
native_part,44,6017,dev_unseen,72,1,11,11
native_part,44,5992,dev_unseen,72,0,67,11
native_part,44,5979,dev_unseen,72,4,72,72
native_part,44,9857,dev_unseen,73,4,13,13
native_part,44,9840,dev_unseen,73,3,73,73
native_part,44,9844,dev_unseen,73,4,13,13
native_part,44,9852,dev_unseen,73,1,13,13
native_part,44,9834,dev_unseen,73,0,73,73
native_part,44,9859,dev_unseen,73,1,73,73
native_part,44,9880,dev_unseen,73,3,73,73
native_part,44,9882,dev_unseen,73,2,28,73
native_part,44,9833,dev_unseen,73,0,13,13
native_part,44,9881,dev_unseen,73,2,73,73
native_part,44,879,dev_unseen,74,3,74,74
native_part,44,853,dev_unseen,74,0,74,74
native_part,44,873,dev_unseen,74,4,74,74
native_part,44,862,dev_unseen,74,2,74,74
native_part,44,855,dev_unseen,74,1,74,74
native_part,44,841,dev_unseen,74,1,47,47
native_part,44,871,dev_unseen,74,4,74,74
native_part,44,865,dev_unseen,74,3,74,74
native_part,44,874,dev_unseen,74,0,74,74
native_part,44,857,dev_unseen,74,2,74,74
position_prior,42,11529,dev_seen,0,4,3,3
position_prior,42,11493,dev_seen,0,1,0,0
position_prior,42,11498,dev_seen,0,3,0,0
position_prior,42,11517,dev_seen,0,0,0,0
position_prior,42,11490,dev_seen,0,2,0,0
position_prior,42,9315,dev_seen,1,1,1,1
position_prior,42,9305,dev_seen,1,3,1,1
position_prior,42,9337,dev_seen,1,2,1,1
position_prior,42,9307,dev_seen,1,0,1,1
position_prior,42,9336,dev_seen,1,4,1,1
position_prior,42,5008,dev_seen,2,1,2,2
position_prior,42,4968,dev_seen,2,4,57,57
position_prior,42,4969,dev_seen,2,3,2,2
position_prior,42,5020,dev_seen,2,2,2,2
position_prior,42,4972,dev_seen,2,0,2,2
position_prior,42,11604,dev_seen,3,0,3,3
position_prior,42,11555,dev_seen,3,2,17,3
position_prior,42,11552,dev_seen,3,3,3,3
position_prior,42,11557,dev_seen,3,4,3,3
position_prior,42,11606,dev_seen,3,1,3,3
position_prior,42,469,dev_seen,4,3,59,59
position_prior,42,444,dev_seen,4,4,37,4
position_prior,42,470,dev_seen,4,2,59,59
position_prior,42,441,dev_seen,4,1,20,20
position_prior,42,429,dev_seen,4,0,4,4
position_prior,42,3608,dev_seen,5,2,5,5
position_prior,42,3650,dev_seen,5,4,5,5
position_prior,42,3618,dev_seen,5,1,5,5
position_prior,42,3609,dev_seen,5,0,5,5
position_prior,42,3614,dev_seen,5,3,5,5
position_prior,42,1595,dev_seen,6,2,6,6
position_prior,42,1589,dev_seen,6,3,20,20
position_prior,42,1603,dev_seen,6,0,38,38
position_prior,42,1632,dev_seen,6,1,20,6
position_prior,42,1587,dev_seen,6,4,6,6
position_prior,42,7619,dev_seen,7,1,17,7
position_prior,42,7608,dev_seen,7,2,17,7
position_prior,42,7570,dev_seen,7,3,7,7
position_prior,42,7610,dev_seen,7,4,40,40
position_prior,42,7569,dev_seen,7,0,7,7
position_prior,42,6235,dev_seen,8,3,6,6
position_prior,42,6243,dev_seen,8,4,20,20
position_prior,42,6250,dev_seen,8,1,38,38
position_prior,42,6220,dev_seen,8,2,20,20
position_prior,42,6228,dev_seen,8,0,8,38
position_prior,42,10440,dev_seen,9,0,9,9
position_prior,42,10451,dev_seen,9,4,9,9
position_prior,42,10459,dev_seen,9,1,9,9
position_prior,42,10460,dev_seen,9,2,17,9
position_prior,42,10428,dev_seen,9,3,62,9
position_prior,42,3375,dev_seen,10,1,32,10
position_prior,42,3389,dev_seen,10,2,10,10
position_prior,42,3412,dev_seen,10,0,34,10
position_prior,42,3396,dev_seen,10,4,10,10
position_prior,42,3422,dev_seen,10,3,32,32
position_prior,42,5960,dev_seen,11,1,11,11
position_prior,42,5919,dev_seen,11,4,11,11
position_prior,42,5935,dev_seen,11,3,11,11
position_prior,42,5967,dev_seen,11,0,11,11
position_prior,42,5968,dev_seen,11,2,67,67
position_prior,42,8755,dev_seen,12,0,12,12
position_prior,42,8738,dev_seen,12,3,12,12
position_prior,42,8761,dev_seen,12,2,12,12
position_prior,42,8704,dev_seen,12,4,12,12
position_prior,42,8734,dev_seen,12,1,12,12
position_prior,42,11731,dev_seen,13,2,13,13
position_prior,42,11746,dev_seen,13,3,13,13
position_prior,42,11781,dev_seen,13,0,13,13
position_prior,42,11762,dev_seen,13,1,13,13
position_prior,42,11787,dev_seen,13,4,13,13
position_prior,42,7883,dev_seen,14,1,14,14
position_prior,42,7905,dev_seen,14,3,14,14
position_prior,42,7885,dev_seen,14,2,14,14
position_prior,42,7902,dev_seen,14,4,14,14
position_prior,42,7875,dev_seen,14,0,14,14
position_prior,42,393,dev_seen,15,4,25,15
position_prior,42,417,dev_seen,15,3,15,15
position_prior,42,392,dev_seen,15,2,52,52
position_prior,42,406,dev_seen,15,0,15,15
position_prior,42,409,dev_seen,15,1,15,52
position_prior,42,4653,dev_seen,16,1,16,16
position_prior,42,4665,dev_seen,16,3,16,16
position_prior,42,4669,dev_seen,16,0,16,16
position_prior,42,4621,dev_seen,16,2,16,16
position_prior,42,4646,dev_seen,16,4,16,16
position_prior,42,6943,dev_seen,17,3,17,17
position_prior,42,6945,dev_seen,17,2,17,17
position_prior,42,6927,dev_seen,17,0,17,17
position_prior,42,6918,dev_seen,17,4,17,17
position_prior,42,6950,dev_seen,17,1,17,17
position_prior,42,9719,dev_seen,18,4,18,18
position_prior,42,9747,dev_seen,18,1,18,18
position_prior,42,9736,dev_seen,18,0,18,18
position_prior,42,9740,dev_seen,18,2,18,18
position_prior,42,9764,dev_seen,18,3,18,18
position_prior,42,9019,dev_seen,19,0,19,19
position_prior,42,9022,dev_seen,19,2,70,19
position_prior,42,9036,dev_seen,19,1,19,19
position_prior,42,9020,dev_seen,19,3,19,19
position_prior,42,9002,dev_seen,19,4,70,19
position_prior,42,1675,dev_seen,20,4,37,37
position_prior,42,1691,dev_seen,20,0,20,6
position_prior,42,1690,dev_seen,20,3,20,6
position_prior,42,1668,dev_seen,20,2,8,8
position_prior,42,1680,dev_seen,20,1,20,20
position_prior,42,907,dev_seen,21,3,21,21
position_prior,42,910,dev_seen,21,4,21,21
position_prior,42,926,dev_seen,21,0,21,21
position_prior,42,916,dev_seen,21,2,21,21
position_prior,42,929,dev_seen,21,1,21,21
position_prior,42,3286,dev_seen,22,4,22,22
position_prior,42,3293,dev_seen,22,0,22,22
position_prior,42,3271,dev_seen,22,3,22,22
position_prior,42,3265,dev_seen,22,1,22,22
position_prior,42,3277,dev_seen,22,2,22,22
position_prior,42,4868,dev_seen,23,2,23,23
position_prior,42,4876,dev_seen,23,1,23,23
position_prior,42,4857,dev_seen,23,3,23,23
position_prior,42,4899,dev_seen,23,4,23,23
position_prior,42,4860,dev_seen,23,0,23,23
position_prior,42,9371,dev_seen,24,1,24,24
position_prior,42,9408,dev_seen,24,0,24,24
position_prior,42,9393,dev_seen,24,2,24,24
position_prior,42,9359,dev_seen,24,3,24,24
position_prior,42,9367,dev_seen,24,4,24,24
position_prior,42,324,dev_seen,25,0,25,25
position_prior,42,347,dev_seen,25,1,25,25
position_prior,42,339,dev_seen,25,4,52,25
position_prior,42,331,dev_seen,25,2,52,25
position_prior,42,364,dev_seen,25,3,25,25
position_prior,42,4242,dev_seen,26,1,26,26
position_prior,42,4233,dev_seen,26,3,26,26
position_prior,42,4230,dev_seen,26,2,26,26
position_prior,42,4208,dev_seen,26,4,26,26
position_prior,42,4243,dev_seen,26,0,26,26
position_prior,42,8170,dev_seen,27,0,49,27
position_prior,42,8187,dev_seen,27,3,49,27
position_prior,42,8167,dev_seen,27,2,27,27
position_prior,42,8198,dev_seen,27,1,27,27
position_prior,42,8202,dev_seen,27,4,27,27
position_prior,42,9895,dev_seen,28,2,28,28
position_prior,42,9923,dev_seen,28,1,28,28
position_prior,42,9898,dev_seen,28,0,28,28
position_prior,42,9902,dev_seen,28,4,28,28
position_prior,42,9933,dev_seen,28,3,28,48
position_prior,42,5086,dev_seen,29,3,58,48
position_prior,42,5087,dev_seen,29,4,29,29
position_prior,42,5143,dev_seen,29,0,29,29
position_prior,42,5131,dev_seen,29,1,29,29
position_prior,42,5089,dev_seen,29,2,29,29
position_prior,42,11076,dev_seen,30,2,30,30
position_prior,42,11089,dev_seen,30,4,30,30
position_prior,42,11075,dev_seen,30,1,30,30
position_prior,42,11112,dev_seen,30,3,30,30
position_prior,42,11109,dev_seen,30,0,30,30
position_prior,42,2910,dev_seen,31,3,31,31
position_prior,42,2928,dev_seen,31,2,31,31
position_prior,42,2927,dev_seen,31,4,31,31
position_prior,42,2905,dev_seen,31,1,31,31
position_prior,42,2914,dev_seen,31,0,31,31
position_prior,42,3591,dev_seen,32,4,10,32
position_prior,42,3572,dev_seen,32,1,32,32
position_prior,42,3564,dev_seen,32,3,32,32
position_prior,42,3560,dev_seen,32,0,32,32
position_prior,42,3561,dev_seen,32,2,34,34
position_prior,42,3003,dev_seen,33,2,33,33
position_prior,42,2999,dev_seen,33,1,33,33
position_prior,42,2973,dev_seen,33,0,33,33
position_prior,42,2994,dev_seen,33,3,33,33
position_prior,42,2969,dev_seen,33,4,33,33
position_prior,42,3739,dev_seen,34,1,10,10
position_prior,42,3776,dev_seen,34,2,32,34
position_prior,42,3756,dev_seen,34,3,34,34
position_prior,42,3743,dev_seen,34,0,34,34
position_prior,42,3757,dev_seen,34,4,32,32
position_prior,42,11238,dev_seen,35,2,35,35
position_prior,42,11206,dev_seen,35,0,35,35
position_prior,42,11210,dev_seen,35,4,35,35
position_prior,42,11240,dev_seen,35,1,35,35
position_prior,42,11214,dev_seen,35,3,35,35
position_prior,42,4278,dev_seen,36,1,36,36
position_prior,42,4296,dev_seen,36,3,26,36
position_prior,42,4303,dev_seen,36,2,36,36
position_prior,42,4268,dev_seen,36,0,26,36
position_prior,42,4269,dev_seen,36,4,36,36
position_prior,42,2777,dev_seen,37,1,37,37
position_prior,42,2797,dev_seen,37,3,37,37
position_prior,42,2779,dev_seen,37,4,59,71
position_prior,42,2823,dev_seen,37,0,37,37
position_prior,42,2808,dev_seen,37,2,37,37
position_prior,42,6290,dev_seen,38,4,38,38
position_prior,42,6287,dev_seen,38,3,38,38
position_prior,42,6291,dev_seen,38,2,38,38
position_prior,42,6305,dev_seen,38,0,38,38
position_prior,42,6309,dev_seen,38,1,38,38
position_prior,42,4449,dev_seen,39,1,39,39
position_prior,42,4478,dev_seen,39,0,39,39
position_prior,42,4485,dev_seen,39,3,39,39
position_prior,42,4490,dev_seen,39,2,39,39
position_prior,42,4491,dev_seen,39,4,39,39
position_prior,42,7298,dev_seen,40,4,64,64
position_prior,42,7322,dev_seen,40,2,64,64
position_prior,42,7274,dev_seen,40,0,51,40
position_prior,42,7270,dev_seen,40,1,64,64
position_prior,42,7278,dev_seen,40,3,40,40
position_prior,42,15,dev_seen,41,0,42,41
position_prior,42,49,dev_seen,41,3,41,41
position_prior,42,42,dev_seen,41,4,41,41
position_prior,42,41,dev_seen,41,1,42,41
position_prior,42,2,dev_seen,41,2,42,42
position_prior,42,137,dev_seen,42,4,42,42
position_prior,42,127,dev_seen,42,3,42,42
position_prior,42,125,dev_seen,42,0,42,42
position_prior,42,122,dev_seen,42,1,42,42
position_prior,42,136,dev_seen,42,2,42,42
position_prior,42,6167,dev_seen,43,4,15,52
position_prior,42,6184,dev_seen,43,2,43,43
position_prior,42,6168,dev_seen,43,3,43,43
position_prior,42,6186,dev_seen,43,0,43,43
position_prior,42,6191,dev_seen,43,1,43,43
position_prior,42,8661,dev_seen,44,2,44,44
position_prior,42,8689,dev_seen,44,0,44,44
position_prior,42,8671,dev_seen,44,4,44,44
position_prior,42,8646,dev_seen,44,3,51,44
position_prior,42,8701,dev_seen,44,1,44,44
position_prior,42,716,dev_seen,45,4,45,45
position_prior,42,677,dev_seen,45,2,45,45
position_prior,42,699,dev_seen,45,3,45,45
position_prior,42,667,dev_seen,45,1,45,45
position_prior,42,685,dev_seen,45,0,45,45
position_prior,42,4057,dev_seen,46,0,46,46
position_prior,42,4018,dev_seen,46,4,46,46
position_prior,42,4060,dev_seen,46,3,46,46
position_prior,42,4066,dev_seen,46,1,46,46
position_prior,42,4030,dev_seen,46,2,46,46
position_prior,42,4346,dev_seen,47,1,47,47
position_prior,42,4370,dev_seen,47,0,47,47
position_prior,42,4355,dev_seen,47,2,47,47
position_prior,42,4324,dev_seen,47,3,47,47
position_prior,42,4331,dev_seen,47,4,47,47
position_prior,42,9206,dev_seen,48,1,48,48
position_prior,42,9209,dev_seen,48,4,48,48
position_prior,42,9204,dev_seen,48,3,70,48
position_prior,42,9228,dev_seen,48,0,73,73
position_prior,42,9226,dev_seen,48,2,48,48
position_prior,42,8151,dev_seen,49,2,49,49
position_prior,42,8142,dev_seen,49,4,49,49
position_prior,42,8115,dev_seen,49,0,49,49
position_prior,42,8107,dev_seen,49,1,49,49
position_prior,42,8121,dev_seen,49,3,49,49
position_prior,42,9286,dev_unseen,50,1,50,50
position_prior,42,9237,dev_unseen,50,0,50,50
position_prior,42,9291,dev_unseen,50,4,50,50
position_prior,42,9274,dev_unseen,50,4,50,50
position_prior,42,9244,dev_unseen,50,3,44,50
position_prior,42,9269,dev_unseen,50,1,50,50
position_prior,42,9263,dev_unseen,50,2,50,50
position_prior,42,9283,dev_unseen,50,2,50,50
position_prior,42,9234,dev_unseen,50,3,50,50
position_prior,42,9287,dev_unseen,50,0,50,50
position_prior,42,7366,dev_unseen,51,2,51,17
position_prior,42,7353,dev_unseen,51,4,17,17
position_prior,42,7336,dev_unseen,51,1,63,40
position_prior,42,7371,dev_unseen,51,0,64,64
position_prior,42,7359,dev_unseen,51,2,51,51
position_prior,42,7332,dev_unseen,51,3,50,40
position_prior,42,7373,dev_unseen,51,0,64,40
position_prior,42,7364,dev_unseen,51,3,64,64
position_prior,42,7348,dev_unseen,51,1,17,3
position_prior,42,7370,dev_unseen,51,4,17,40
position_prior,42,250,dev_unseen,52,0,52,52
position_prior,42,242,dev_unseen,52,2,52,52
position_prior,42,268,dev_unseen,52,1,52,52
position_prior,42,280,dev_unseen,52,1,52,52
position_prior,42,243,dev_unseen,52,2,52,52
position_prior,42,253,dev_unseen,52,4,52,52
position_prior,42,249,dev_unseen,52,3,52,52
position_prior,42,247,dev_unseen,52,0,52,52
position_prior,42,274,dev_unseen,52,3,52,52
position_prior,42,272,dev_unseen,52,4,52,52
position_prior,42,7188,dev_unseen,53,3,40,40
position_prior,42,7157,dev_unseen,53,3,64,64
position_prior,42,7208,dev_unseen,53,4,63,63
position_prior,42,7195,dev_unseen,53,4,63,40
position_prior,42,7161,dev_unseen,53,0,64,64
position_prior,42,7191,dev_unseen,53,0,64,64
position_prior,42,7179,dev_unseen,53,1,64,63
position_prior,42,7171,dev_unseen,53,2,64,64
position_prior,42,7178,dev_unseen,53,2,64,64
position_prior,42,7163,dev_unseen,53,1,64,40
position_prior,42,6362,dev_unseen,54,2,54,54
position_prior,42,6353,dev_unseen,54,0,54,18
position_prior,42,6347,dev_unseen,54,0,54,54
position_prior,42,6339,dev_unseen,54,1,50,55
position_prior,42,6373,dev_unseen,54,4,44,54
position_prior,42,6345,dev_unseen,54,3,54,54
position_prior,42,6335,dev_unseen,54,3,54,54
position_prior,42,6363,dev_unseen,54,1,54,56
position_prior,42,6350,dev_unseen,54,4,54,54
position_prior,42,6336,dev_unseen,54,2,54,54
position_prior,42,5726,dev_unseen,55,3,55,55
position_prior,42,5688,dev_unseen,55,0,39,39
position_prior,42,5695,dev_unseen,55,0,55,55
position_prior,42,5724,dev_unseen,55,4,56,55
position_prior,42,5727,dev_unseen,55,2,55,55
position_prior,42,5733,dev_unseen,55,1,28,55
position_prior,42,5743,dev_unseen,55,1,55,55
position_prior,42,5698,dev_unseen,55,3,55,55
position_prior,42,5705,dev_unseen,55,2,55,55
position_prior,42,5713,dev_unseen,55,4,50,73
position_prior,42,631,dev_unseen,56,0,56,56
position_prior,42,620,dev_unseen,56,2,56,56
position_prior,42,647,dev_unseen,56,4,56,56
position_prior,42,657,dev_unseen,56,3,56,56
position_prior,42,607,dev_unseen,56,4,56,56
position_prior,42,655,dev_unseen,56,1,56,56
position_prior,42,641,dev_unseen,56,0,50,13
position_prior,42,652,dev_unseen,56,3,56,56
position_prior,42,611,dev_unseen,56,1,56,56
position_prior,42,642,dev_unseen,56,2,56,56
position_prior,42,3023,dev_unseen,57,2,57,57
position_prior,42,3036,dev_unseen,57,2,57,57
position_prior,42,3038,dev_unseen,57,4,57,57
position_prior,42,3043,dev_unseen,57,0,57,57
position_prior,42,3028,dev_unseen,57,1,57,57
position_prior,42,3027,dev_unseen,57,3,57,57
position_prior,42,3041,dev_unseen,57,0,57,31
position_prior,42,3024,dev_unseen,57,1,57,57
position_prior,42,3033,dev_unseen,57,3,57,57
position_prior,42,3014,dev_unseen,57,4,57,57
position_prior,42,2762,dev_unseen,58,3,58,58
position_prior,42,2757,dev_unseen,58,4,58,58
position_prior,42,2745,dev_unseen,58,2,58,58
position_prior,42,2721,dev_unseen,58,3,58,58
position_prior,42,2759,dev_unseen,58,4,58,58
position_prior,42,2739,dev_unseen,58,0,53,44
position_prior,42,2754,dev_unseen,58,1,58,58
position_prior,42,2720,dev_unseen,58,0,58,58
position_prior,42,2724,dev_unseen,58,1,58,58
position_prior,42,2732,dev_unseen,58,2,58,58
position_prior,42,1455,dev_unseen,59,4,59,71
position_prior,42,1445,dev_unseen,59,0,59,71
position_prior,42,1414,dev_unseen,59,2,59,59
position_prior,42,1447,dev_unseen,59,4,59,59
position_prior,42,1461,dev_unseen,59,0,59,59
position_prior,42,1405,dev_unseen,59,3,59,59
position_prior,42,1426,dev_unseen,59,3,59,59
position_prior,42,1458,dev_unseen,59,1,4,4
position_prior,42,1460,dev_unseen,59,1,59,59
position_prior,42,1418,dev_unseen,59,2,59,4
position_prior,42,5458,dev_unseen,60,1,60,60
position_prior,42,5492,dev_unseen,60,3,60,60
position_prior,42,5500,dev_unseen,60,2,60,60
position_prior,42,5472,dev_unseen,60,4,60,60
position_prior,42,5465,dev_unseen,60,0,60,60
position_prior,42,5482,dev_unseen,60,0,60,60
position_prior,42,5461,dev_unseen,60,1,60,60
position_prior,42,5454,dev_unseen,60,2,60,60
position_prior,42,5460,dev_unseen,60,4,60,60
position_prior,42,5462,dev_unseen,60,3,60,60
position_prior,42,1029,dev_unseen,61,4,61,61
position_prior,42,1042,dev_unseen,61,0,61,61
position_prior,42,1026,dev_unseen,61,3,61,61
position_prior,42,1023,dev_unseen,61,2,61,61
position_prior,42,1040,dev_unseen,61,0,61,61
position_prior,42,1048,dev_unseen,61,2,61,61
position_prior,42,1032,dev_unseen,61,1,61,61
position_prior,42,1004,dev_unseen,61,3,61,61
position_prior,42,1000,dev_unseen,61,1,61,61
position_prior,42,1053,dev_unseen,61,4,61,61
position_prior,42,10034,dev_unseen,62,4,70,70
position_prior,42,10038,dev_unseen,62,1,50,62
position_prior,42,10066,dev_unseen,62,3,18,18
position_prior,42,10020,dev_unseen,62,0,62,62
position_prior,42,10013,dev_unseen,62,1,28,28
position_prior,42,10009,dev_unseen,62,3,28,28
position_prior,42,10060,dev_unseen,62,4,17,7
position_prior,42,10015,dev_unseen,62,2,70,70
position_prior,42,10019,dev_unseen,62,0,50,62
position_prior,42,10050,dev_unseen,62,2,62,70
position_prior,42,7045,dev_unseen,63,0,17,64
position_prior,42,7082,dev_unseen,63,2,63,63
position_prior,42,7070,dev_unseen,63,3,64,64
position_prior,42,7059,dev_unseen,63,3,51,63
position_prior,42,7050,dev_unseen,63,1,63,63
position_prior,42,7039,dev_unseen,63,2,63,63
position_prior,42,7042,dev_unseen,63,4,63,63
position_prior,42,7079,dev_unseen,63,1,63,63
position_prior,42,7044,dev_unseen,63,0,63,64
position_prior,42,7052,dev_unseen,63,4,51,7
position_prior,42,7438,dev_unseen,64,0,64,64
position_prior,42,7412,dev_unseen,64,3,64,64
position_prior,42,7411,dev_unseen,64,0,64,64
position_prior,42,7439,dev_unseen,64,4,63,63
position_prior,42,7402,dev_unseen,64,1,64,64
position_prior,42,7444,dev_unseen,64,1,64,64
position_prior,42,7392,dev_unseen,64,3,64,64
position_prior,42,7420,dev_unseen,64,2,64,63
position_prior,42,7393,dev_unseen,64,2,64,64
position_prior,42,7410,dev_unseen,64,4,64,64
position_prior,42,11006,dev_unseen,65,1,65,65
position_prior,42,10966,dev_unseen,65,2,65,65
position_prior,42,10964,dev_unseen,65,0,65,65
position_prior,42,10997,dev_unseen,65,1,65,65
position_prior,42,10988,dev_unseen,65,4,65,65
position_prior,42,11009,dev_unseen,65,2,65,65
position_prior,42,10968,dev_unseen,65,3,65,65
position_prior,42,10982,dev_unseen,65,3,65,65
position_prior,42,10992,dev_unseen,65,0,65,65
position_prior,42,10969,dev_unseen,65,4,65,65
position_prior,42,5844,dev_unseen,66,1,66,66
position_prior,42,5835,dev_unseen,66,1,66,66
position_prior,42,5842,dev_unseen,66,3,66,66
position_prior,42,5841,dev_unseen,66,3,66,66
position_prior,42,5830,dev_unseen,66,0,66,66
position_prior,42,5831,dev_unseen,66,4,66,66
position_prior,42,5819,dev_unseen,66,0,66,66
position_prior,42,5839,dev_unseen,66,2,66,66
position_prior,42,5824,dev_unseen,66,2,66,66
position_prior,42,5834,dev_unseen,66,4,66,66
position_prior,42,4520,dev_unseen,67,4,67,67
position_prior,42,4551,dev_unseen,67,1,67,67
position_prior,42,4541,dev_unseen,67,4,67,67
position_prior,42,4531,dev_unseen,67,0,67,67
position_prior,42,4521,dev_unseen,67,1,12,12
position_prior,42,4510,dev_unseen,67,3,67,67
position_prior,42,4494,dev_unseen,67,3,67,67
position_prior,42,4530,dev_unseen,67,2,67,67
position_prior,42,4549,dev_unseen,67,0,67,67
position_prior,42,4529,dev_unseen,67,2,67,67
position_prior,42,7120,dev_unseen,68,3,53,53
position_prior,42,7090,dev_unseen,68,1,63,17
position_prior,42,7136,dev_unseen,68,4,50,17
position_prior,42,7142,dev_unseen,68,0,17,17
position_prior,42,7108,dev_unseen,68,3,17,7
position_prior,42,7106,dev_unseen,68,0,51,68
position_prior,42,7147,dev_unseen,68,2,17,17
position_prior,42,7143,dev_unseen,68,2,17,17
position_prior,42,7111,dev_unseen,68,1,17,17
position_prior,42,7123,dev_unseen,68,4,17,7
position_prior,42,11668,dev_unseen,69,2,69,69
position_prior,42,11621,dev_unseen,69,3,69,69
position_prior,42,11666,dev_unseen,69,0,0,0
position_prior,42,11610,dev_unseen,69,0,69,69
position_prior,42,11634,dev_unseen,69,1,69,69
position_prior,42,11660,dev_unseen,69,4,69,69
position_prior,42,11612,dev_unseen,69,2,69,69
position_prior,42,11652,dev_unseen,69,4,69,69
position_prior,42,11636,dev_unseen,69,3,69,69
position_prior,42,11657,dev_unseen,69,1,69,69
position_prior,42,9653,dev_unseen,70,4,70,70
position_prior,42,9671,dev_unseen,70,0,70,70
position_prior,42,9710,dev_unseen,70,2,7,70
position_prior,42,9691,dev_unseen,70,3,70,70
position_prior,42,9664,dev_unseen,70,1,70,70
position_prior,42,9677,dev_unseen,70,4,70,70
position_prior,42,9685,dev_unseen,70,1,70,70
position_prior,42,9657,dev_unseen,70,0,70,70
position_prior,42,9675,dev_unseen,70,3,70,70
position_prior,42,9680,dev_unseen,70,2,70,70
position_prior,42,3117,dev_unseen,71,1,71,71
position_prior,42,3082,dev_unseen,71,3,71,71
position_prior,42,3095,dev_unseen,71,1,71,71
position_prior,42,3125,dev_unseen,71,2,71,71
position_prior,42,3109,dev_unseen,71,0,71,71
position_prior,42,3089,dev_unseen,71,4,71,71
position_prior,42,3123,dev_unseen,71,3,71,71
position_prior,42,3120,dev_unseen,71,0,71,71
position_prior,42,3119,dev_unseen,71,2,71,71
position_prior,42,3103,dev_unseen,71,4,71,71
position_prior,42,6000,dev_unseen,72,3,67,67
position_prior,42,5977,dev_unseen,72,1,67,11
position_prior,42,6023,dev_unseen,72,3,67,39
position_prior,42,6026,dev_unseen,72,4,11,11
position_prior,42,6028,dev_unseen,72,0,67,39
position_prior,42,5981,dev_unseen,72,2,11,11
position_prior,42,5994,dev_unseen,72,2,67,11
position_prior,42,6017,dev_unseen,72,1,11,11
position_prior,42,5992,dev_unseen,72,0,67,11
position_prior,42,5979,dev_unseen,72,4,72,72
position_prior,42,9857,dev_unseen,73,4,13,13
position_prior,42,9840,dev_unseen,73,3,73,73
position_prior,42,9844,dev_unseen,73,4,13,13
position_prior,42,9852,dev_unseen,73,1,13,13
position_prior,42,9834,dev_unseen,73,0,73,73
position_prior,42,9859,dev_unseen,73,1,73,73
position_prior,42,9880,dev_unseen,73,3,73,73
position_prior,42,9882,dev_unseen,73,2,28,73
position_prior,42,9833,dev_unseen,73,0,13,13
position_prior,42,9881,dev_unseen,73,2,73,73
position_prior,42,879,dev_unseen,74,3,74,74
position_prior,42,853,dev_unseen,74,0,74,74
position_prior,42,873,dev_unseen,74,4,74,74
position_prior,42,862,dev_unseen,74,2,74,74
position_prior,42,855,dev_unseen,74,1,74,74
position_prior,42,841,dev_unseen,74,1,47,47
position_prior,42,871,dev_unseen,74,4,74,74
position_prior,42,865,dev_unseen,74,3,74,74
position_prior,42,874,dev_unseen,74,0,74,74
position_prior,42,857,dev_unseen,74,2,74,74
position_prior,43,11529,dev_seen,0,4,3,3
position_prior,43,11493,dev_seen,0,1,0,0
position_prior,43,11498,dev_seen,0,3,0,0
position_prior,43,11517,dev_seen,0,0,0,0
position_prior,43,11490,dev_seen,0,2,0,0
position_prior,43,9315,dev_seen,1,1,1,1
position_prior,43,9305,dev_seen,1,3,1,1
position_prior,43,9337,dev_seen,1,2,1,1
position_prior,43,9307,dev_seen,1,0,1,1
position_prior,43,9336,dev_seen,1,4,1,1
position_prior,43,5008,dev_seen,2,1,2,2
position_prior,43,4968,dev_seen,2,4,57,57
position_prior,43,4969,dev_seen,2,3,2,2
position_prior,43,5020,dev_seen,2,2,2,2
position_prior,43,4972,dev_seen,2,0,2,2
position_prior,43,11604,dev_seen,3,0,3,3
position_prior,43,11555,dev_seen,3,2,17,3
position_prior,43,11552,dev_seen,3,3,3,3
position_prior,43,11557,dev_seen,3,4,3,3
position_prior,43,11606,dev_seen,3,1,3,3
position_prior,43,469,dev_seen,4,3,59,59
position_prior,43,444,dev_seen,4,4,37,4
position_prior,43,470,dev_seen,4,2,59,59
position_prior,43,441,dev_seen,4,1,20,20
position_prior,43,429,dev_seen,4,0,4,4
position_prior,43,3608,dev_seen,5,2,5,5
position_prior,43,3650,dev_seen,5,4,5,5
position_prior,43,3618,dev_seen,5,1,5,5
position_prior,43,3609,dev_seen,5,0,5,5
position_prior,43,3614,dev_seen,5,3,5,5
position_prior,43,1595,dev_seen,6,2,6,6
position_prior,43,1589,dev_seen,6,3,20,20
position_prior,43,1603,dev_seen,6,0,38,38
position_prior,43,1632,dev_seen,6,1,20,6
position_prior,43,1587,dev_seen,6,4,6,6
position_prior,43,7619,dev_seen,7,1,17,7
position_prior,43,7608,dev_seen,7,2,17,7
position_prior,43,7570,dev_seen,7,3,7,7
position_prior,43,7610,dev_seen,7,4,40,40
position_prior,43,7569,dev_seen,7,0,7,7
position_prior,43,6235,dev_seen,8,3,6,6
position_prior,43,6243,dev_seen,8,4,20,20
position_prior,43,6250,dev_seen,8,1,38,38
position_prior,43,6220,dev_seen,8,2,20,20
position_prior,43,6228,dev_seen,8,0,8,38
position_prior,43,10440,dev_seen,9,0,9,9
position_prior,43,10451,dev_seen,9,4,9,9
position_prior,43,10459,dev_seen,9,1,9,9
position_prior,43,10460,dev_seen,9,2,17,9
position_prior,43,10428,dev_seen,9,3,62,9
position_prior,43,3375,dev_seen,10,1,32,10
position_prior,43,3389,dev_seen,10,2,10,10
position_prior,43,3412,dev_seen,10,0,34,10
position_prior,43,3396,dev_seen,10,4,10,10
position_prior,43,3422,dev_seen,10,3,32,32
position_prior,43,5960,dev_seen,11,1,11,11
position_prior,43,5919,dev_seen,11,4,11,11
position_prior,43,5935,dev_seen,11,3,11,11
position_prior,43,5967,dev_seen,11,0,11,11
position_prior,43,5968,dev_seen,11,2,67,67
position_prior,43,8755,dev_seen,12,0,12,12
position_prior,43,8738,dev_seen,12,3,12,12
position_prior,43,8761,dev_seen,12,2,12,12
position_prior,43,8704,dev_seen,12,4,12,12
position_prior,43,8734,dev_seen,12,1,12,12
position_prior,43,11731,dev_seen,13,2,13,13
position_prior,43,11746,dev_seen,13,3,13,13
position_prior,43,11781,dev_seen,13,0,13,13
position_prior,43,11762,dev_seen,13,1,13,13
position_prior,43,11787,dev_seen,13,4,13,13
position_prior,43,7883,dev_seen,14,1,14,14
position_prior,43,7905,dev_seen,14,3,14,14
position_prior,43,7885,dev_seen,14,2,14,14
position_prior,43,7902,dev_seen,14,4,14,14
position_prior,43,7875,dev_seen,14,0,14,14
position_prior,43,393,dev_seen,15,4,25,15
position_prior,43,417,dev_seen,15,3,15,15
position_prior,43,392,dev_seen,15,2,52,15
position_prior,43,406,dev_seen,15,0,15,15
position_prior,43,409,dev_seen,15,1,15,15
position_prior,43,4653,dev_seen,16,1,16,16
position_prior,43,4665,dev_seen,16,3,16,16
position_prior,43,4669,dev_seen,16,0,16,16
position_prior,43,4621,dev_seen,16,2,16,16
position_prior,43,4646,dev_seen,16,4,16,16
position_prior,43,6943,dev_seen,17,3,17,17
position_prior,43,6945,dev_seen,17,2,17,17
position_prior,43,6927,dev_seen,17,0,17,17
position_prior,43,6918,dev_seen,17,4,17,17
position_prior,43,6950,dev_seen,17,1,17,17
position_prior,43,9719,dev_seen,18,4,18,18
position_prior,43,9747,dev_seen,18,1,18,18
position_prior,43,9736,dev_seen,18,0,18,18
position_prior,43,9740,dev_seen,18,2,18,18
position_prior,43,9764,dev_seen,18,3,18,18
position_prior,43,9019,dev_seen,19,0,19,19
position_prior,43,9022,dev_seen,19,2,70,19
position_prior,43,9036,dev_seen,19,1,19,19
position_prior,43,9020,dev_seen,19,3,19,19
position_prior,43,9002,dev_seen,19,4,70,19
position_prior,43,1675,dev_seen,20,4,37,37
position_prior,43,1691,dev_seen,20,0,20,6
position_prior,43,1690,dev_seen,20,3,20,6
position_prior,43,1668,dev_seen,20,2,8,8
position_prior,43,1680,dev_seen,20,1,20,20
position_prior,43,907,dev_seen,21,3,21,21
position_prior,43,910,dev_seen,21,4,21,21
position_prior,43,926,dev_seen,21,0,21,21
position_prior,43,916,dev_seen,21,2,21,21
position_prior,43,929,dev_seen,21,1,21,21
position_prior,43,3286,dev_seen,22,4,22,22
position_prior,43,3293,dev_seen,22,0,22,22
position_prior,43,3271,dev_seen,22,3,22,22
position_prior,43,3265,dev_seen,22,1,22,22
position_prior,43,3277,dev_seen,22,2,22,22
position_prior,43,4868,dev_seen,23,2,23,23
position_prior,43,4876,dev_seen,23,1,23,23
position_prior,43,4857,dev_seen,23,3,23,23
position_prior,43,4899,dev_seen,23,4,23,23
position_prior,43,4860,dev_seen,23,0,23,23
position_prior,43,9371,dev_seen,24,1,24,24
position_prior,43,9408,dev_seen,24,0,24,24
position_prior,43,9393,dev_seen,24,2,24,24
position_prior,43,9359,dev_seen,24,3,24,24
position_prior,43,9367,dev_seen,24,4,24,24
position_prior,43,324,dev_seen,25,0,25,25
position_prior,43,347,dev_seen,25,1,25,25
position_prior,43,339,dev_seen,25,4,52,25
position_prior,43,331,dev_seen,25,2,52,25
position_prior,43,364,dev_seen,25,3,25,25
position_prior,43,4242,dev_seen,26,1,26,26
position_prior,43,4233,dev_seen,26,3,26,26
position_prior,43,4230,dev_seen,26,2,26,26
position_prior,43,4208,dev_seen,26,4,26,26
position_prior,43,4243,dev_seen,26,0,26,26
position_prior,43,8170,dev_seen,27,0,49,27
position_prior,43,8187,dev_seen,27,3,49,27
position_prior,43,8167,dev_seen,27,2,27,27
position_prior,43,8198,dev_seen,27,1,27,27
position_prior,43,8202,dev_seen,27,4,27,27
position_prior,43,9895,dev_seen,28,2,28,28
position_prior,43,9923,dev_seen,28,1,28,28
position_prior,43,9898,dev_seen,28,0,28,28
position_prior,43,9902,dev_seen,28,4,28,28
position_prior,43,9933,dev_seen,28,3,28,48
position_prior,43,5086,dev_seen,29,3,58,48
position_prior,43,5087,dev_seen,29,4,29,29
position_prior,43,5143,dev_seen,29,0,29,29
position_prior,43,5131,dev_seen,29,1,29,29
position_prior,43,5089,dev_seen,29,2,29,29
position_prior,43,11076,dev_seen,30,2,30,30
position_prior,43,11089,dev_seen,30,4,30,30
position_prior,43,11075,dev_seen,30,1,30,30
position_prior,43,11112,dev_seen,30,3,30,30
position_prior,43,11109,dev_seen,30,0,30,30
position_prior,43,2910,dev_seen,31,3,31,31
position_prior,43,2928,dev_seen,31,2,31,31
position_prior,43,2927,dev_seen,31,4,31,31
position_prior,43,2905,dev_seen,31,1,31,31
position_prior,43,2914,dev_seen,31,0,31,31
position_prior,43,3591,dev_seen,32,4,10,32
position_prior,43,3572,dev_seen,32,1,32,32
position_prior,43,3564,dev_seen,32,3,32,32
position_prior,43,3560,dev_seen,32,0,32,32
position_prior,43,3561,dev_seen,32,2,34,34
position_prior,43,3003,dev_seen,33,2,33,33
position_prior,43,2999,dev_seen,33,1,33,33
position_prior,43,2973,dev_seen,33,0,33,33
position_prior,43,2994,dev_seen,33,3,33,33
position_prior,43,2969,dev_seen,33,4,33,33
position_prior,43,3739,dev_seen,34,1,10,10
position_prior,43,3776,dev_seen,34,2,32,34
position_prior,43,3756,dev_seen,34,3,34,34
position_prior,43,3743,dev_seen,34,0,34,34
position_prior,43,3757,dev_seen,34,4,32,32
position_prior,43,11238,dev_seen,35,2,35,35
position_prior,43,11206,dev_seen,35,0,35,35
position_prior,43,11210,dev_seen,35,4,35,35
position_prior,43,11240,dev_seen,35,1,35,35
position_prior,43,11214,dev_seen,35,3,35,35
position_prior,43,4278,dev_seen,36,1,36,36
position_prior,43,4296,dev_seen,36,3,26,36
position_prior,43,4303,dev_seen,36,2,36,36
position_prior,43,4268,dev_seen,36,0,26,36
position_prior,43,4269,dev_seen,36,4,36,36
position_prior,43,2777,dev_seen,37,1,37,37
position_prior,43,2797,dev_seen,37,3,37,37
position_prior,43,2779,dev_seen,37,4,59,71
position_prior,43,2823,dev_seen,37,0,37,37
position_prior,43,2808,dev_seen,37,2,37,37
position_prior,43,6290,dev_seen,38,4,38,38
position_prior,43,6287,dev_seen,38,3,38,38
position_prior,43,6291,dev_seen,38,2,38,38
position_prior,43,6305,dev_seen,38,0,38,38
position_prior,43,6309,dev_seen,38,1,38,38
position_prior,43,4449,dev_seen,39,1,39,39
position_prior,43,4478,dev_seen,39,0,39,39
position_prior,43,4485,dev_seen,39,3,39,39
position_prior,43,4490,dev_seen,39,2,39,39
position_prior,43,4491,dev_seen,39,4,39,39
position_prior,43,7298,dev_seen,40,4,64,64
position_prior,43,7322,dev_seen,40,2,64,64
position_prior,43,7274,dev_seen,40,0,51,40
position_prior,43,7270,dev_seen,40,1,64,64
position_prior,43,7278,dev_seen,40,3,40,40
position_prior,43,15,dev_seen,41,0,42,41
position_prior,43,49,dev_seen,41,3,41,41
position_prior,43,42,dev_seen,41,4,41,41
position_prior,43,41,dev_seen,41,1,42,41
position_prior,43,2,dev_seen,41,2,42,42
position_prior,43,137,dev_seen,42,4,42,42
position_prior,43,127,dev_seen,42,3,42,42
position_prior,43,125,dev_seen,42,0,42,42
position_prior,43,122,dev_seen,42,1,42,42
position_prior,43,136,dev_seen,42,2,42,42
position_prior,43,6167,dev_seen,43,4,15,15
position_prior,43,6184,dev_seen,43,2,43,43
position_prior,43,6168,dev_seen,43,3,43,43
position_prior,43,6186,dev_seen,43,0,43,43
position_prior,43,6191,dev_seen,43,1,43,43
position_prior,43,8661,dev_seen,44,2,44,44
position_prior,43,8689,dev_seen,44,0,44,44
position_prior,43,8671,dev_seen,44,4,44,44
position_prior,43,8646,dev_seen,44,3,51,44
position_prior,43,8701,dev_seen,44,1,44,44
position_prior,43,716,dev_seen,45,4,45,45
position_prior,43,677,dev_seen,45,2,45,45
position_prior,43,699,dev_seen,45,3,45,45
position_prior,43,667,dev_seen,45,1,45,45
position_prior,43,685,dev_seen,45,0,45,45
position_prior,43,4057,dev_seen,46,0,46,46
position_prior,43,4018,dev_seen,46,4,46,46
position_prior,43,4060,dev_seen,46,3,46,46
position_prior,43,4066,dev_seen,46,1,46,46
position_prior,43,4030,dev_seen,46,2,46,46
position_prior,43,4346,dev_seen,47,1,47,47
position_prior,43,4370,dev_seen,47,0,47,47
position_prior,43,4355,dev_seen,47,2,47,47
position_prior,43,4324,dev_seen,47,3,47,47
position_prior,43,4331,dev_seen,47,4,47,47
position_prior,43,9206,dev_seen,48,1,48,48
position_prior,43,9209,dev_seen,48,4,48,48
position_prior,43,9204,dev_seen,48,3,70,48
position_prior,43,9228,dev_seen,48,0,73,73
position_prior,43,9226,dev_seen,48,2,48,48
position_prior,43,8151,dev_seen,49,2,49,49
position_prior,43,8142,dev_seen,49,4,49,49
position_prior,43,8115,dev_seen,49,0,49,49
position_prior,43,8107,dev_seen,49,1,49,49
position_prior,43,8121,dev_seen,49,3,49,49
position_prior,43,9286,dev_unseen,50,1,50,50
position_prior,43,9237,dev_unseen,50,0,50,50
position_prior,43,9291,dev_unseen,50,4,50,50
position_prior,43,9274,dev_unseen,50,4,50,50
position_prior,43,9244,dev_unseen,50,3,44,7
position_prior,43,9269,dev_unseen,50,1,50,50
position_prior,43,9263,dev_unseen,50,2,50,50
position_prior,43,9283,dev_unseen,50,2,50,50
position_prior,43,9234,dev_unseen,50,3,50,50
position_prior,43,9287,dev_unseen,50,0,50,50
position_prior,43,7366,dev_unseen,51,2,51,17
position_prior,43,7353,dev_unseen,51,4,17,17
position_prior,43,7336,dev_unseen,51,1,63,40
position_prior,43,7371,dev_unseen,51,0,64,64
position_prior,43,7359,dev_unseen,51,2,51,51
position_prior,43,7332,dev_unseen,51,3,50,40
position_prior,43,7373,dev_unseen,51,0,64,40
position_prior,43,7364,dev_unseen,51,3,64,64
position_prior,43,7348,dev_unseen,51,1,17,3
position_prior,43,7370,dev_unseen,51,4,17,40
position_prior,43,250,dev_unseen,52,0,52,52
position_prior,43,242,dev_unseen,52,2,52,52
position_prior,43,268,dev_unseen,52,1,52,52
position_prior,43,280,dev_unseen,52,1,52,52
position_prior,43,243,dev_unseen,52,2,52,52
position_prior,43,253,dev_unseen,52,4,52,52
position_prior,43,249,dev_unseen,52,3,52,52
position_prior,43,247,dev_unseen,52,0,52,52
position_prior,43,274,dev_unseen,52,3,52,52
position_prior,43,272,dev_unseen,52,4,52,52
position_prior,43,7188,dev_unseen,53,3,40,40
position_prior,43,7157,dev_unseen,53,3,64,64
position_prior,43,7208,dev_unseen,53,4,63,63
position_prior,43,7195,dev_unseen,53,4,63,40
position_prior,43,7161,dev_unseen,53,0,64,64
position_prior,43,7191,dev_unseen,53,0,64,64
position_prior,43,7179,dev_unseen,53,1,64,63
position_prior,43,7171,dev_unseen,53,2,64,64
position_prior,43,7178,dev_unseen,53,2,64,64
position_prior,43,7163,dev_unseen,53,1,64,64
position_prior,43,6362,dev_unseen,54,2,54,54
position_prior,43,6353,dev_unseen,54,0,54,18
position_prior,43,6347,dev_unseen,54,0,54,54
position_prior,43,6339,dev_unseen,54,1,50,55
position_prior,43,6373,dev_unseen,54,4,44,54
position_prior,43,6345,dev_unseen,54,3,54,54
position_prior,43,6335,dev_unseen,54,3,54,54
position_prior,43,6363,dev_unseen,54,1,54,56
position_prior,43,6350,dev_unseen,54,4,54,54
position_prior,43,6336,dev_unseen,54,2,54,54
position_prior,43,5726,dev_unseen,55,3,55,55
position_prior,43,5688,dev_unseen,55,0,39,39
position_prior,43,5695,dev_unseen,55,0,55,55
position_prior,43,5724,dev_unseen,55,4,56,55
position_prior,43,5727,dev_unseen,55,2,55,55
position_prior,43,5733,dev_unseen,55,1,28,55
position_prior,43,5743,dev_unseen,55,1,55,55
position_prior,43,5698,dev_unseen,55,3,55,55
position_prior,43,5705,dev_unseen,55,2,55,55
position_prior,43,5713,dev_unseen,55,4,50,73
position_prior,43,631,dev_unseen,56,0,56,56
position_prior,43,620,dev_unseen,56,2,56,56
position_prior,43,647,dev_unseen,56,4,56,56
position_prior,43,657,dev_unseen,56,3,56,56
position_prior,43,607,dev_unseen,56,4,56,56
position_prior,43,655,dev_unseen,56,1,56,56
position_prior,43,641,dev_unseen,56,0,50,13
position_prior,43,652,dev_unseen,56,3,56,56
position_prior,43,611,dev_unseen,56,1,56,56
position_prior,43,642,dev_unseen,56,2,56,56
position_prior,43,3023,dev_unseen,57,2,57,57
position_prior,43,3036,dev_unseen,57,2,57,57
position_prior,43,3038,dev_unseen,57,4,57,57
position_prior,43,3043,dev_unseen,57,0,57,57
position_prior,43,3028,dev_unseen,57,1,57,57
position_prior,43,3027,dev_unseen,57,3,57,57
position_prior,43,3041,dev_unseen,57,0,57,57
position_prior,43,3024,dev_unseen,57,1,57,57
position_prior,43,3033,dev_unseen,57,3,57,57
position_prior,43,3014,dev_unseen,57,4,57,57
position_prior,43,2762,dev_unseen,58,3,58,58
position_prior,43,2757,dev_unseen,58,4,58,58
position_prior,43,2745,dev_unseen,58,2,58,58
position_prior,43,2721,dev_unseen,58,3,58,58
position_prior,43,2759,dev_unseen,58,4,58,58
position_prior,43,2739,dev_unseen,58,0,53,44
position_prior,43,2754,dev_unseen,58,1,58,58
position_prior,43,2720,dev_unseen,58,0,58,58
position_prior,43,2724,dev_unseen,58,1,58,58
position_prior,43,2732,dev_unseen,58,2,58,58
position_prior,43,1455,dev_unseen,59,4,59,71
position_prior,43,1445,dev_unseen,59,0,59,71
position_prior,43,1414,dev_unseen,59,2,59,59
position_prior,43,1447,dev_unseen,59,4,59,59
position_prior,43,1461,dev_unseen,59,0,59,59
position_prior,43,1405,dev_unseen,59,3,59,59
position_prior,43,1426,dev_unseen,59,3,59,59
position_prior,43,1458,dev_unseen,59,1,4,4
position_prior,43,1460,dev_unseen,59,1,59,59
position_prior,43,1418,dev_unseen,59,2,59,59
position_prior,43,5458,dev_unseen,60,1,60,60
position_prior,43,5492,dev_unseen,60,3,60,60
position_prior,43,5500,dev_unseen,60,2,60,60
position_prior,43,5472,dev_unseen,60,4,60,60
position_prior,43,5465,dev_unseen,60,0,60,60
position_prior,43,5482,dev_unseen,60,0,60,60
position_prior,43,5461,dev_unseen,60,1,60,60
position_prior,43,5454,dev_unseen,60,2,60,60
position_prior,43,5460,dev_unseen,60,4,60,60
position_prior,43,5462,dev_unseen,60,3,60,60
position_prior,43,1029,dev_unseen,61,4,61,61
position_prior,43,1042,dev_unseen,61,0,61,61
position_prior,43,1026,dev_unseen,61,3,61,61
position_prior,43,1023,dev_unseen,61,2,61,61
position_prior,43,1040,dev_unseen,61,0,61,61
position_prior,43,1048,dev_unseen,61,2,61,61
position_prior,43,1032,dev_unseen,61,1,61,61
position_prior,43,1004,dev_unseen,61,3,61,61
position_prior,43,1000,dev_unseen,61,1,61,61
position_prior,43,1053,dev_unseen,61,4,61,61
position_prior,43,10034,dev_unseen,62,4,70,70
position_prior,43,10038,dev_unseen,62,1,50,62
position_prior,43,10066,dev_unseen,62,3,18,18
position_prior,43,10020,dev_unseen,62,0,62,62
position_prior,43,10013,dev_unseen,62,1,28,28
position_prior,43,10009,dev_unseen,62,3,28,28
position_prior,43,10060,dev_unseen,62,4,17,7
position_prior,43,10015,dev_unseen,62,2,70,70
position_prior,43,10019,dev_unseen,62,0,50,50
position_prior,43,10050,dev_unseen,62,2,62,70
position_prior,43,7045,dev_unseen,63,0,17,64
position_prior,43,7082,dev_unseen,63,2,63,63
position_prior,43,7070,dev_unseen,63,3,64,64
position_prior,43,7059,dev_unseen,63,3,51,63
position_prior,43,7050,dev_unseen,63,1,63,63
position_prior,43,7039,dev_unseen,63,2,63,63
position_prior,43,7042,dev_unseen,63,4,63,63
position_prior,43,7079,dev_unseen,63,1,63,63
position_prior,43,7044,dev_unseen,63,0,63,64
position_prior,43,7052,dev_unseen,63,4,51,7
position_prior,43,7438,dev_unseen,64,0,64,64
position_prior,43,7412,dev_unseen,64,3,64,64
position_prior,43,7411,dev_unseen,64,0,64,64
position_prior,43,7439,dev_unseen,64,4,63,63
position_prior,43,7402,dev_unseen,64,1,64,64
position_prior,43,7444,dev_unseen,64,1,64,64
position_prior,43,7392,dev_unseen,64,3,64,64
position_prior,43,7420,dev_unseen,64,2,64,64
position_prior,43,7393,dev_unseen,64,2,64,64
position_prior,43,7410,dev_unseen,64,4,64,64
position_prior,43,11006,dev_unseen,65,1,65,65
position_prior,43,10966,dev_unseen,65,2,65,65
position_prior,43,10964,dev_unseen,65,0,65,65
position_prior,43,10997,dev_unseen,65,1,65,65
position_prior,43,10988,dev_unseen,65,4,65,65
position_prior,43,11009,dev_unseen,65,2,65,65
position_prior,43,10968,dev_unseen,65,3,65,65
position_prior,43,10982,dev_unseen,65,3,65,65
position_prior,43,10992,dev_unseen,65,0,65,65
position_prior,43,10969,dev_unseen,65,4,65,65
position_prior,43,5844,dev_unseen,66,1,66,66
position_prior,43,5835,dev_unseen,66,1,66,66
position_prior,43,5842,dev_unseen,66,3,66,66
position_prior,43,5841,dev_unseen,66,3,66,66
position_prior,43,5830,dev_unseen,66,0,66,66
position_prior,43,5831,dev_unseen,66,4,66,66
position_prior,43,5819,dev_unseen,66,0,66,66
position_prior,43,5839,dev_unseen,66,2,66,66
position_prior,43,5824,dev_unseen,66,2,66,66
position_prior,43,5834,dev_unseen,66,4,66,66
position_prior,43,4520,dev_unseen,67,4,67,67
position_prior,43,4551,dev_unseen,67,1,67,67
position_prior,43,4541,dev_unseen,67,4,67,67
position_prior,43,4531,dev_unseen,67,0,67,67
position_prior,43,4521,dev_unseen,67,1,12,12
position_prior,43,4510,dev_unseen,67,3,67,67
position_prior,43,4494,dev_unseen,67,3,67,67
position_prior,43,4530,dev_unseen,67,2,67,67
position_prior,43,4549,dev_unseen,67,0,67,67
position_prior,43,4529,dev_unseen,67,2,67,67
position_prior,43,7120,dev_unseen,68,3,53,53
position_prior,43,7090,dev_unseen,68,1,63,17
position_prior,43,7136,dev_unseen,68,4,50,17
position_prior,43,7142,dev_unseen,68,0,17,17
position_prior,43,7108,dev_unseen,68,3,17,7
position_prior,43,7106,dev_unseen,68,0,51,68
position_prior,43,7147,dev_unseen,68,2,17,17
position_prior,43,7143,dev_unseen,68,2,17,17
position_prior,43,7111,dev_unseen,68,1,17,17
position_prior,43,7123,dev_unseen,68,4,17,17
position_prior,43,11668,dev_unseen,69,2,69,69
position_prior,43,11621,dev_unseen,69,3,69,69
position_prior,43,11666,dev_unseen,69,0,0,0
position_prior,43,11610,dev_unseen,69,0,69,69
position_prior,43,11634,dev_unseen,69,1,69,69
position_prior,43,11660,dev_unseen,69,4,69,69
position_prior,43,11612,dev_unseen,69,2,69,69
position_prior,43,11652,dev_unseen,69,4,69,69
position_prior,43,11636,dev_unseen,69,3,69,69
position_prior,43,11657,dev_unseen,69,1,69,69
position_prior,43,9653,dev_unseen,70,4,70,70
position_prior,43,9671,dev_unseen,70,0,70,70
position_prior,43,9710,dev_unseen,70,2,7,70
position_prior,43,9691,dev_unseen,70,3,70,70
position_prior,43,9664,dev_unseen,70,1,70,70
position_prior,43,9677,dev_unseen,70,4,70,70
position_prior,43,9685,dev_unseen,70,1,70,70
position_prior,43,9657,dev_unseen,70,0,70,70
position_prior,43,9675,dev_unseen,70,3,70,70
position_prior,43,9680,dev_unseen,70,2,70,70
position_prior,43,3117,dev_unseen,71,1,71,71
position_prior,43,3082,dev_unseen,71,3,71,71
position_prior,43,3095,dev_unseen,71,1,71,71
position_prior,43,3125,dev_unseen,71,2,71,71
position_prior,43,3109,dev_unseen,71,0,71,71
position_prior,43,3089,dev_unseen,71,4,71,71
position_prior,43,3123,dev_unseen,71,3,71,71
position_prior,43,3120,dev_unseen,71,0,71,71
position_prior,43,3119,dev_unseen,71,2,71,71
position_prior,43,3103,dev_unseen,71,4,71,71
position_prior,43,6000,dev_unseen,72,3,67,67
position_prior,43,5977,dev_unseen,72,1,67,11
position_prior,43,6023,dev_unseen,72,3,67,39
position_prior,43,6026,dev_unseen,72,4,11,11
position_prior,43,6028,dev_unseen,72,0,67,39
position_prior,43,5981,dev_unseen,72,2,11,11
position_prior,43,5994,dev_unseen,72,2,67,11
position_prior,43,6017,dev_unseen,72,1,11,11
position_prior,43,5992,dev_unseen,72,0,67,11
position_prior,43,5979,dev_unseen,72,4,72,72
position_prior,43,9857,dev_unseen,73,4,13,13
position_prior,43,9840,dev_unseen,73,3,73,73
position_prior,43,9844,dev_unseen,73,4,13,13
position_prior,43,9852,dev_unseen,73,1,13,13
position_prior,43,9834,dev_unseen,73,0,73,73
position_prior,43,9859,dev_unseen,73,1,73,73
position_prior,43,9880,dev_unseen,73,3,73,73
position_prior,43,9882,dev_unseen,73,2,28,73
position_prior,43,9833,dev_unseen,73,0,13,13
position_prior,43,9881,dev_unseen,73,2,73,73
position_prior,43,879,dev_unseen,74,3,74,74
position_prior,43,853,dev_unseen,74,0,74,74
position_prior,43,873,dev_unseen,74,4,74,74
position_prior,43,862,dev_unseen,74,2,74,74
position_prior,43,855,dev_unseen,74,1,74,74
position_prior,43,841,dev_unseen,74,1,47,47
position_prior,43,871,dev_unseen,74,4,74,74
position_prior,43,865,dev_unseen,74,3,74,74
position_prior,43,874,dev_unseen,74,0,74,74
position_prior,43,857,dev_unseen,74,2,74,74
position_prior,44,11529,dev_seen,0,4,3,3
position_prior,44,11493,dev_seen,0,1,0,0
position_prior,44,11498,dev_seen,0,3,0,0
position_prior,44,11517,dev_seen,0,0,0,0
position_prior,44,11490,dev_seen,0,2,0,0
position_prior,44,9315,dev_seen,1,1,1,1
position_prior,44,9305,dev_seen,1,3,1,1
position_prior,44,9337,dev_seen,1,2,1,1
position_prior,44,9307,dev_seen,1,0,1,1
position_prior,44,9336,dev_seen,1,4,1,1
position_prior,44,5008,dev_seen,2,1,2,2
position_prior,44,4968,dev_seen,2,4,57,57
position_prior,44,4969,dev_seen,2,3,2,2
position_prior,44,5020,dev_seen,2,2,2,2
position_prior,44,4972,dev_seen,2,0,2,2
position_prior,44,11604,dev_seen,3,0,3,3
position_prior,44,11555,dev_seen,3,2,17,3
position_prior,44,11552,dev_seen,3,3,3,3
position_prior,44,11557,dev_seen,3,4,3,3
position_prior,44,11606,dev_seen,3,1,3,3
position_prior,44,469,dev_seen,4,3,59,59
position_prior,44,444,dev_seen,4,4,37,4
position_prior,44,470,dev_seen,4,2,59,59
position_prior,44,441,dev_seen,4,1,20,20
position_prior,44,429,dev_seen,4,0,4,4
position_prior,44,3608,dev_seen,5,2,5,5
position_prior,44,3650,dev_seen,5,4,5,5
position_prior,44,3618,dev_seen,5,1,5,5
position_prior,44,3609,dev_seen,5,0,5,5
position_prior,44,3614,dev_seen,5,3,5,5
position_prior,44,1595,dev_seen,6,2,6,6
position_prior,44,1589,dev_seen,6,3,20,20
position_prior,44,1603,dev_seen,6,0,38,38
position_prior,44,1632,dev_seen,6,1,20,6
position_prior,44,1587,dev_seen,6,4,6,6
position_prior,44,7619,dev_seen,7,1,17,7
position_prior,44,7608,dev_seen,7,2,17,7
position_prior,44,7570,dev_seen,7,3,7,7
position_prior,44,7610,dev_seen,7,4,40,40
position_prior,44,7569,dev_seen,7,0,7,7
position_prior,44,6235,dev_seen,8,3,6,6
position_prior,44,6243,dev_seen,8,4,20,20
position_prior,44,6250,dev_seen,8,1,38,38
position_prior,44,6220,dev_seen,8,2,20,20
position_prior,44,6228,dev_seen,8,0,8,8
position_prior,44,10440,dev_seen,9,0,9,9
position_prior,44,10451,dev_seen,9,4,9,9
position_prior,44,10459,dev_seen,9,1,9,9
position_prior,44,10460,dev_seen,9,2,17,9
position_prior,44,10428,dev_seen,9,3,62,9
position_prior,44,3375,dev_seen,10,1,32,10
position_prior,44,3389,dev_seen,10,2,10,10
position_prior,44,3412,dev_seen,10,0,34,10
position_prior,44,3396,dev_seen,10,4,10,10
position_prior,44,3422,dev_seen,10,3,32,32
position_prior,44,5960,dev_seen,11,1,11,11
position_prior,44,5919,dev_seen,11,4,11,11
position_prior,44,5935,dev_seen,11,3,11,11
position_prior,44,5967,dev_seen,11,0,11,11
position_prior,44,5968,dev_seen,11,2,67,67
position_prior,44,8755,dev_seen,12,0,12,12
position_prior,44,8738,dev_seen,12,3,12,12
position_prior,44,8761,dev_seen,12,2,12,12
position_prior,44,8704,dev_seen,12,4,12,12
position_prior,44,8734,dev_seen,12,1,12,12
position_prior,44,11731,dev_seen,13,2,13,13
position_prior,44,11746,dev_seen,13,3,13,13
position_prior,44,11781,dev_seen,13,0,13,13
position_prior,44,11762,dev_seen,13,1,13,13
position_prior,44,11787,dev_seen,13,4,13,13
position_prior,44,7883,dev_seen,14,1,14,14
position_prior,44,7905,dev_seen,14,3,14,14
position_prior,44,7885,dev_seen,14,2,14,14
position_prior,44,7902,dev_seen,14,4,14,14
position_prior,44,7875,dev_seen,14,0,14,14
position_prior,44,393,dev_seen,15,4,25,15
position_prior,44,417,dev_seen,15,3,15,15
position_prior,44,392,dev_seen,15,2,52,52
position_prior,44,406,dev_seen,15,0,15,15
position_prior,44,409,dev_seen,15,1,15,15
position_prior,44,4653,dev_seen,16,1,16,16
position_prior,44,4665,dev_seen,16,3,16,16
position_prior,44,4669,dev_seen,16,0,16,16
position_prior,44,4621,dev_seen,16,2,16,16
position_prior,44,4646,dev_seen,16,4,16,16
position_prior,44,6943,dev_seen,17,3,17,17
position_prior,44,6945,dev_seen,17,2,17,17
position_prior,44,6927,dev_seen,17,0,17,17
position_prior,44,6918,dev_seen,17,4,17,17
position_prior,44,6950,dev_seen,17,1,17,17
position_prior,44,9719,dev_seen,18,4,18,18
position_prior,44,9747,dev_seen,18,1,18,18
position_prior,44,9736,dev_seen,18,0,18,18
position_prior,44,9740,dev_seen,18,2,18,18
position_prior,44,9764,dev_seen,18,3,18,18
position_prior,44,9019,dev_seen,19,0,19,19
position_prior,44,9022,dev_seen,19,2,70,19
position_prior,44,9036,dev_seen,19,1,19,19
position_prior,44,9020,dev_seen,19,3,19,19
position_prior,44,9002,dev_seen,19,4,70,19
position_prior,44,1675,dev_seen,20,4,37,37
position_prior,44,1691,dev_seen,20,0,20,6
position_prior,44,1690,dev_seen,20,3,20,6
position_prior,44,1668,dev_seen,20,2,8,8
position_prior,44,1680,dev_seen,20,1,20,20
position_prior,44,907,dev_seen,21,3,21,21
position_prior,44,910,dev_seen,21,4,21,21
position_prior,44,926,dev_seen,21,0,21,21
position_prior,44,916,dev_seen,21,2,21,21
position_prior,44,929,dev_seen,21,1,21,21
position_prior,44,3286,dev_seen,22,4,22,22
position_prior,44,3293,dev_seen,22,0,22,22
position_prior,44,3271,dev_seen,22,3,22,22
position_prior,44,3265,dev_seen,22,1,22,22
position_prior,44,3277,dev_seen,22,2,22,22
position_prior,44,4868,dev_seen,23,2,23,23
position_prior,44,4876,dev_seen,23,1,23,23
position_prior,44,4857,dev_seen,23,3,23,23
position_prior,44,4899,dev_seen,23,4,23,23
position_prior,44,4860,dev_seen,23,0,23,23
position_prior,44,9371,dev_seen,24,1,24,24
position_prior,44,9408,dev_seen,24,0,24,24
position_prior,44,9393,dev_seen,24,2,24,24
position_prior,44,9359,dev_seen,24,3,24,24
position_prior,44,9367,dev_seen,24,4,24,24
position_prior,44,324,dev_seen,25,0,25,25
position_prior,44,347,dev_seen,25,1,25,25
position_prior,44,339,dev_seen,25,4,52,25
position_prior,44,331,dev_seen,25,2,52,25
position_prior,44,364,dev_seen,25,3,25,25
position_prior,44,4242,dev_seen,26,1,26,26
position_prior,44,4233,dev_seen,26,3,26,26
position_prior,44,4230,dev_seen,26,2,26,26
position_prior,44,4208,dev_seen,26,4,26,26
position_prior,44,4243,dev_seen,26,0,26,26
position_prior,44,8170,dev_seen,27,0,49,27
position_prior,44,8187,dev_seen,27,3,49,27
position_prior,44,8167,dev_seen,27,2,27,27
position_prior,44,8198,dev_seen,27,1,27,27
position_prior,44,8202,dev_seen,27,4,27,27
position_prior,44,9895,dev_seen,28,2,28,28
position_prior,44,9923,dev_seen,28,1,28,28
position_prior,44,9898,dev_seen,28,0,28,28
position_prior,44,9902,dev_seen,28,4,28,28
position_prior,44,9933,dev_seen,28,3,28,48
position_prior,44,5086,dev_seen,29,3,58,13
position_prior,44,5087,dev_seen,29,4,29,29
position_prior,44,5143,dev_seen,29,0,29,29
position_prior,44,5131,dev_seen,29,1,29,29
position_prior,44,5089,dev_seen,29,2,29,29
position_prior,44,11076,dev_seen,30,2,30,30
position_prior,44,11089,dev_seen,30,4,30,30
position_prior,44,11075,dev_seen,30,1,30,30
position_prior,44,11112,dev_seen,30,3,30,30
position_prior,44,11109,dev_seen,30,0,30,30
position_prior,44,2910,dev_seen,31,3,31,31
position_prior,44,2928,dev_seen,31,2,31,31
position_prior,44,2927,dev_seen,31,4,31,31
position_prior,44,2905,dev_seen,31,1,31,31
position_prior,44,2914,dev_seen,31,0,31,31
position_prior,44,3591,dev_seen,32,4,10,32
position_prior,44,3572,dev_seen,32,1,32,32
position_prior,44,3564,dev_seen,32,3,32,32
position_prior,44,3560,dev_seen,32,0,32,32
position_prior,44,3561,dev_seen,32,2,34,34
position_prior,44,3003,dev_seen,33,2,33,33
position_prior,44,2999,dev_seen,33,1,33,33
position_prior,44,2973,dev_seen,33,0,33,33
position_prior,44,2994,dev_seen,33,3,33,33
position_prior,44,2969,dev_seen,33,4,33,33
position_prior,44,3739,dev_seen,34,1,10,10
position_prior,44,3776,dev_seen,34,2,32,34
position_prior,44,3756,dev_seen,34,3,34,34
position_prior,44,3743,dev_seen,34,0,34,34
position_prior,44,3757,dev_seen,34,4,32,32
position_prior,44,11238,dev_seen,35,2,35,35
position_prior,44,11206,dev_seen,35,0,35,35
position_prior,44,11210,dev_seen,35,4,35,35
position_prior,44,11240,dev_seen,35,1,35,35
position_prior,44,11214,dev_seen,35,3,35,35
position_prior,44,4278,dev_seen,36,1,36,36
position_prior,44,4296,dev_seen,36,3,26,36
position_prior,44,4303,dev_seen,36,2,36,36
position_prior,44,4268,dev_seen,36,0,26,36
position_prior,44,4269,dev_seen,36,4,36,36
position_prior,44,2777,dev_seen,37,1,37,37
position_prior,44,2797,dev_seen,37,3,37,37
position_prior,44,2779,dev_seen,37,4,59,71
position_prior,44,2823,dev_seen,37,0,37,37
position_prior,44,2808,dev_seen,37,2,37,37
position_prior,44,6290,dev_seen,38,4,38,38
position_prior,44,6287,dev_seen,38,3,38,38
position_prior,44,6291,dev_seen,38,2,38,38
position_prior,44,6305,dev_seen,38,0,38,38
position_prior,44,6309,dev_seen,38,1,38,38
position_prior,44,4449,dev_seen,39,1,39,39
position_prior,44,4478,dev_seen,39,0,39,39
position_prior,44,4485,dev_seen,39,3,39,39
position_prior,44,4490,dev_seen,39,2,39,39
position_prior,44,4491,dev_seen,39,4,39,39
position_prior,44,7298,dev_seen,40,4,64,64
position_prior,44,7322,dev_seen,40,2,64,64
position_prior,44,7274,dev_seen,40,0,51,40
position_prior,44,7270,dev_seen,40,1,64,64
position_prior,44,7278,dev_seen,40,3,40,40
position_prior,44,15,dev_seen,41,0,42,41
position_prior,44,49,dev_seen,41,3,41,41
position_prior,44,42,dev_seen,41,4,41,41
position_prior,44,41,dev_seen,41,1,42,41
position_prior,44,2,dev_seen,41,2,42,41
position_prior,44,137,dev_seen,42,4,42,42
position_prior,44,127,dev_seen,42,3,42,42
position_prior,44,125,dev_seen,42,0,42,42
position_prior,44,122,dev_seen,42,1,42,42
position_prior,44,136,dev_seen,42,2,42,42
position_prior,44,6167,dev_seen,43,4,15,15
position_prior,44,6184,dev_seen,43,2,43,43
position_prior,44,6168,dev_seen,43,3,43,43
position_prior,44,6186,dev_seen,43,0,43,43
position_prior,44,6191,dev_seen,43,1,43,43
position_prior,44,8661,dev_seen,44,2,44,44
position_prior,44,8689,dev_seen,44,0,44,44
position_prior,44,8671,dev_seen,44,4,44,44
position_prior,44,8646,dev_seen,44,3,51,44
position_prior,44,8701,dev_seen,44,1,44,44
position_prior,44,716,dev_seen,45,4,45,45
position_prior,44,677,dev_seen,45,2,45,45
position_prior,44,699,dev_seen,45,3,45,45
position_prior,44,667,dev_seen,45,1,45,45
position_prior,44,685,dev_seen,45,0,45,45
position_prior,44,4057,dev_seen,46,0,46,46
position_prior,44,4018,dev_seen,46,4,46,46
position_prior,44,4060,dev_seen,46,3,46,46
position_prior,44,4066,dev_seen,46,1,46,46
position_prior,44,4030,dev_seen,46,2,46,46
position_prior,44,4346,dev_seen,47,1,47,47
position_prior,44,4370,dev_seen,47,0,47,47
position_prior,44,4355,dev_seen,47,2,47,47
position_prior,44,4324,dev_seen,47,3,47,47
position_prior,44,4331,dev_seen,47,4,47,47
position_prior,44,9206,dev_seen,48,1,48,48
position_prior,44,9209,dev_seen,48,4,48,48
position_prior,44,9204,dev_seen,48,3,70,48
position_prior,44,9228,dev_seen,48,0,73,73
position_prior,44,9226,dev_seen,48,2,48,48
position_prior,44,8151,dev_seen,49,2,49,49
position_prior,44,8142,dev_seen,49,4,49,49
position_prior,44,8115,dev_seen,49,0,49,49
position_prior,44,8107,dev_seen,49,1,49,49
position_prior,44,8121,dev_seen,49,3,49,49
position_prior,44,9286,dev_unseen,50,1,50,50
position_prior,44,9237,dev_unseen,50,0,50,50
position_prior,44,9291,dev_unseen,50,4,50,50
position_prior,44,9274,dev_unseen,50,4,50,50
position_prior,44,9244,dev_unseen,50,3,44,44
position_prior,44,9269,dev_unseen,50,1,50,50
position_prior,44,9263,dev_unseen,50,2,50,50
position_prior,44,9283,dev_unseen,50,2,50,50
position_prior,44,9234,dev_unseen,50,3,50,50
position_prior,44,9287,dev_unseen,50,0,50,50
position_prior,44,7366,dev_unseen,51,2,51,17
position_prior,44,7353,dev_unseen,51,4,17,17
position_prior,44,7336,dev_unseen,51,1,63,40
position_prior,44,7371,dev_unseen,51,0,64,64
position_prior,44,7359,dev_unseen,51,2,51,51
position_prior,44,7332,dev_unseen,51,3,50,40
position_prior,44,7373,dev_unseen,51,0,64,40
position_prior,44,7364,dev_unseen,51,3,64,64
position_prior,44,7348,dev_unseen,51,1,17,3
position_prior,44,7370,dev_unseen,51,4,17,40
position_prior,44,250,dev_unseen,52,0,52,52
position_prior,44,242,dev_unseen,52,2,52,52
position_prior,44,268,dev_unseen,52,1,52,52
position_prior,44,280,dev_unseen,52,1,52,52
position_prior,44,243,dev_unseen,52,2,52,52
position_prior,44,253,dev_unseen,52,4,52,52
position_prior,44,249,dev_unseen,52,3,52,52
position_prior,44,247,dev_unseen,52,0,52,52
position_prior,44,274,dev_unseen,52,3,52,52
position_prior,44,272,dev_unseen,52,4,52,52
position_prior,44,7188,dev_unseen,53,3,40,40
position_prior,44,7157,dev_unseen,53,3,64,64
position_prior,44,7208,dev_unseen,53,4,63,63
position_prior,44,7195,dev_unseen,53,4,63,40
position_prior,44,7161,dev_unseen,53,0,64,64
position_prior,44,7191,dev_unseen,53,0,64,64
position_prior,44,7179,dev_unseen,53,1,64,63
position_prior,44,7171,dev_unseen,53,2,64,64
position_prior,44,7178,dev_unseen,53,2,64,64
position_prior,44,7163,dev_unseen,53,1,64,64
position_prior,44,6362,dev_unseen,54,2,54,54
position_prior,44,6353,dev_unseen,54,0,54,18
position_prior,44,6347,dev_unseen,54,0,54,54
position_prior,44,6339,dev_unseen,54,1,50,55
position_prior,44,6373,dev_unseen,54,4,44,54
position_prior,44,6345,dev_unseen,54,3,54,54
position_prior,44,6335,dev_unseen,54,3,54,54
position_prior,44,6363,dev_unseen,54,1,54,56
position_prior,44,6350,dev_unseen,54,4,54,54
position_prior,44,6336,dev_unseen,54,2,54,54
position_prior,44,5726,dev_unseen,55,3,55,55
position_prior,44,5688,dev_unseen,55,0,39,39
position_prior,44,5695,dev_unseen,55,0,55,55
position_prior,44,5724,dev_unseen,55,4,56,55
position_prior,44,5727,dev_unseen,55,2,55,55
position_prior,44,5733,dev_unseen,55,1,28,55
position_prior,44,5743,dev_unseen,55,1,55,55
position_prior,44,5698,dev_unseen,55,3,55,55
position_prior,44,5705,dev_unseen,55,2,55,55
position_prior,44,5713,dev_unseen,55,4,50,73
position_prior,44,631,dev_unseen,56,0,56,56
position_prior,44,620,dev_unseen,56,2,56,56
position_prior,44,647,dev_unseen,56,4,56,56
position_prior,44,657,dev_unseen,56,3,56,56
position_prior,44,607,dev_unseen,56,4,56,56
position_prior,44,655,dev_unseen,56,1,56,56
position_prior,44,641,dev_unseen,56,0,50,13
position_prior,44,652,dev_unseen,56,3,56,56
position_prior,44,611,dev_unseen,56,1,56,56
position_prior,44,642,dev_unseen,56,2,56,56
position_prior,44,3023,dev_unseen,57,2,57,57
position_prior,44,3036,dev_unseen,57,2,57,57
position_prior,44,3038,dev_unseen,57,4,57,57
position_prior,44,3043,dev_unseen,57,0,57,57
position_prior,44,3028,dev_unseen,57,1,57,57
position_prior,44,3027,dev_unseen,57,3,57,57
position_prior,44,3041,dev_unseen,57,0,57,57
position_prior,44,3024,dev_unseen,57,1,57,57
position_prior,44,3033,dev_unseen,57,3,57,57
position_prior,44,3014,dev_unseen,57,4,57,57
position_prior,44,2762,dev_unseen,58,3,58,58
position_prior,44,2757,dev_unseen,58,4,58,58
position_prior,44,2745,dev_unseen,58,2,58,58
position_prior,44,2721,dev_unseen,58,3,58,58
position_prior,44,2759,dev_unseen,58,4,58,58
position_prior,44,2739,dev_unseen,58,0,53,44
position_prior,44,2754,dev_unseen,58,1,58,58
position_prior,44,2720,dev_unseen,58,0,58,58
position_prior,44,2724,dev_unseen,58,1,58,58
position_prior,44,2732,dev_unseen,58,2,58,58
position_prior,44,1455,dev_unseen,59,4,59,71
position_prior,44,1445,dev_unseen,59,0,59,71
position_prior,44,1414,dev_unseen,59,2,59,59
position_prior,44,1447,dev_unseen,59,4,59,59
position_prior,44,1461,dev_unseen,59,0,59,59
position_prior,44,1405,dev_unseen,59,3,59,59
position_prior,44,1426,dev_unseen,59,3,59,59
position_prior,44,1458,dev_unseen,59,1,4,4
position_prior,44,1460,dev_unseen,59,1,59,59
position_prior,44,1418,dev_unseen,59,2,59,59
position_prior,44,5458,dev_unseen,60,1,60,60
position_prior,44,5492,dev_unseen,60,3,60,60
position_prior,44,5500,dev_unseen,60,2,60,60
position_prior,44,5472,dev_unseen,60,4,60,60
position_prior,44,5465,dev_unseen,60,0,60,60
position_prior,44,5482,dev_unseen,60,0,60,60
position_prior,44,5461,dev_unseen,60,1,60,60
position_prior,44,5454,dev_unseen,60,2,60,60
position_prior,44,5460,dev_unseen,60,4,60,60
position_prior,44,5462,dev_unseen,60,3,60,60
position_prior,44,1029,dev_unseen,61,4,61,61
position_prior,44,1042,dev_unseen,61,0,61,61
position_prior,44,1026,dev_unseen,61,3,61,61
position_prior,44,1023,dev_unseen,61,2,61,61
position_prior,44,1040,dev_unseen,61,0,61,61
position_prior,44,1048,dev_unseen,61,2,61,61
position_prior,44,1032,dev_unseen,61,1,61,61
position_prior,44,1004,dev_unseen,61,3,61,61
position_prior,44,1000,dev_unseen,61,1,61,61
position_prior,44,1053,dev_unseen,61,4,61,61
position_prior,44,10034,dev_unseen,62,4,70,70
position_prior,44,10038,dev_unseen,62,1,50,62
position_prior,44,10066,dev_unseen,62,3,18,18
position_prior,44,10020,dev_unseen,62,0,62,62
position_prior,44,10013,dev_unseen,62,1,28,28
position_prior,44,10009,dev_unseen,62,3,28,28
position_prior,44,10060,dev_unseen,62,4,17,7
position_prior,44,10015,dev_unseen,62,2,70,70
position_prior,44,10019,dev_unseen,62,0,50,50
position_prior,44,10050,dev_unseen,62,2,62,70
position_prior,44,7045,dev_unseen,63,0,17,64
position_prior,44,7082,dev_unseen,63,2,63,63
position_prior,44,7070,dev_unseen,63,3,64,64
position_prior,44,7059,dev_unseen,63,3,51,63
position_prior,44,7050,dev_unseen,63,1,63,63
position_prior,44,7039,dev_unseen,63,2,63,63
position_prior,44,7042,dev_unseen,63,4,63,63
position_prior,44,7079,dev_unseen,63,1,63,63
position_prior,44,7044,dev_unseen,63,0,63,64
position_prior,44,7052,dev_unseen,63,4,51,7
position_prior,44,7438,dev_unseen,64,0,64,64
position_prior,44,7412,dev_unseen,64,3,64,64
position_prior,44,7411,dev_unseen,64,0,64,64
position_prior,44,7439,dev_unseen,64,4,63,63
position_prior,44,7402,dev_unseen,64,1,64,64
position_prior,44,7444,dev_unseen,64,1,64,64
position_prior,44,7392,dev_unseen,64,3,64,64
position_prior,44,7420,dev_unseen,64,2,64,64
position_prior,44,7393,dev_unseen,64,2,64,64
position_prior,44,7410,dev_unseen,64,4,64,64
position_prior,44,11006,dev_unseen,65,1,65,65
position_prior,44,10966,dev_unseen,65,2,65,65
position_prior,44,10964,dev_unseen,65,0,65,65
position_prior,44,10997,dev_unseen,65,1,65,65
position_prior,44,10988,dev_unseen,65,4,65,65
position_prior,44,11009,dev_unseen,65,2,65,65
position_prior,44,10968,dev_unseen,65,3,65,65
position_prior,44,10982,dev_unseen,65,3,65,65
position_prior,44,10992,dev_unseen,65,0,65,65
position_prior,44,10969,dev_unseen,65,4,65,65
position_prior,44,5844,dev_unseen,66,1,66,66
position_prior,44,5835,dev_unseen,66,1,66,66
position_prior,44,5842,dev_unseen,66,3,66,66
position_prior,44,5841,dev_unseen,66,3,66,66
position_prior,44,5830,dev_unseen,66,0,66,66
position_prior,44,5831,dev_unseen,66,4,66,66
position_prior,44,5819,dev_unseen,66,0,66,66
position_prior,44,5839,dev_unseen,66,2,66,66
position_prior,44,5824,dev_unseen,66,2,66,66
position_prior,44,5834,dev_unseen,66,4,66,66
position_prior,44,4520,dev_unseen,67,4,67,67
position_prior,44,4551,dev_unseen,67,1,67,67
position_prior,44,4541,dev_unseen,67,4,67,67
position_prior,44,4531,dev_unseen,67,0,67,67
position_prior,44,4521,dev_unseen,67,1,12,12
position_prior,44,4510,dev_unseen,67,3,67,67
position_prior,44,4494,dev_unseen,67,3,67,67
position_prior,44,4530,dev_unseen,67,2,67,67
position_prior,44,4549,dev_unseen,67,0,67,67
position_prior,44,4529,dev_unseen,67,2,67,67
position_prior,44,7120,dev_unseen,68,3,53,53
position_prior,44,7090,dev_unseen,68,1,63,63
position_prior,44,7136,dev_unseen,68,4,50,17
position_prior,44,7142,dev_unseen,68,0,17,17
position_prior,44,7108,dev_unseen,68,3,17,7
position_prior,44,7106,dev_unseen,68,0,51,68
position_prior,44,7147,dev_unseen,68,2,17,17
position_prior,44,7143,dev_unseen,68,2,17,17
position_prior,44,7111,dev_unseen,68,1,17,64
position_prior,44,7123,dev_unseen,68,4,17,7
position_prior,44,11668,dev_unseen,69,2,69,69
position_prior,44,11621,dev_unseen,69,3,69,69
position_prior,44,11666,dev_unseen,69,0,0,0
position_prior,44,11610,dev_unseen,69,0,69,69
position_prior,44,11634,dev_unseen,69,1,69,69
position_prior,44,11660,dev_unseen,69,4,69,69
position_prior,44,11612,dev_unseen,69,2,69,69
position_prior,44,11652,dev_unseen,69,4,69,69
position_prior,44,11636,dev_unseen,69,3,69,69
position_prior,44,11657,dev_unseen,69,1,69,69
position_prior,44,9653,dev_unseen,70,4,70,70
position_prior,44,9671,dev_unseen,70,0,70,70
position_prior,44,9710,dev_unseen,70,2,7,70
position_prior,44,9691,dev_unseen,70,3,70,70
position_prior,44,9664,dev_unseen,70,1,70,70
position_prior,44,9677,dev_unseen,70,4,70,70
position_prior,44,9685,dev_unseen,70,1,70,70
position_prior,44,9657,dev_unseen,70,0,70,70
position_prior,44,9675,dev_unseen,70,3,70,70
position_prior,44,9680,dev_unseen,70,2,70,70
position_prior,44,3117,dev_unseen,71,1,71,71
position_prior,44,3082,dev_unseen,71,3,71,71
position_prior,44,3095,dev_unseen,71,1,71,71
position_prior,44,3125,dev_unseen,71,2,71,71
position_prior,44,3109,dev_unseen,71,0,71,71
position_prior,44,3089,dev_unseen,71,4,71,71
position_prior,44,3123,dev_unseen,71,3,71,71
position_prior,44,3120,dev_unseen,71,0,71,71
position_prior,44,3119,dev_unseen,71,2,71,71
position_prior,44,3103,dev_unseen,71,4,71,71
position_prior,44,6000,dev_unseen,72,3,67,67
position_prior,44,5977,dev_unseen,72,1,67,11
position_prior,44,6023,dev_unseen,72,3,67,39
position_prior,44,6026,dev_unseen,72,4,11,11
position_prior,44,6028,dev_unseen,72,0,67,39
position_prior,44,5981,dev_unseen,72,2,11,11
position_prior,44,5994,dev_unseen,72,2,67,11
position_prior,44,6017,dev_unseen,72,1,11,11
position_prior,44,5992,dev_unseen,72,0,67,11
position_prior,44,5979,dev_unseen,72,4,72,72
position_prior,44,9857,dev_unseen,73,4,13,13
position_prior,44,9840,dev_unseen,73,3,73,73
position_prior,44,9844,dev_unseen,73,4,13,13
position_prior,44,9852,dev_unseen,73,1,13,13
position_prior,44,9834,dev_unseen,73,0,73,73
position_prior,44,9859,dev_unseen,73,1,73,73
position_prior,44,9880,dev_unseen,73,3,73,73
position_prior,44,9882,dev_unseen,73,2,28,73
position_prior,44,9833,dev_unseen,73,0,13,13
position_prior,44,9881,dev_unseen,73,2,73,73
position_prior,44,879,dev_unseen,74,3,74,74
position_prior,44,853,dev_unseen,74,0,74,74
position_prior,44,873,dev_unseen,74,4,74,74
position_prior,44,862,dev_unseen,74,2,74,74
position_prior,44,855,dev_unseen,74,1,74,74
position_prior,44,841,dev_unseen,74,1,47,47
position_prior,44,871,dev_unseen,74,4,74,74
position_prior,44,865,dev_unseen,74,3,74,74
position_prior,44,874,dev_unseen,74,0,74,74
position_prior,44,857,dev_unseen,74,2,74,74
learned_part,42,11529,dev_seen,0,4,3,3
learned_part,42,11493,dev_seen,0,1,0,0
learned_part,42,11498,dev_seen,0,3,0,0
learned_part,42,11517,dev_seen,0,0,0,0
learned_part,42,11490,dev_seen,0,2,0,0
learned_part,42,9315,dev_seen,1,1,1,1
learned_part,42,9305,dev_seen,1,3,1,1
learned_part,42,9337,dev_seen,1,2,1,1
learned_part,42,9307,dev_seen,1,0,1,1
learned_part,42,9336,dev_seen,1,4,1,1
learned_part,42,5008,dev_seen,2,1,2,2
learned_part,42,4968,dev_seen,2,4,57,57
learned_part,42,4969,dev_seen,2,3,2,2
learned_part,42,5020,dev_seen,2,2,2,2
learned_part,42,4972,dev_seen,2,0,2,2
learned_part,42,11604,dev_seen,3,0,3,3
learned_part,42,11555,dev_seen,3,2,17,3
learned_part,42,11552,dev_seen,3,3,3,3
learned_part,42,11557,dev_seen,3,4,3,3
learned_part,42,11606,dev_seen,3,1,3,3
learned_part,42,469,dev_seen,4,3,59,59
learned_part,42,444,dev_seen,4,4,37,37
learned_part,42,470,dev_seen,4,2,59,59
learned_part,42,441,dev_seen,4,1,20,20
learned_part,42,429,dev_seen,4,0,4,4
learned_part,42,3608,dev_seen,5,2,5,5
learned_part,42,3650,dev_seen,5,4,5,5
learned_part,42,3618,dev_seen,5,1,5,5
learned_part,42,3609,dev_seen,5,0,5,5
learned_part,42,3614,dev_seen,5,3,5,5
learned_part,42,1595,dev_seen,6,2,6,6
learned_part,42,1589,dev_seen,6,3,20,20
learned_part,42,1603,dev_seen,6,0,38,38
learned_part,42,1632,dev_seen,6,1,20,20
learned_part,42,1587,dev_seen,6,4,6,6
learned_part,42,7619,dev_seen,7,1,17,7
learned_part,42,7608,dev_seen,7,2,17,7
learned_part,42,7570,dev_seen,7,3,7,7
learned_part,42,7610,dev_seen,7,4,40,40
learned_part,42,7569,dev_seen,7,0,7,7
learned_part,42,6235,dev_seen,8,3,6,6
learned_part,42,6243,dev_seen,8,4,20,20
learned_part,42,6250,dev_seen,8,1,38,38
learned_part,42,6220,dev_seen,8,2,20,20
learned_part,42,6228,dev_seen,8,0,8,38
learned_part,42,10440,dev_seen,9,0,9,9
learned_part,42,10451,dev_seen,9,4,9,9
learned_part,42,10459,dev_seen,9,1,9,9
learned_part,42,10460,dev_seen,9,2,17,9
learned_part,42,10428,dev_seen,9,3,62,9
learned_part,42,3375,dev_seen,10,1,32,32
learned_part,42,3389,dev_seen,10,2,10,10
learned_part,42,3412,dev_seen,10,0,34,10
learned_part,42,3396,dev_seen,10,4,10,10
learned_part,42,3422,dev_seen,10,3,32,32
learned_part,42,5960,dev_seen,11,1,11,11
learned_part,42,5919,dev_seen,11,4,11,11
learned_part,42,5935,dev_seen,11,3,11,11
learned_part,42,5967,dev_seen,11,0,11,11
learned_part,42,5968,dev_seen,11,2,67,67
learned_part,42,8755,dev_seen,12,0,12,12
learned_part,42,8738,dev_seen,12,3,12,12
learned_part,42,8761,dev_seen,12,2,12,12
learned_part,42,8704,dev_seen,12,4,12,12
learned_part,42,8734,dev_seen,12,1,12,12
learned_part,42,11731,dev_seen,13,2,13,13
learned_part,42,11746,dev_seen,13,3,13,13
learned_part,42,11781,dev_seen,13,0,13,13
learned_part,42,11762,dev_seen,13,1,13,13
learned_part,42,11787,dev_seen,13,4,13,13
learned_part,42,7883,dev_seen,14,1,14,14
learned_part,42,7905,dev_seen,14,3,14,14
learned_part,42,7885,dev_seen,14,2,14,14
learned_part,42,7902,dev_seen,14,4,14,14
learned_part,42,7875,dev_seen,14,0,14,14
learned_part,42,393,dev_seen,15,4,25,25
learned_part,42,417,dev_seen,15,3,15,15
learned_part,42,392,dev_seen,15,2,52,52
learned_part,42,406,dev_seen,15,0,15,15
learned_part,42,409,dev_seen,15,1,15,15
learned_part,42,4653,dev_seen,16,1,16,16
learned_part,42,4665,dev_seen,16,3,16,16
learned_part,42,4669,dev_seen,16,0,16,16
learned_part,42,4621,dev_seen,16,2,16,16
learned_part,42,4646,dev_seen,16,4,16,16
learned_part,42,6943,dev_seen,17,3,17,17
learned_part,42,6945,dev_seen,17,2,17,17
learned_part,42,6927,dev_seen,17,0,17,17
learned_part,42,6918,dev_seen,17,4,17,17
learned_part,42,6950,dev_seen,17,1,17,17
learned_part,42,9719,dev_seen,18,4,18,18
learned_part,42,9747,dev_seen,18,1,18,18
learned_part,42,9736,dev_seen,18,0,18,18
learned_part,42,9740,dev_seen,18,2,18,18
learned_part,42,9764,dev_seen,18,3,18,18
learned_part,42,9019,dev_seen,19,0,19,19
learned_part,42,9022,dev_seen,19,2,70,19
learned_part,42,9036,dev_seen,19,1,19,19
learned_part,42,9020,dev_seen,19,3,19,19
learned_part,42,9002,dev_seen,19,4,70,70
learned_part,42,1675,dev_seen,20,4,37,37
learned_part,42,1691,dev_seen,20,0,20,6
learned_part,42,1690,dev_seen,20,3,20,6
learned_part,42,1668,dev_seen,20,2,8,8
learned_part,42,1680,dev_seen,20,1,20,20
learned_part,42,907,dev_seen,21,3,21,21
learned_part,42,910,dev_seen,21,4,21,21
learned_part,42,926,dev_seen,21,0,21,21
learned_part,42,916,dev_seen,21,2,21,21
learned_part,42,929,dev_seen,21,1,21,21
learned_part,42,3286,dev_seen,22,4,22,22
learned_part,42,3293,dev_seen,22,0,22,22
learned_part,42,3271,dev_seen,22,3,22,22
learned_part,42,3265,dev_seen,22,1,22,22
learned_part,42,3277,dev_seen,22,2,22,22
learned_part,42,4868,dev_seen,23,2,23,23
learned_part,42,4876,dev_seen,23,1,23,23
learned_part,42,4857,dev_seen,23,3,23,23
learned_part,42,4899,dev_seen,23,4,23,23
learned_part,42,4860,dev_seen,23,0,23,23
learned_part,42,9371,dev_seen,24,1,24,24
learned_part,42,9408,dev_seen,24,0,24,24
learned_part,42,9393,dev_seen,24,2,24,24
learned_part,42,9359,dev_seen,24,3,24,24
learned_part,42,9367,dev_seen,24,4,24,24
learned_part,42,324,dev_seen,25,0,25,25
learned_part,42,347,dev_seen,25,1,25,25
learned_part,42,339,dev_seen,25,4,52,25
learned_part,42,331,dev_seen,25,2,52,25
learned_part,42,364,dev_seen,25,3,25,25
learned_part,42,4242,dev_seen,26,1,26,26
learned_part,42,4233,dev_seen,26,3,26,26
learned_part,42,4230,dev_seen,26,2,26,26
learned_part,42,4208,dev_seen,26,4,26,26
learned_part,42,4243,dev_seen,26,0,26,26
learned_part,42,8170,dev_seen,27,0,49,27
learned_part,42,8187,dev_seen,27,3,49,27
learned_part,42,8167,dev_seen,27,2,27,27
learned_part,42,8198,dev_seen,27,1,27,27
learned_part,42,8202,dev_seen,27,4,27,27
learned_part,42,9895,dev_seen,28,2,28,28
learned_part,42,9923,dev_seen,28,1,28,28
learned_part,42,9898,dev_seen,28,0,28,28
learned_part,42,9902,dev_seen,28,4,28,28
learned_part,42,9933,dev_seen,28,3,28,28
learned_part,42,5086,dev_seen,29,3,58,13
learned_part,42,5087,dev_seen,29,4,29,29
learned_part,42,5143,dev_seen,29,0,29,29
learned_part,42,5131,dev_seen,29,1,29,29
learned_part,42,5089,dev_seen,29,2,29,29
learned_part,42,11076,dev_seen,30,2,30,30
learned_part,42,11089,dev_seen,30,4,30,30
learned_part,42,11075,dev_seen,30,1,30,30
learned_part,42,11112,dev_seen,30,3,30,30
learned_part,42,11109,dev_seen,30,0,30,30
learned_part,42,2910,dev_seen,31,3,31,31
learned_part,42,2928,dev_seen,31,2,31,31
learned_part,42,2927,dev_seen,31,4,31,31
learned_part,42,2905,dev_seen,31,1,31,31
learned_part,42,2914,dev_seen,31,0,31,31
learned_part,42,3591,dev_seen,32,4,10,10
learned_part,42,3572,dev_seen,32,1,32,32
learned_part,42,3564,dev_seen,32,3,32,32
learned_part,42,3560,dev_seen,32,0,32,32
learned_part,42,3561,dev_seen,32,2,34,34
learned_part,42,3003,dev_seen,33,2,33,33
learned_part,42,2999,dev_seen,33,1,33,33
learned_part,42,2973,dev_seen,33,0,33,33
learned_part,42,2994,dev_seen,33,3,33,33
learned_part,42,2969,dev_seen,33,4,33,33
learned_part,42,3739,dev_seen,34,1,10,10
learned_part,42,3776,dev_seen,34,2,32,34
learned_part,42,3756,dev_seen,34,3,34,34
learned_part,42,3743,dev_seen,34,0,34,34
learned_part,42,3757,dev_seen,34,4,32,32
learned_part,42,11238,dev_seen,35,2,35,35
learned_part,42,11206,dev_seen,35,0,35,35
learned_part,42,11210,dev_seen,35,4,35,35
learned_part,42,11240,dev_seen,35,1,35,35
learned_part,42,11214,dev_seen,35,3,35,35
learned_part,42,4278,dev_seen,36,1,36,36
learned_part,42,4296,dev_seen,36,3,26,36
learned_part,42,4303,dev_seen,36,2,36,36
learned_part,42,4268,dev_seen,36,0,26,36
learned_part,42,4269,dev_seen,36,4,36,36
learned_part,42,2777,dev_seen,37,1,37,37
learned_part,42,2797,dev_seen,37,3,37,37
learned_part,42,2779,dev_seen,37,4,59,59
learned_part,42,2823,dev_seen,37,0,37,37
learned_part,42,2808,dev_seen,37,2,37,37
learned_part,42,6290,dev_seen,38,4,38,38
learned_part,42,6287,dev_seen,38,3,38,38
learned_part,42,6291,dev_seen,38,2,38,38
learned_part,42,6305,dev_seen,38,0,38,38
learned_part,42,6309,dev_seen,38,1,38,38
learned_part,42,4449,dev_seen,39,1,39,39
learned_part,42,4478,dev_seen,39,0,39,39
learned_part,42,4485,dev_seen,39,3,39,39
learned_part,42,4490,dev_seen,39,2,39,39
learned_part,42,4491,dev_seen,39,4,39,39
learned_part,42,7298,dev_seen,40,4,64,64
learned_part,42,7322,dev_seen,40,2,64,64
learned_part,42,7274,dev_seen,40,0,51,40
learned_part,42,7270,dev_seen,40,1,64,64
learned_part,42,7278,dev_seen,40,3,40,40
learned_part,42,15,dev_seen,41,0,42,41
learned_part,42,49,dev_seen,41,3,41,41
learned_part,42,42,dev_seen,41,4,41,41
learned_part,42,41,dev_seen,41,1,42,41
learned_part,42,2,dev_seen,41,2,42,42
learned_part,42,137,dev_seen,42,4,42,42
learned_part,42,127,dev_seen,42,3,42,42
learned_part,42,125,dev_seen,42,0,42,42
learned_part,42,122,dev_seen,42,1,42,42
learned_part,42,136,dev_seen,42,2,42,42
learned_part,42,6167,dev_seen,43,4,15,15
learned_part,42,6184,dev_seen,43,2,43,43
learned_part,42,6168,dev_seen,43,3,43,43
learned_part,42,6186,dev_seen,43,0,43,43
learned_part,42,6191,dev_seen,43,1,43,43
learned_part,42,8661,dev_seen,44,2,44,44
learned_part,42,8689,dev_seen,44,0,44,44
learned_part,42,8671,dev_seen,44,4,44,44
learned_part,42,8646,dev_seen,44,3,51,44
learned_part,42,8701,dev_seen,44,1,44,44
learned_part,42,716,dev_seen,45,4,45,45
learned_part,42,677,dev_seen,45,2,45,45
learned_part,42,699,dev_seen,45,3,45,45
learned_part,42,667,dev_seen,45,1,45,45
learned_part,42,685,dev_seen,45,0,45,45
learned_part,42,4057,dev_seen,46,0,46,46
learned_part,42,4018,dev_seen,46,4,46,46
learned_part,42,4060,dev_seen,46,3,46,46
learned_part,42,4066,dev_seen,46,1,46,46
learned_part,42,4030,dev_seen,46,2,46,46
learned_part,42,4346,dev_seen,47,1,47,47
learned_part,42,4370,dev_seen,47,0,47,47
learned_part,42,4355,dev_seen,47,2,47,47
learned_part,42,4324,dev_seen,47,3,47,47
learned_part,42,4331,dev_seen,47,4,47,47
learned_part,42,9206,dev_seen,48,1,48,48
learned_part,42,9209,dev_seen,48,4,48,48
learned_part,42,9204,dev_seen,48,3,70,70
learned_part,42,9228,dev_seen,48,0,73,48
learned_part,42,9226,dev_seen,48,2,48,48
learned_part,42,8151,dev_seen,49,2,49,49
learned_part,42,8142,dev_seen,49,4,49,49
learned_part,42,8115,dev_seen,49,0,49,49
learned_part,42,8107,dev_seen,49,1,49,49
learned_part,42,8121,dev_seen,49,3,49,49
learned_part,42,9286,dev_unseen,50,1,50,50
learned_part,42,9237,dev_unseen,50,0,50,50
learned_part,42,9291,dev_unseen,50,4,50,50
learned_part,42,9274,dev_unseen,50,4,50,50
learned_part,42,9244,dev_unseen,50,3,44,44
learned_part,42,9269,dev_unseen,50,1,50,50
learned_part,42,9263,dev_unseen,50,2,50,50
learned_part,42,9283,dev_unseen,50,2,50,50
learned_part,42,9234,dev_unseen,50,3,50,50
learned_part,42,9287,dev_unseen,50,0,50,50
learned_part,42,7366,dev_unseen,51,2,51,17
learned_part,42,7353,dev_unseen,51,4,17,17
learned_part,42,7336,dev_unseen,51,1,63,40
learned_part,42,7371,dev_unseen,51,0,64,64
learned_part,42,7359,dev_unseen,51,2,51,51
learned_part,42,7332,dev_unseen,51,3,50,50
learned_part,42,7373,dev_unseen,51,0,64,40
learned_part,42,7364,dev_unseen,51,3,64,64
learned_part,42,7348,dev_unseen,51,1,17,17
learned_part,42,7370,dev_unseen,51,4,17,17
learned_part,42,250,dev_unseen,52,0,52,52
learned_part,42,242,dev_unseen,52,2,52,52
learned_part,42,268,dev_unseen,52,1,52,52
learned_part,42,280,dev_unseen,52,1,52,52
learned_part,42,243,dev_unseen,52,2,52,52
learned_part,42,253,dev_unseen,52,4,52,52
learned_part,42,249,dev_unseen,52,3,52,52
learned_part,42,247,dev_unseen,52,0,52,52
learned_part,42,274,dev_unseen,52,3,52,52
learned_part,42,272,dev_unseen,52,4,52,52
learned_part,42,7188,dev_unseen,53,3,40,40
learned_part,42,7157,dev_unseen,53,3,64,64
learned_part,42,7208,dev_unseen,53,4,63,63
learned_part,42,7195,dev_unseen,53,4,63,63
learned_part,42,7161,dev_unseen,53,0,64,64
learned_part,42,7191,dev_unseen,53,0,64,64
learned_part,42,7179,dev_unseen,53,1,64,63
learned_part,42,7171,dev_unseen,53,2,64,64
learned_part,42,7178,dev_unseen,53,2,64,64
learned_part,42,7163,dev_unseen,53,1,64,64
learned_part,42,6362,dev_unseen,54,2,54,54
learned_part,42,6353,dev_unseen,54,0,54,18
learned_part,42,6347,dev_unseen,54,0,54,54
learned_part,42,6339,dev_unseen,54,1,50,55
learned_part,42,6373,dev_unseen,54,4,44,54
learned_part,42,6345,dev_unseen,54,3,54,54
learned_part,42,6335,dev_unseen,54,3,54,54
learned_part,42,6363,dev_unseen,54,1,54,54
learned_part,42,6350,dev_unseen,54,4,54,54
learned_part,42,6336,dev_unseen,54,2,54,54
learned_part,42,5726,dev_unseen,55,3,55,55
learned_part,42,5688,dev_unseen,55,0,39,39
learned_part,42,5695,dev_unseen,55,0,55,55
learned_part,42,5724,dev_unseen,55,4,56,56
learned_part,42,5727,dev_unseen,55,2,55,55
learned_part,42,5733,dev_unseen,55,1,28,28
learned_part,42,5743,dev_unseen,55,1,55,55
learned_part,42,5698,dev_unseen,55,3,55,55
learned_part,42,5705,dev_unseen,55,2,55,55
learned_part,42,5713,dev_unseen,55,4,50,13
learned_part,42,631,dev_unseen,56,0,56,56
learned_part,42,620,dev_unseen,56,2,56,56
learned_part,42,647,dev_unseen,56,4,56,56
learned_part,42,657,dev_unseen,56,3,56,56
learned_part,42,607,dev_unseen,56,4,56,56
learned_part,42,655,dev_unseen,56,1,56,56
learned_part,42,641,dev_unseen,56,0,50,13
learned_part,42,652,dev_unseen,56,3,56,56
learned_part,42,611,dev_unseen,56,1,56,56
learned_part,42,642,dev_unseen,56,2,56,56
learned_part,42,3023,dev_unseen,57,2,57,57
learned_part,42,3036,dev_unseen,57,2,57,57
learned_part,42,3038,dev_unseen,57,4,57,57
learned_part,42,3043,dev_unseen,57,0,57,57
learned_part,42,3028,dev_unseen,57,1,57,57
learned_part,42,3027,dev_unseen,57,3,57,57
learned_part,42,3041,dev_unseen,57,0,57,57
learned_part,42,3024,dev_unseen,57,1,57,57
learned_part,42,3033,dev_unseen,57,3,57,57
learned_part,42,3014,dev_unseen,57,4,57,57
learned_part,42,2762,dev_unseen,58,3,58,58
learned_part,42,2757,dev_unseen,58,4,58,58
learned_part,42,2745,dev_unseen,58,2,58,58
learned_part,42,2721,dev_unseen,58,3,58,58
learned_part,42,2759,dev_unseen,58,4,58,58
learned_part,42,2739,dev_unseen,58,0,53,58
learned_part,42,2754,dev_unseen,58,1,58,58
learned_part,42,2720,dev_unseen,58,0,58,58
learned_part,42,2724,dev_unseen,58,1,58,58
learned_part,42,2732,dev_unseen,58,2,58,58
learned_part,42,1455,dev_unseen,59,4,59,59
learned_part,42,1445,dev_unseen,59,0,59,71
learned_part,42,1414,dev_unseen,59,2,59,59
learned_part,42,1447,dev_unseen,59,4,59,59
learned_part,42,1461,dev_unseen,59,0,59,59
learned_part,42,1405,dev_unseen,59,3,59,59
learned_part,42,1426,dev_unseen,59,3,59,59
learned_part,42,1458,dev_unseen,59,1,4,4
learned_part,42,1460,dev_unseen,59,1,59,59
learned_part,42,1418,dev_unseen,59,2,59,4
learned_part,42,5458,dev_unseen,60,1,60,60
learned_part,42,5492,dev_unseen,60,3,60,60
learned_part,42,5500,dev_unseen,60,2,60,60
learned_part,42,5472,dev_unseen,60,4,60,60
learned_part,42,5465,dev_unseen,60,0,60,60
learned_part,42,5482,dev_unseen,60,0,60,60
learned_part,42,5461,dev_unseen,60,1,60,60
learned_part,42,5454,dev_unseen,60,2,60,60
learned_part,42,5460,dev_unseen,60,4,60,60
learned_part,42,5462,dev_unseen,60,3,60,60
learned_part,42,1029,dev_unseen,61,4,61,61
learned_part,42,1042,dev_unseen,61,0,61,61
learned_part,42,1026,dev_unseen,61,3,61,61
learned_part,42,1023,dev_unseen,61,2,61,61
learned_part,42,1040,dev_unseen,61,0,61,61
learned_part,42,1048,dev_unseen,61,2,61,61
learned_part,42,1032,dev_unseen,61,1,61,61
learned_part,42,1004,dev_unseen,61,3,61,61
learned_part,42,1000,dev_unseen,61,1,61,61
learned_part,42,1053,dev_unseen,61,4,61,61
learned_part,42,10034,dev_unseen,62,4,70,70
learned_part,42,10038,dev_unseen,62,1,50,50
learned_part,42,10066,dev_unseen,62,3,18,18
learned_part,42,10020,dev_unseen,62,0,62,62
learned_part,42,10013,dev_unseen,62,1,28,28
learned_part,42,10009,dev_unseen,62,3,28,28
learned_part,42,10060,dev_unseen,62,4,17,17
learned_part,42,10015,dev_unseen,62,2,70,70
learned_part,42,10019,dev_unseen,62,0,50,62
learned_part,42,10050,dev_unseen,62,2,62,70
learned_part,42,7045,dev_unseen,63,0,17,64
learned_part,42,7082,dev_unseen,63,2,63,63
learned_part,42,7070,dev_unseen,63,3,64,64
learned_part,42,7059,dev_unseen,63,3,51,51
learned_part,42,7050,dev_unseen,63,1,63,63
learned_part,42,7039,dev_unseen,63,2,63,63
learned_part,42,7042,dev_unseen,63,4,63,63
learned_part,42,7079,dev_unseen,63,1,63,63
learned_part,42,7044,dev_unseen,63,0,63,64
learned_part,42,7052,dev_unseen,63,4,51,7
learned_part,42,7438,dev_unseen,64,0,64,64
learned_part,42,7412,dev_unseen,64,3,64,64
learned_part,42,7411,dev_unseen,64,0,64,64
learned_part,42,7439,dev_unseen,64,4,63,63
learned_part,42,7402,dev_unseen,64,1,64,64
learned_part,42,7444,dev_unseen,64,1,64,64
learned_part,42,7392,dev_unseen,64,3,64,64
learned_part,42,7420,dev_unseen,64,2,64,63
learned_part,42,7393,dev_unseen,64,2,64,64
learned_part,42,7410,dev_unseen,64,4,64,64
learned_part,42,11006,dev_unseen,65,1,65,65
learned_part,42,10966,dev_unseen,65,2,65,65
learned_part,42,10964,dev_unseen,65,0,65,65
learned_part,42,10997,dev_unseen,65,1,65,65
learned_part,42,10988,dev_unseen,65,4,65,65
learned_part,42,11009,dev_unseen,65,2,65,65
learned_part,42,10968,dev_unseen,65,3,65,65
learned_part,42,10982,dev_unseen,65,3,65,65
learned_part,42,10992,dev_unseen,65,0,65,65
learned_part,42,10969,dev_unseen,65,4,65,65
learned_part,42,5844,dev_unseen,66,1,66,66
learned_part,42,5835,dev_unseen,66,1,66,66
learned_part,42,5842,dev_unseen,66,3,66,66
learned_part,42,5841,dev_unseen,66,3,66,66
learned_part,42,5830,dev_unseen,66,0,66,66
learned_part,42,5831,dev_unseen,66,4,66,66
learned_part,42,5819,dev_unseen,66,0,66,66
learned_part,42,5839,dev_unseen,66,2,66,66
learned_part,42,5824,dev_unseen,66,2,66,66
learned_part,42,5834,dev_unseen,66,4,66,66
learned_part,42,4520,dev_unseen,67,4,67,67
learned_part,42,4551,dev_unseen,67,1,67,67
learned_part,42,4541,dev_unseen,67,4,67,67
learned_part,42,4531,dev_unseen,67,0,67,67
learned_part,42,4521,dev_unseen,67,1,12,12
learned_part,42,4510,dev_unseen,67,3,67,67
learned_part,42,4494,dev_unseen,67,3,67,67
learned_part,42,4530,dev_unseen,67,2,67,67
learned_part,42,4549,dev_unseen,67,0,67,67
learned_part,42,4529,dev_unseen,67,2,67,67
learned_part,42,7120,dev_unseen,68,3,53,53
learned_part,42,7090,dev_unseen,68,1,63,63
learned_part,42,7136,dev_unseen,68,4,50,50
learned_part,42,7142,dev_unseen,68,0,17,53
learned_part,42,7108,dev_unseen,68,3,17,17
learned_part,42,7106,dev_unseen,68,0,51,68
learned_part,42,7147,dev_unseen,68,2,17,17
learned_part,42,7143,dev_unseen,68,2,17,17
learned_part,42,7111,dev_unseen,68,1,17,17
learned_part,42,7123,dev_unseen,68,4,17,17
learned_part,42,11668,dev_unseen,69,2,69,0
learned_part,42,11621,dev_unseen,69,3,69,69
learned_part,42,11666,dev_unseen,69,0,0,0
learned_part,42,11610,dev_unseen,69,0,69,69
learned_part,42,11634,dev_unseen,69,1,69,69
learned_part,42,11660,dev_unseen,69,4,69,69
learned_part,42,11612,dev_unseen,69,2,69,69
learned_part,42,11652,dev_unseen,69,4,69,69
learned_part,42,11636,dev_unseen,69,3,69,69
learned_part,42,11657,dev_unseen,69,1,69,69
learned_part,42,9653,dev_unseen,70,4,70,70
learned_part,42,9671,dev_unseen,70,0,70,70
learned_part,42,9710,dev_unseen,70,2,7,70
learned_part,42,9691,dev_unseen,70,3,70,70
learned_part,42,9664,dev_unseen,70,1,70,70
learned_part,42,9677,dev_unseen,70,4,70,70
learned_part,42,9685,dev_unseen,70,1,70,70
learned_part,42,9657,dev_unseen,70,0,70,70
learned_part,42,9675,dev_unseen,70,3,70,70
learned_part,42,9680,dev_unseen,70,2,70,70
learned_part,42,3117,dev_unseen,71,1,71,71
learned_part,42,3082,dev_unseen,71,3,71,71
learned_part,42,3095,dev_unseen,71,1,71,71
learned_part,42,3125,dev_unseen,71,2,71,71
learned_part,42,3109,dev_unseen,71,0,71,71
learned_part,42,3089,dev_unseen,71,4,71,71
learned_part,42,3123,dev_unseen,71,3,71,71
learned_part,42,3120,dev_unseen,71,0,71,71
learned_part,42,3119,dev_unseen,71,2,71,71
learned_part,42,3103,dev_unseen,71,4,71,71
learned_part,42,6000,dev_unseen,72,3,67,67
learned_part,42,5977,dev_unseen,72,1,67,11
learned_part,42,6023,dev_unseen,72,3,67,67
learned_part,42,6026,dev_unseen,72,4,11,11
learned_part,42,6028,dev_unseen,72,0,67,39
learned_part,42,5981,dev_unseen,72,2,11,11
learned_part,42,5994,dev_unseen,72,2,67,11
learned_part,42,6017,dev_unseen,72,1,11,11
learned_part,42,5992,dev_unseen,72,0,67,11
learned_part,42,5979,dev_unseen,72,4,72,72
learned_part,42,9857,dev_unseen,73,4,13,13
learned_part,42,9840,dev_unseen,73,3,73,73
learned_part,42,9844,dev_unseen,73,4,13,13
learned_part,42,9852,dev_unseen,73,1,13,13
learned_part,42,9834,dev_unseen,73,0,73,73
learned_part,42,9859,dev_unseen,73,1,73,73
learned_part,42,9880,dev_unseen,73,3,73,73
learned_part,42,9882,dev_unseen,73,2,28,13
learned_part,42,9833,dev_unseen,73,0,13,13
learned_part,42,9881,dev_unseen,73,2,73,73
learned_part,42,879,dev_unseen,74,3,74,74
learned_part,42,853,dev_unseen,74,0,74,74
learned_part,42,873,dev_unseen,74,4,74,74
learned_part,42,862,dev_unseen,74,2,74,74
learned_part,42,855,dev_unseen,74,1,74,74
learned_part,42,841,dev_unseen,74,1,47,47
learned_part,42,871,dev_unseen,74,4,74,74
learned_part,42,865,dev_unseen,74,3,74,74
learned_part,42,874,dev_unseen,74,0,74,74
learned_part,42,857,dev_unseen,74,2,74,74
learned_part,43,11529,dev_seen,0,4,3,3
learned_part,43,11493,dev_seen,0,1,0,0
learned_part,43,11498,dev_seen,0,3,0,0
learned_part,43,11517,dev_seen,0,0,0,0
learned_part,43,11490,dev_seen,0,2,0,0
learned_part,43,9315,dev_seen,1,1,1,1
learned_part,43,9305,dev_seen,1,3,1,1
learned_part,43,9337,dev_seen,1,2,1,1
learned_part,43,9307,dev_seen,1,0,1,1
learned_part,43,9336,dev_seen,1,4,1,1
learned_part,43,5008,dev_seen,2,1,2,2
learned_part,43,4968,dev_seen,2,4,57,57
learned_part,43,4969,dev_seen,2,3,2,2
learned_part,43,5020,dev_seen,2,2,2,2
learned_part,43,4972,dev_seen,2,0,2,2
learned_part,43,11604,dev_seen,3,0,3,3
learned_part,43,11555,dev_seen,3,2,17,3
learned_part,43,11552,dev_seen,3,3,3,3
learned_part,43,11557,dev_seen,3,4,3,3
learned_part,43,11606,dev_seen,3,1,3,3
learned_part,43,469,dev_seen,4,3,59,59
learned_part,43,444,dev_seen,4,4,37,37
learned_part,43,470,dev_seen,4,2,59,59
learned_part,43,441,dev_seen,4,1,20,20
learned_part,43,429,dev_seen,4,0,4,4
learned_part,43,3608,dev_seen,5,2,5,5
learned_part,43,3650,dev_seen,5,4,5,5
learned_part,43,3618,dev_seen,5,1,5,5
learned_part,43,3609,dev_seen,5,0,5,5
learned_part,43,3614,dev_seen,5,3,5,5
learned_part,43,1595,dev_seen,6,2,6,6
learned_part,43,1589,dev_seen,6,3,20,20
learned_part,43,1603,dev_seen,6,0,38,38
learned_part,43,1632,dev_seen,6,1,20,20
learned_part,43,1587,dev_seen,6,4,6,6
learned_part,43,7619,dev_seen,7,1,17,7
learned_part,43,7608,dev_seen,7,2,17,7
learned_part,43,7570,dev_seen,7,3,7,7
learned_part,43,7610,dev_seen,7,4,40,40
learned_part,43,7569,dev_seen,7,0,7,7
learned_part,43,6235,dev_seen,8,3,6,6
learned_part,43,6243,dev_seen,8,4,20,20
learned_part,43,6250,dev_seen,8,1,38,38
learned_part,43,6220,dev_seen,8,2,20,20
learned_part,43,6228,dev_seen,8,0,8,38
learned_part,43,10440,dev_seen,9,0,9,9
learned_part,43,10451,dev_seen,9,4,9,9
learned_part,43,10459,dev_seen,9,1,9,9
learned_part,43,10460,dev_seen,9,2,17,9
learned_part,43,10428,dev_seen,9,3,62,9
learned_part,43,3375,dev_seen,10,1,32,32
learned_part,43,3389,dev_seen,10,2,10,10
learned_part,43,3412,dev_seen,10,0,34,10
learned_part,43,3396,dev_seen,10,4,10,10
learned_part,43,3422,dev_seen,10,3,32,32
learned_part,43,5960,dev_seen,11,1,11,11
learned_part,43,5919,dev_seen,11,4,11,11
learned_part,43,5935,dev_seen,11,3,11,11
learned_part,43,5967,dev_seen,11,0,11,11
learned_part,43,5968,dev_seen,11,2,67,67
learned_part,43,8755,dev_seen,12,0,12,12
learned_part,43,8738,dev_seen,12,3,12,12
learned_part,43,8761,dev_seen,12,2,12,12
learned_part,43,8704,dev_seen,12,4,12,12
learned_part,43,8734,dev_seen,12,1,12,12
learned_part,43,11731,dev_seen,13,2,13,13
learned_part,43,11746,dev_seen,13,3,13,13
learned_part,43,11781,dev_seen,13,0,13,13
learned_part,43,11762,dev_seen,13,1,13,13
learned_part,43,11787,dev_seen,13,4,13,13
learned_part,43,7883,dev_seen,14,1,14,14
learned_part,43,7905,dev_seen,14,3,14,14
learned_part,43,7885,dev_seen,14,2,14,14
learned_part,43,7902,dev_seen,14,4,14,14
learned_part,43,7875,dev_seen,14,0,14,14
learned_part,43,393,dev_seen,15,4,25,15
learned_part,43,417,dev_seen,15,3,15,15
learned_part,43,392,dev_seen,15,2,52,15
learned_part,43,406,dev_seen,15,0,15,15
learned_part,43,409,dev_seen,15,1,15,15
learned_part,43,4653,dev_seen,16,1,16,16
learned_part,43,4665,dev_seen,16,3,16,16
learned_part,43,4669,dev_seen,16,0,16,16
learned_part,43,4621,dev_seen,16,2,16,16
learned_part,43,4646,dev_seen,16,4,16,16
learned_part,43,6943,dev_seen,17,3,17,17
learned_part,43,6945,dev_seen,17,2,17,17
learned_part,43,6927,dev_seen,17,0,17,17
learned_part,43,6918,dev_seen,17,4,17,17
learned_part,43,6950,dev_seen,17,1,17,17
learned_part,43,9719,dev_seen,18,4,18,18
learned_part,43,9747,dev_seen,18,1,18,18
learned_part,43,9736,dev_seen,18,0,18,18
learned_part,43,9740,dev_seen,18,2,18,18
learned_part,43,9764,dev_seen,18,3,18,18
learned_part,43,9019,dev_seen,19,0,19,19
learned_part,43,9022,dev_seen,19,2,70,19
learned_part,43,9036,dev_seen,19,1,19,19
learned_part,43,9020,dev_seen,19,3,19,19
learned_part,43,9002,dev_seen,19,4,70,70
learned_part,43,1675,dev_seen,20,4,37,37
learned_part,43,1691,dev_seen,20,0,20,6
learned_part,43,1690,dev_seen,20,3,20,6
learned_part,43,1668,dev_seen,20,2,8,8
learned_part,43,1680,dev_seen,20,1,20,20
learned_part,43,907,dev_seen,21,3,21,21
learned_part,43,910,dev_seen,21,4,21,21
learned_part,43,926,dev_seen,21,0,21,21
learned_part,43,916,dev_seen,21,2,21,21
learned_part,43,929,dev_seen,21,1,21,21
learned_part,43,3286,dev_seen,22,4,22,22
learned_part,43,3293,dev_seen,22,0,22,22
learned_part,43,3271,dev_seen,22,3,22,22
learned_part,43,3265,dev_seen,22,1,22,22
learned_part,43,3277,dev_seen,22,2,22,22
learned_part,43,4868,dev_seen,23,2,23,23
learned_part,43,4876,dev_seen,23,1,23,23
learned_part,43,4857,dev_seen,23,3,23,23
learned_part,43,4899,dev_seen,23,4,23,23
learned_part,43,4860,dev_seen,23,0,23,23
learned_part,43,9371,dev_seen,24,1,24,24
learned_part,43,9408,dev_seen,24,0,24,24
learned_part,43,9393,dev_seen,24,2,24,24
learned_part,43,9359,dev_seen,24,3,24,24
learned_part,43,9367,dev_seen,24,4,24,24
learned_part,43,324,dev_seen,25,0,25,25
learned_part,43,347,dev_seen,25,1,25,25
learned_part,43,339,dev_seen,25,4,52,25
learned_part,43,331,dev_seen,25,2,52,25
learned_part,43,364,dev_seen,25,3,25,25
learned_part,43,4242,dev_seen,26,1,26,26
learned_part,43,4233,dev_seen,26,3,26,26
learned_part,43,4230,dev_seen,26,2,26,26
learned_part,43,4208,dev_seen,26,4,26,26
learned_part,43,4243,dev_seen,26,0,26,26
learned_part,43,8170,dev_seen,27,0,49,27
learned_part,43,8187,dev_seen,27,3,49,27
learned_part,43,8167,dev_seen,27,2,27,27
learned_part,43,8198,dev_seen,27,1,27,27
learned_part,43,8202,dev_seen,27,4,27,27
learned_part,43,9895,dev_seen,28,2,28,28
learned_part,43,9923,dev_seen,28,1,28,28
learned_part,43,9898,dev_seen,28,0,28,28
learned_part,43,9902,dev_seen,28,4,28,28
learned_part,43,9933,dev_seen,28,3,28,28
learned_part,43,5086,dev_seen,29,3,58,13
learned_part,43,5087,dev_seen,29,4,29,29
learned_part,43,5143,dev_seen,29,0,29,29
learned_part,43,5131,dev_seen,29,1,29,29
learned_part,43,5089,dev_seen,29,2,29,29
learned_part,43,11076,dev_seen,30,2,30,30
learned_part,43,11089,dev_seen,30,4,30,30
learned_part,43,11075,dev_seen,30,1,30,30
learned_part,43,11112,dev_seen,30,3,30,30
learned_part,43,11109,dev_seen,30,0,30,30
learned_part,43,2910,dev_seen,31,3,31,31
learned_part,43,2928,dev_seen,31,2,31,31
learned_part,43,2927,dev_seen,31,4,31,31
learned_part,43,2905,dev_seen,31,1,31,31
learned_part,43,2914,dev_seen,31,0,31,31
learned_part,43,3591,dev_seen,32,4,10,32
learned_part,43,3572,dev_seen,32,1,32,32
learned_part,43,3564,dev_seen,32,3,32,32
learned_part,43,3560,dev_seen,32,0,32,32
learned_part,43,3561,dev_seen,32,2,34,34
learned_part,43,3003,dev_seen,33,2,33,33
learned_part,43,2999,dev_seen,33,1,33,33
learned_part,43,2973,dev_seen,33,0,33,33
learned_part,43,2994,dev_seen,33,3,33,33
learned_part,43,2969,dev_seen,33,4,33,33
learned_part,43,3739,dev_seen,34,1,10,10
learned_part,43,3776,dev_seen,34,2,32,34
learned_part,43,3756,dev_seen,34,3,34,34
learned_part,43,3743,dev_seen,34,0,34,34
learned_part,43,3757,dev_seen,34,4,32,32
learned_part,43,11238,dev_seen,35,2,35,35
learned_part,43,11206,dev_seen,35,0,35,35
learned_part,43,11210,dev_seen,35,4,35,35
learned_part,43,11240,dev_seen,35,1,35,35
learned_part,43,11214,dev_seen,35,3,35,35
learned_part,43,4278,dev_seen,36,1,36,36
learned_part,43,4296,dev_seen,36,3,26,36
learned_part,43,4303,dev_seen,36,2,36,36
learned_part,43,4268,dev_seen,36,0,26,36
learned_part,43,4269,dev_seen,36,4,36,36
learned_part,43,2777,dev_seen,37,1,37,37
learned_part,43,2797,dev_seen,37,3,37,37
learned_part,43,2779,dev_seen,37,4,59,59
learned_part,43,2823,dev_seen,37,0,37,37
learned_part,43,2808,dev_seen,37,2,37,37
learned_part,43,6290,dev_seen,38,4,38,38
learned_part,43,6287,dev_seen,38,3,38,38
learned_part,43,6291,dev_seen,38,2,38,38
learned_part,43,6305,dev_seen,38,0,38,38
learned_part,43,6309,dev_seen,38,1,38,38
learned_part,43,4449,dev_seen,39,1,39,39
learned_part,43,4478,dev_seen,39,0,39,39
learned_part,43,4485,dev_seen,39,3,39,39
learned_part,43,4490,dev_seen,39,2,39,39
learned_part,43,4491,dev_seen,39,4,39,39
learned_part,43,7298,dev_seen,40,4,64,64
learned_part,43,7322,dev_seen,40,2,64,64
learned_part,43,7274,dev_seen,40,0,51,40
learned_part,43,7270,dev_seen,40,1,64,64
learned_part,43,7278,dev_seen,40,3,40,40
learned_part,43,15,dev_seen,41,0,42,41
learned_part,43,49,dev_seen,41,3,41,41
learned_part,43,42,dev_seen,41,4,41,41
learned_part,43,41,dev_seen,41,1,42,41
learned_part,43,2,dev_seen,41,2,42,42
learned_part,43,137,dev_seen,42,4,42,42
learned_part,43,127,dev_seen,42,3,42,42
learned_part,43,125,dev_seen,42,0,42,42
learned_part,43,122,dev_seen,42,1,42,42
learned_part,43,136,dev_seen,42,2,42,42
learned_part,43,6167,dev_seen,43,4,15,15
learned_part,43,6184,dev_seen,43,2,43,43
learned_part,43,6168,dev_seen,43,3,43,43
learned_part,43,6186,dev_seen,43,0,43,43
learned_part,43,6191,dev_seen,43,1,43,43
learned_part,43,8661,dev_seen,44,2,44,44
learned_part,43,8689,dev_seen,44,0,44,44
learned_part,43,8671,dev_seen,44,4,44,44
learned_part,43,8646,dev_seen,44,3,51,44
learned_part,43,8701,dev_seen,44,1,44,44
learned_part,43,716,dev_seen,45,4,45,45
learned_part,43,677,dev_seen,45,2,45,45
learned_part,43,699,dev_seen,45,3,45,45
learned_part,43,667,dev_seen,45,1,45,45
learned_part,43,685,dev_seen,45,0,45,45
learned_part,43,4057,dev_seen,46,0,46,46
learned_part,43,4018,dev_seen,46,4,46,46
learned_part,43,4060,dev_seen,46,3,46,46
learned_part,43,4066,dev_seen,46,1,46,46
learned_part,43,4030,dev_seen,46,2,46,46
learned_part,43,4346,dev_seen,47,1,47,47
learned_part,43,4370,dev_seen,47,0,47,47
learned_part,43,4355,dev_seen,47,2,47,47
learned_part,43,4324,dev_seen,47,3,47,47
learned_part,43,4331,dev_seen,47,4,47,47
learned_part,43,9206,dev_seen,48,1,48,48
learned_part,43,9209,dev_seen,48,4,48,48
learned_part,43,9204,dev_seen,48,3,70,70
learned_part,43,9228,dev_seen,48,0,73,48
learned_part,43,9226,dev_seen,48,2,48,48
learned_part,43,8151,dev_seen,49,2,49,49
learned_part,43,8142,dev_seen,49,4,49,49
learned_part,43,8115,dev_seen,49,0,49,49
learned_part,43,8107,dev_seen,49,1,49,49
learned_part,43,8121,dev_seen,49,3,49,49
learned_part,43,9286,dev_unseen,50,1,50,50
learned_part,43,9237,dev_unseen,50,0,50,50
learned_part,43,9291,dev_unseen,50,4,50,50
learned_part,43,9274,dev_unseen,50,4,50,50
learned_part,43,9244,dev_unseen,50,3,44,44
learned_part,43,9269,dev_unseen,50,1,50,50
learned_part,43,9263,dev_unseen,50,2,50,50
learned_part,43,9283,dev_unseen,50,2,50,50
learned_part,43,9234,dev_unseen,50,3,50,50
learned_part,43,9287,dev_unseen,50,0,50,50
learned_part,43,7366,dev_unseen,51,2,51,17
learned_part,43,7353,dev_unseen,51,4,17,17
learned_part,43,7336,dev_unseen,51,1,63,40
learned_part,43,7371,dev_unseen,51,0,64,64
learned_part,43,7359,dev_unseen,51,2,51,51
learned_part,43,7332,dev_unseen,51,3,50,50
learned_part,43,7373,dev_unseen,51,0,64,40
learned_part,43,7364,dev_unseen,51,3,64,64
learned_part,43,7348,dev_unseen,51,1,17,17
learned_part,43,7370,dev_unseen,51,4,17,17
learned_part,43,250,dev_unseen,52,0,52,52
learned_part,43,242,dev_unseen,52,2,52,52
learned_part,43,268,dev_unseen,52,1,52,52
learned_part,43,280,dev_unseen,52,1,52,52
learned_part,43,243,dev_unseen,52,2,52,52
learned_part,43,253,dev_unseen,52,4,52,52
learned_part,43,249,dev_unseen,52,3,52,52
learned_part,43,247,dev_unseen,52,0,52,52
learned_part,43,274,dev_unseen,52,3,52,52
learned_part,43,272,dev_unseen,52,4,52,52
learned_part,43,7188,dev_unseen,53,3,40,40
learned_part,43,7157,dev_unseen,53,3,64,64
learned_part,43,7208,dev_unseen,53,4,63,63
learned_part,43,7195,dev_unseen,53,4,63,63
learned_part,43,7161,dev_unseen,53,0,64,64
learned_part,43,7191,dev_unseen,53,0,64,64
learned_part,43,7179,dev_unseen,53,1,64,63
learned_part,43,7171,dev_unseen,53,2,64,64
learned_part,43,7178,dev_unseen,53,2,64,64
learned_part,43,7163,dev_unseen,53,1,64,64
learned_part,43,6362,dev_unseen,54,2,54,54
learned_part,43,6353,dev_unseen,54,0,54,18
learned_part,43,6347,dev_unseen,54,0,54,54
learned_part,43,6339,dev_unseen,54,1,50,55
learned_part,43,6373,dev_unseen,54,4,44,54
learned_part,43,6345,dev_unseen,54,3,54,54
learned_part,43,6335,dev_unseen,54,3,54,54
learned_part,43,6363,dev_unseen,54,1,54,54
learned_part,43,6350,dev_unseen,54,4,54,54
learned_part,43,6336,dev_unseen,54,2,54,54
learned_part,43,5726,dev_unseen,55,3,55,55
learned_part,43,5688,dev_unseen,55,0,39,39
learned_part,43,5695,dev_unseen,55,0,55,55
learned_part,43,5724,dev_unseen,55,4,56,56
learned_part,43,5727,dev_unseen,55,2,55,55
learned_part,43,5733,dev_unseen,55,1,28,28
learned_part,43,5743,dev_unseen,55,1,55,55
learned_part,43,5698,dev_unseen,55,3,55,55
learned_part,43,5705,dev_unseen,55,2,55,55
learned_part,43,5713,dev_unseen,55,4,50,13
learned_part,43,631,dev_unseen,56,0,56,56
learned_part,43,620,dev_unseen,56,2,56,56
learned_part,43,647,dev_unseen,56,4,56,56
learned_part,43,657,dev_unseen,56,3,56,56
learned_part,43,607,dev_unseen,56,4,56,56
learned_part,43,655,dev_unseen,56,1,56,56
learned_part,43,641,dev_unseen,56,0,50,13
learned_part,43,652,dev_unseen,56,3,56,56
learned_part,43,611,dev_unseen,56,1,56,56
learned_part,43,642,dev_unseen,56,2,56,56
learned_part,43,3023,dev_unseen,57,2,57,57
learned_part,43,3036,dev_unseen,57,2,57,57
learned_part,43,3038,dev_unseen,57,4,57,57
learned_part,43,3043,dev_unseen,57,0,57,57
learned_part,43,3028,dev_unseen,57,1,57,57
learned_part,43,3027,dev_unseen,57,3,57,57
learned_part,43,3041,dev_unseen,57,0,57,57
learned_part,43,3024,dev_unseen,57,1,57,57
learned_part,43,3033,dev_unseen,57,3,57,57
learned_part,43,3014,dev_unseen,57,4,57,57
learned_part,43,2762,dev_unseen,58,3,58,58
learned_part,43,2757,dev_unseen,58,4,58,58
learned_part,43,2745,dev_unseen,58,2,58,58
learned_part,43,2721,dev_unseen,58,3,58,58
learned_part,43,2759,dev_unseen,58,4,58,58
learned_part,43,2739,dev_unseen,58,0,53,58
learned_part,43,2754,dev_unseen,58,1,58,58
learned_part,43,2720,dev_unseen,58,0,58,58
learned_part,43,2724,dev_unseen,58,1,58,58
learned_part,43,2732,dev_unseen,58,2,58,58
learned_part,43,1455,dev_unseen,59,4,59,59
learned_part,43,1445,dev_unseen,59,0,59,71
learned_part,43,1414,dev_unseen,59,2,59,59
learned_part,43,1447,dev_unseen,59,4,59,59
learned_part,43,1461,dev_unseen,59,0,59,59
learned_part,43,1405,dev_unseen,59,3,59,59
learned_part,43,1426,dev_unseen,59,3,59,59
learned_part,43,1458,dev_unseen,59,1,4,4
learned_part,43,1460,dev_unseen,59,1,59,59
learned_part,43,1418,dev_unseen,59,2,59,4
learned_part,43,5458,dev_unseen,60,1,60,60
learned_part,43,5492,dev_unseen,60,3,60,60
learned_part,43,5500,dev_unseen,60,2,60,60
learned_part,43,5472,dev_unseen,60,4,60,60
learned_part,43,5465,dev_unseen,60,0,60,60
learned_part,43,5482,dev_unseen,60,0,60,60
learned_part,43,5461,dev_unseen,60,1,60,60
learned_part,43,5454,dev_unseen,60,2,60,60
learned_part,43,5460,dev_unseen,60,4,60,60
learned_part,43,5462,dev_unseen,60,3,60,60
learned_part,43,1029,dev_unseen,61,4,61,61
learned_part,43,1042,dev_unseen,61,0,61,61
learned_part,43,1026,dev_unseen,61,3,61,61
learned_part,43,1023,dev_unseen,61,2,61,61
learned_part,43,1040,dev_unseen,61,0,61,61
learned_part,43,1048,dev_unseen,61,2,61,61
learned_part,43,1032,dev_unseen,61,1,61,61
learned_part,43,1004,dev_unseen,61,3,61,61
learned_part,43,1000,dev_unseen,61,1,61,61
learned_part,43,1053,dev_unseen,61,4,61,61
learned_part,43,10034,dev_unseen,62,4,70,70
learned_part,43,10038,dev_unseen,62,1,50,50
learned_part,43,10066,dev_unseen,62,3,18,18
learned_part,43,10020,dev_unseen,62,0,62,62
learned_part,43,10013,dev_unseen,62,1,28,28
learned_part,43,10009,dev_unseen,62,3,28,28
learned_part,43,10060,dev_unseen,62,4,17,17
learned_part,43,10015,dev_unseen,62,2,70,70
learned_part,43,10019,dev_unseen,62,0,50,50
learned_part,43,10050,dev_unseen,62,2,62,70
learned_part,43,7045,dev_unseen,63,0,17,64
learned_part,43,7082,dev_unseen,63,2,63,63
learned_part,43,7070,dev_unseen,63,3,64,64
learned_part,43,7059,dev_unseen,63,3,51,51
learned_part,43,7050,dev_unseen,63,1,63,63
learned_part,43,7039,dev_unseen,63,2,63,63
learned_part,43,7042,dev_unseen,63,4,63,63
learned_part,43,7079,dev_unseen,63,1,63,63
learned_part,43,7044,dev_unseen,63,0,63,64
learned_part,43,7052,dev_unseen,63,4,51,7
learned_part,43,7438,dev_unseen,64,0,64,64
learned_part,43,7412,dev_unseen,64,3,64,64
learned_part,43,7411,dev_unseen,64,0,64,64
learned_part,43,7439,dev_unseen,64,4,63,63
learned_part,43,7402,dev_unseen,64,1,64,64
learned_part,43,7444,dev_unseen,64,1,64,64
learned_part,43,7392,dev_unseen,64,3,64,64
learned_part,43,7420,dev_unseen,64,2,64,63
learned_part,43,7393,dev_unseen,64,2,64,64
learned_part,43,7410,dev_unseen,64,4,64,64
learned_part,43,11006,dev_unseen,65,1,65,65
learned_part,43,10966,dev_unseen,65,2,65,65
learned_part,43,10964,dev_unseen,65,0,65,65
learned_part,43,10997,dev_unseen,65,1,65,65
learned_part,43,10988,dev_unseen,65,4,65,65
learned_part,43,11009,dev_unseen,65,2,65,65
learned_part,43,10968,dev_unseen,65,3,65,65
learned_part,43,10982,dev_unseen,65,3,65,65
learned_part,43,10992,dev_unseen,65,0,65,65
learned_part,43,10969,dev_unseen,65,4,65,65
learned_part,43,5844,dev_unseen,66,1,66,66
learned_part,43,5835,dev_unseen,66,1,66,66
learned_part,43,5842,dev_unseen,66,3,66,66
learned_part,43,5841,dev_unseen,66,3,66,66
learned_part,43,5830,dev_unseen,66,0,66,66
learned_part,43,5831,dev_unseen,66,4,66,66
learned_part,43,5819,dev_unseen,66,0,66,66
learned_part,43,5839,dev_unseen,66,2,66,66
learned_part,43,5824,dev_unseen,66,2,66,66
learned_part,43,5834,dev_unseen,66,4,66,66
learned_part,43,4520,dev_unseen,67,4,67,67
learned_part,43,4551,dev_unseen,67,1,67,67
learned_part,43,4541,dev_unseen,67,4,67,67
learned_part,43,4531,dev_unseen,67,0,67,67
learned_part,43,4521,dev_unseen,67,1,12,12
learned_part,43,4510,dev_unseen,67,3,67,67
learned_part,43,4494,dev_unseen,67,3,67,67
learned_part,43,4530,dev_unseen,67,2,67,67
learned_part,43,4549,dev_unseen,67,0,67,67
learned_part,43,4529,dev_unseen,67,2,67,67
learned_part,43,7120,dev_unseen,68,3,53,53
learned_part,43,7090,dev_unseen,68,1,63,63
learned_part,43,7136,dev_unseen,68,4,50,50
learned_part,43,7142,dev_unseen,68,0,17,53
learned_part,43,7108,dev_unseen,68,3,17,17
learned_part,43,7106,dev_unseen,68,0,51,68
learned_part,43,7147,dev_unseen,68,2,17,17
learned_part,43,7143,dev_unseen,68,2,17,17
learned_part,43,7111,dev_unseen,68,1,17,17
learned_part,43,7123,dev_unseen,68,4,17,17
learned_part,43,11668,dev_unseen,69,2,69,69
learned_part,43,11621,dev_unseen,69,3,69,69
learned_part,43,11666,dev_unseen,69,0,0,0
learned_part,43,11610,dev_unseen,69,0,69,69
learned_part,43,11634,dev_unseen,69,1,69,69
learned_part,43,11660,dev_unseen,69,4,69,69
learned_part,43,11612,dev_unseen,69,2,69,69
learned_part,43,11652,dev_unseen,69,4,69,69
learned_part,43,11636,dev_unseen,69,3,69,69
learned_part,43,11657,dev_unseen,69,1,69,69
learned_part,43,9653,dev_unseen,70,4,70,70
learned_part,43,9671,dev_unseen,70,0,70,70
learned_part,43,9710,dev_unseen,70,2,7,7
learned_part,43,9691,dev_unseen,70,3,70,70
learned_part,43,9664,dev_unseen,70,1,70,70
learned_part,43,9677,dev_unseen,70,4,70,70
learned_part,43,9685,dev_unseen,70,1,70,70
learned_part,43,9657,dev_unseen,70,0,70,70
learned_part,43,9675,dev_unseen,70,3,70,70
learned_part,43,9680,dev_unseen,70,2,70,70
learned_part,43,3117,dev_unseen,71,1,71,71
learned_part,43,3082,dev_unseen,71,3,71,71
learned_part,43,3095,dev_unseen,71,1,71,71
learned_part,43,3125,dev_unseen,71,2,71,71
learned_part,43,3109,dev_unseen,71,0,71,71
learned_part,43,3089,dev_unseen,71,4,71,71
learned_part,43,3123,dev_unseen,71,3,71,71
learned_part,43,3120,dev_unseen,71,0,71,71
learned_part,43,3119,dev_unseen,71,2,71,71
learned_part,43,3103,dev_unseen,71,4,71,71
learned_part,43,6000,dev_unseen,72,3,67,67
learned_part,43,5977,dev_unseen,72,1,67,11
learned_part,43,6023,dev_unseen,72,3,67,67
learned_part,43,6026,dev_unseen,72,4,11,11
learned_part,43,6028,dev_unseen,72,0,67,39
learned_part,43,5981,dev_unseen,72,2,11,11
learned_part,43,5994,dev_unseen,72,2,67,11
learned_part,43,6017,dev_unseen,72,1,11,11
learned_part,43,5992,dev_unseen,72,0,67,11
learned_part,43,5979,dev_unseen,72,4,72,72
learned_part,43,9857,dev_unseen,73,4,13,13
learned_part,43,9840,dev_unseen,73,3,73,73
learned_part,43,9844,dev_unseen,73,4,13,13
learned_part,43,9852,dev_unseen,73,1,13,13
learned_part,43,9834,dev_unseen,73,0,73,73
learned_part,43,9859,dev_unseen,73,1,73,73
learned_part,43,9880,dev_unseen,73,3,73,73
learned_part,43,9882,dev_unseen,73,2,28,13
learned_part,43,9833,dev_unseen,73,0,13,13
learned_part,43,9881,dev_unseen,73,2,73,73
learned_part,43,879,dev_unseen,74,3,74,74
learned_part,43,853,dev_unseen,74,0,74,74
learned_part,43,873,dev_unseen,74,4,74,74
learned_part,43,862,dev_unseen,74,2,74,74
learned_part,43,855,dev_unseen,74,1,74,74
learned_part,43,841,dev_unseen,74,1,47,47
learned_part,43,871,dev_unseen,74,4,74,74
learned_part,43,865,dev_unseen,74,3,74,74
learned_part,43,874,dev_unseen,74,0,74,74
learned_part,43,857,dev_unseen,74,2,74,74
learned_part,44,11529,dev_seen,0,4,3,3
learned_part,44,11493,dev_seen,0,1,0,0
learned_part,44,11498,dev_seen,0,3,0,0
learned_part,44,11517,dev_seen,0,0,0,0
learned_part,44,11490,dev_seen,0,2,0,0
learned_part,44,9315,dev_seen,1,1,1,1
learned_part,44,9305,dev_seen,1,3,1,1
learned_part,44,9337,dev_seen,1,2,1,1
learned_part,44,9307,dev_seen,1,0,1,1
learned_part,44,9336,dev_seen,1,4,1,1
learned_part,44,5008,dev_seen,2,1,2,2
learned_part,44,4968,dev_seen,2,4,57,57
learned_part,44,4969,dev_seen,2,3,2,2
learned_part,44,5020,dev_seen,2,2,2,2
learned_part,44,4972,dev_seen,2,0,2,2
learned_part,44,11604,dev_seen,3,0,3,3
learned_part,44,11555,dev_seen,3,2,17,3
learned_part,44,11552,dev_seen,3,3,3,3
learned_part,44,11557,dev_seen,3,4,3,3
learned_part,44,11606,dev_seen,3,1,3,3
learned_part,44,469,dev_seen,4,3,59,59
learned_part,44,444,dev_seen,4,4,37,37
learned_part,44,470,dev_seen,4,2,59,59
learned_part,44,441,dev_seen,4,1,20,20
learned_part,44,429,dev_seen,4,0,4,4
learned_part,44,3608,dev_seen,5,2,5,5
learned_part,44,3650,dev_seen,5,4,5,5
learned_part,44,3618,dev_seen,5,1,5,5
learned_part,44,3609,dev_seen,5,0,5,5
learned_part,44,3614,dev_seen,5,3,5,5
learned_part,44,1595,dev_seen,6,2,6,6
learned_part,44,1589,dev_seen,6,3,20,20
learned_part,44,1603,dev_seen,6,0,38,38
learned_part,44,1632,dev_seen,6,1,20,6
learned_part,44,1587,dev_seen,6,4,6,6
learned_part,44,7619,dev_seen,7,1,17,7
learned_part,44,7608,dev_seen,7,2,17,7
learned_part,44,7570,dev_seen,7,3,7,7
learned_part,44,7610,dev_seen,7,4,40,40
learned_part,44,7569,dev_seen,7,0,7,7
learned_part,44,6235,dev_seen,8,3,6,6
learned_part,44,6243,dev_seen,8,4,20,20
learned_part,44,6250,dev_seen,8,1,38,38
learned_part,44,6220,dev_seen,8,2,20,20
learned_part,44,6228,dev_seen,8,0,8,8
learned_part,44,10440,dev_seen,9,0,9,9
learned_part,44,10451,dev_seen,9,4,9,9
learned_part,44,10459,dev_seen,9,1,9,9
learned_part,44,10460,dev_seen,9,2,17,9
learned_part,44,10428,dev_seen,9,3,62,9
learned_part,44,3375,dev_seen,10,1,32,32
learned_part,44,3389,dev_seen,10,2,10,10
learned_part,44,3412,dev_seen,10,0,34,10
learned_part,44,3396,dev_seen,10,4,10,10
learned_part,44,3422,dev_seen,10,3,32,32
learned_part,44,5960,dev_seen,11,1,11,11
learned_part,44,5919,dev_seen,11,4,11,11
learned_part,44,5935,dev_seen,11,3,11,11
learned_part,44,5967,dev_seen,11,0,11,11
learned_part,44,5968,dev_seen,11,2,67,67
learned_part,44,8755,dev_seen,12,0,12,12
learned_part,44,8738,dev_seen,12,3,12,12
learned_part,44,8761,dev_seen,12,2,12,12
learned_part,44,8704,dev_seen,12,4,12,12
learned_part,44,8734,dev_seen,12,1,12,12
learned_part,44,11731,dev_seen,13,2,13,13
learned_part,44,11746,dev_seen,13,3,13,13
learned_part,44,11781,dev_seen,13,0,13,13
learned_part,44,11762,dev_seen,13,1,13,13
learned_part,44,11787,dev_seen,13,4,13,13
learned_part,44,7883,dev_seen,14,1,14,14
learned_part,44,7905,dev_seen,14,3,14,14
learned_part,44,7885,dev_seen,14,2,14,14
learned_part,44,7902,dev_seen,14,4,14,14
learned_part,44,7875,dev_seen,14,0,14,14
learned_part,44,393,dev_seen,15,4,25,15
learned_part,44,417,dev_seen,15,3,15,15
learned_part,44,392,dev_seen,15,2,52,15
learned_part,44,406,dev_seen,15,0,15,15
learned_part,44,409,dev_seen,15,1,15,15
learned_part,44,4653,dev_seen,16,1,16,16
learned_part,44,4665,dev_seen,16,3,16,16
learned_part,44,4669,dev_seen,16,0,16,16
learned_part,44,4621,dev_seen,16,2,16,16
learned_part,44,4646,dev_seen,16,4,16,16
learned_part,44,6943,dev_seen,17,3,17,17
learned_part,44,6945,dev_seen,17,2,17,17
learned_part,44,6927,dev_seen,17,0,17,17
learned_part,44,6918,dev_seen,17,4,17,17
learned_part,44,6950,dev_seen,17,1,17,17
learned_part,44,9719,dev_seen,18,4,18,18
learned_part,44,9747,dev_seen,18,1,18,18
learned_part,44,9736,dev_seen,18,0,18,18
learned_part,44,9740,dev_seen,18,2,18,18
learned_part,44,9764,dev_seen,18,3,18,18
learned_part,44,9019,dev_seen,19,0,19,19
learned_part,44,9022,dev_seen,19,2,70,19
learned_part,44,9036,dev_seen,19,1,19,19
learned_part,44,9020,dev_seen,19,3,19,19
learned_part,44,9002,dev_seen,19,4,70,70
learned_part,44,1675,dev_seen,20,4,37,37
learned_part,44,1691,dev_seen,20,0,20,6
learned_part,44,1690,dev_seen,20,3,20,6
learned_part,44,1668,dev_seen,20,2,8,8
learned_part,44,1680,dev_seen,20,1,20,20
learned_part,44,907,dev_seen,21,3,21,21
learned_part,44,910,dev_seen,21,4,21,21
learned_part,44,926,dev_seen,21,0,21,21
learned_part,44,916,dev_seen,21,2,21,21
learned_part,44,929,dev_seen,21,1,21,21
learned_part,44,3286,dev_seen,22,4,22,22
learned_part,44,3293,dev_seen,22,0,22,22
learned_part,44,3271,dev_seen,22,3,22,22
learned_part,44,3265,dev_seen,22,1,22,22
learned_part,44,3277,dev_seen,22,2,22,22
learned_part,44,4868,dev_seen,23,2,23,23
learned_part,44,4876,dev_seen,23,1,23,23
learned_part,44,4857,dev_seen,23,3,23,23
learned_part,44,4899,dev_seen,23,4,23,23
learned_part,44,4860,dev_seen,23,0,23,23
learned_part,44,9371,dev_seen,24,1,24,24
learned_part,44,9408,dev_seen,24,0,24,24
learned_part,44,9393,dev_seen,24,2,24,24
learned_part,44,9359,dev_seen,24,3,24,24
learned_part,44,9367,dev_seen,24,4,24,24
learned_part,44,324,dev_seen,25,0,25,25
learned_part,44,347,dev_seen,25,1,25,25
learned_part,44,339,dev_seen,25,4,52,25
learned_part,44,331,dev_seen,25,2,52,25
learned_part,44,364,dev_seen,25,3,25,25
learned_part,44,4242,dev_seen,26,1,26,26
learned_part,44,4233,dev_seen,26,3,26,26
learned_part,44,4230,dev_seen,26,2,26,26
learned_part,44,4208,dev_seen,26,4,26,26
learned_part,44,4243,dev_seen,26,0,26,26
learned_part,44,8170,dev_seen,27,0,49,27
learned_part,44,8187,dev_seen,27,3,49,27
learned_part,44,8167,dev_seen,27,2,27,27
learned_part,44,8198,dev_seen,27,1,27,27
learned_part,44,8202,dev_seen,27,4,27,27
learned_part,44,9895,dev_seen,28,2,28,28
learned_part,44,9923,dev_seen,28,1,28,28
learned_part,44,9898,dev_seen,28,0,28,28
learned_part,44,9902,dev_seen,28,4,28,28
learned_part,44,9933,dev_seen,28,3,28,28
learned_part,44,5086,dev_seen,29,3,58,13
learned_part,44,5087,dev_seen,29,4,29,29
learned_part,44,5143,dev_seen,29,0,29,29
learned_part,44,5131,dev_seen,29,1,29,29
learned_part,44,5089,dev_seen,29,2,29,29
learned_part,44,11076,dev_seen,30,2,30,30
learned_part,44,11089,dev_seen,30,4,30,30
learned_part,44,11075,dev_seen,30,1,30,30
learned_part,44,11112,dev_seen,30,3,30,30
learned_part,44,11109,dev_seen,30,0,30,30
learned_part,44,2910,dev_seen,31,3,31,31
learned_part,44,2928,dev_seen,31,2,31,31
learned_part,44,2927,dev_seen,31,4,31,31
learned_part,44,2905,dev_seen,31,1,31,31
learned_part,44,2914,dev_seen,31,0,31,31
learned_part,44,3591,dev_seen,32,4,10,32
learned_part,44,3572,dev_seen,32,1,32,32
learned_part,44,3564,dev_seen,32,3,32,32
learned_part,44,3560,dev_seen,32,0,32,32
learned_part,44,3561,dev_seen,32,2,34,34
learned_part,44,3003,dev_seen,33,2,33,33
learned_part,44,2999,dev_seen,33,1,33,33
learned_part,44,2973,dev_seen,33,0,33,33
learned_part,44,2994,dev_seen,33,3,33,33
learned_part,44,2969,dev_seen,33,4,33,33
learned_part,44,3739,dev_seen,34,1,10,10
learned_part,44,3776,dev_seen,34,2,32,34
learned_part,44,3756,dev_seen,34,3,34,34
learned_part,44,3743,dev_seen,34,0,34,34
learned_part,44,3757,dev_seen,34,4,32,32
learned_part,44,11238,dev_seen,35,2,35,35
learned_part,44,11206,dev_seen,35,0,35,35
learned_part,44,11210,dev_seen,35,4,35,35
learned_part,44,11240,dev_seen,35,1,35,35
learned_part,44,11214,dev_seen,35,3,35,35
learned_part,44,4278,dev_seen,36,1,36,36
learned_part,44,4296,dev_seen,36,3,26,36
learned_part,44,4303,dev_seen,36,2,36,36
learned_part,44,4268,dev_seen,36,0,26,36
learned_part,44,4269,dev_seen,36,4,36,36
learned_part,44,2777,dev_seen,37,1,37,37
learned_part,44,2797,dev_seen,37,3,37,37
learned_part,44,2779,dev_seen,37,4,59,59
learned_part,44,2823,dev_seen,37,0,37,37
learned_part,44,2808,dev_seen,37,2,37,37
learned_part,44,6290,dev_seen,38,4,38,38
learned_part,44,6287,dev_seen,38,3,38,38
learned_part,44,6291,dev_seen,38,2,38,38
learned_part,44,6305,dev_seen,38,0,38,38
learned_part,44,6309,dev_seen,38,1,38,38
learned_part,44,4449,dev_seen,39,1,39,39
learned_part,44,4478,dev_seen,39,0,39,39
learned_part,44,4485,dev_seen,39,3,39,39
learned_part,44,4490,dev_seen,39,2,39,39
learned_part,44,4491,dev_seen,39,4,39,39
learned_part,44,7298,dev_seen,40,4,64,64
learned_part,44,7322,dev_seen,40,2,64,64
learned_part,44,7274,dev_seen,40,0,51,40
learned_part,44,7270,dev_seen,40,1,64,64
learned_part,44,7278,dev_seen,40,3,40,40
learned_part,44,15,dev_seen,41,0,42,41
learned_part,44,49,dev_seen,41,3,41,41
learned_part,44,42,dev_seen,41,4,41,41
learned_part,44,41,dev_seen,41,1,42,41
learned_part,44,2,dev_seen,41,2,42,41
learned_part,44,137,dev_seen,42,4,42,42
learned_part,44,127,dev_seen,42,3,42,42
learned_part,44,125,dev_seen,42,0,42,42
learned_part,44,122,dev_seen,42,1,42,42
learned_part,44,136,dev_seen,42,2,42,42
learned_part,44,6167,dev_seen,43,4,15,15
learned_part,44,6184,dev_seen,43,2,43,43
learned_part,44,6168,dev_seen,43,3,43,43
learned_part,44,6186,dev_seen,43,0,43,43
learned_part,44,6191,dev_seen,43,1,43,43
learned_part,44,8661,dev_seen,44,2,44,44
learned_part,44,8689,dev_seen,44,0,44,44
learned_part,44,8671,dev_seen,44,4,44,44
learned_part,44,8646,dev_seen,44,3,51,44
learned_part,44,8701,dev_seen,44,1,44,44
learned_part,44,716,dev_seen,45,4,45,45
learned_part,44,677,dev_seen,45,2,45,45
learned_part,44,699,dev_seen,45,3,45,45
learned_part,44,667,dev_seen,45,1,45,45
learned_part,44,685,dev_seen,45,0,45,45
learned_part,44,4057,dev_seen,46,0,46,46
learned_part,44,4018,dev_seen,46,4,46,46
learned_part,44,4060,dev_seen,46,3,46,46
learned_part,44,4066,dev_seen,46,1,46,46
learned_part,44,4030,dev_seen,46,2,46,46
learned_part,44,4346,dev_seen,47,1,47,47
learned_part,44,4370,dev_seen,47,0,47,47
learned_part,44,4355,dev_seen,47,2,47,47
learned_part,44,4324,dev_seen,47,3,47,47
learned_part,44,4331,dev_seen,47,4,47,47
learned_part,44,9206,dev_seen,48,1,48,48
learned_part,44,9209,dev_seen,48,4,48,48
learned_part,44,9204,dev_seen,48,3,70,70
learned_part,44,9228,dev_seen,48,0,73,73
learned_part,44,9226,dev_seen,48,2,48,48
learned_part,44,8151,dev_seen,49,2,49,49
learned_part,44,8142,dev_seen,49,4,49,49
learned_part,44,8115,dev_seen,49,0,49,49
learned_part,44,8107,dev_seen,49,1,49,49
learned_part,44,8121,dev_seen,49,3,49,49
learned_part,44,9286,dev_unseen,50,1,50,50
learned_part,44,9237,dev_unseen,50,0,50,50
learned_part,44,9291,dev_unseen,50,4,50,50
learned_part,44,9274,dev_unseen,50,4,50,50
learned_part,44,9244,dev_unseen,50,3,44,44
learned_part,44,9269,dev_unseen,50,1,50,50
learned_part,44,9263,dev_unseen,50,2,50,50
learned_part,44,9283,dev_unseen,50,2,50,50
learned_part,44,9234,dev_unseen,50,3,50,50
learned_part,44,9287,dev_unseen,50,0,50,50
learned_part,44,7366,dev_unseen,51,2,51,17
learned_part,44,7353,dev_unseen,51,4,17,17
learned_part,44,7336,dev_unseen,51,1,63,40
learned_part,44,7371,dev_unseen,51,0,64,64
learned_part,44,7359,dev_unseen,51,2,51,51
learned_part,44,7332,dev_unseen,51,3,50,50
learned_part,44,7373,dev_unseen,51,0,64,40
learned_part,44,7364,dev_unseen,51,3,64,64
learned_part,44,7348,dev_unseen,51,1,17,17
learned_part,44,7370,dev_unseen,51,4,17,17
learned_part,44,250,dev_unseen,52,0,52,52
learned_part,44,242,dev_unseen,52,2,52,52
learned_part,44,268,dev_unseen,52,1,52,52
learned_part,44,280,dev_unseen,52,1,52,52
learned_part,44,243,dev_unseen,52,2,52,52
learned_part,44,253,dev_unseen,52,4,52,52
learned_part,44,249,dev_unseen,52,3,52,52
learned_part,44,247,dev_unseen,52,0,52,52
learned_part,44,274,dev_unseen,52,3,52,52
learned_part,44,272,dev_unseen,52,4,52,52
learned_part,44,7188,dev_unseen,53,3,40,40
learned_part,44,7157,dev_unseen,53,3,64,64
learned_part,44,7208,dev_unseen,53,4,63,63
learned_part,44,7195,dev_unseen,53,4,63,63
learned_part,44,7161,dev_unseen,53,0,64,64
learned_part,44,7191,dev_unseen,53,0,64,64
learned_part,44,7179,dev_unseen,53,1,64,63
learned_part,44,7171,dev_unseen,53,2,64,64
learned_part,44,7178,dev_unseen,53,2,64,64
learned_part,44,7163,dev_unseen,53,1,64,64
learned_part,44,6362,dev_unseen,54,2,54,54
learned_part,44,6353,dev_unseen,54,0,54,18
learned_part,44,6347,dev_unseen,54,0,54,54
learned_part,44,6339,dev_unseen,54,1,50,55
learned_part,44,6373,dev_unseen,54,4,44,54
learned_part,44,6345,dev_unseen,54,3,54,54
learned_part,44,6335,dev_unseen,54,3,54,54
learned_part,44,6363,dev_unseen,54,1,54,54
learned_part,44,6350,dev_unseen,54,4,54,54
learned_part,44,6336,dev_unseen,54,2,54,54
learned_part,44,5726,dev_unseen,55,3,55,55
learned_part,44,5688,dev_unseen,55,0,39,39
learned_part,44,5695,dev_unseen,55,0,55,55
learned_part,44,5724,dev_unseen,55,4,56,56
learned_part,44,5727,dev_unseen,55,2,55,55
learned_part,44,5733,dev_unseen,55,1,28,28
learned_part,44,5743,dev_unseen,55,1,55,55
learned_part,44,5698,dev_unseen,55,3,55,55
learned_part,44,5705,dev_unseen,55,2,55,55
learned_part,44,5713,dev_unseen,55,4,50,13
learned_part,44,631,dev_unseen,56,0,56,56
learned_part,44,620,dev_unseen,56,2,56,56
learned_part,44,647,dev_unseen,56,4,56,56
learned_part,44,657,dev_unseen,56,3,56,56
learned_part,44,607,dev_unseen,56,4,56,56
learned_part,44,655,dev_unseen,56,1,56,56
learned_part,44,641,dev_unseen,56,0,50,13
learned_part,44,652,dev_unseen,56,3,56,56
learned_part,44,611,dev_unseen,56,1,56,56
learned_part,44,642,dev_unseen,56,2,56,56
learned_part,44,3023,dev_unseen,57,2,57,57
learned_part,44,3036,dev_unseen,57,2,57,57
learned_part,44,3038,dev_unseen,57,4,57,57
learned_part,44,3043,dev_unseen,57,0,57,57
learned_part,44,3028,dev_unseen,57,1,57,57
learned_part,44,3027,dev_unseen,57,3,57,57
learned_part,44,3041,dev_unseen,57,0,57,57
learned_part,44,3024,dev_unseen,57,1,57,57
learned_part,44,3033,dev_unseen,57,3,57,57
learned_part,44,3014,dev_unseen,57,4,57,57
learned_part,44,2762,dev_unseen,58,3,58,58
learned_part,44,2757,dev_unseen,58,4,58,58
learned_part,44,2745,dev_unseen,58,2,58,58
learned_part,44,2721,dev_unseen,58,3,58,58
learned_part,44,2759,dev_unseen,58,4,58,58
learned_part,44,2739,dev_unseen,58,0,53,58
learned_part,44,2754,dev_unseen,58,1,58,58
learned_part,44,2720,dev_unseen,58,0,58,58
learned_part,44,2724,dev_unseen,58,1,58,58
learned_part,44,2732,dev_unseen,58,2,58,58
learned_part,44,1455,dev_unseen,59,4,59,59
learned_part,44,1445,dev_unseen,59,0,59,71
learned_part,44,1414,dev_unseen,59,2,59,59
learned_part,44,1447,dev_unseen,59,4,59,59
learned_part,44,1461,dev_unseen,59,0,59,59
learned_part,44,1405,dev_unseen,59,3,59,59
learned_part,44,1426,dev_unseen,59,3,59,59
learned_part,44,1458,dev_unseen,59,1,4,4
learned_part,44,1460,dev_unseen,59,1,59,59
learned_part,44,1418,dev_unseen,59,2,59,4
learned_part,44,5458,dev_unseen,60,1,60,60
learned_part,44,5492,dev_unseen,60,3,60,60
learned_part,44,5500,dev_unseen,60,2,60,60
learned_part,44,5472,dev_unseen,60,4,60,60
learned_part,44,5465,dev_unseen,60,0,60,60
learned_part,44,5482,dev_unseen,60,0,60,60
learned_part,44,5461,dev_unseen,60,1,60,60
learned_part,44,5454,dev_unseen,60,2,60,60
learned_part,44,5460,dev_unseen,60,4,60,60
learned_part,44,5462,dev_unseen,60,3,60,60
learned_part,44,1029,dev_unseen,61,4,61,61
learned_part,44,1042,dev_unseen,61,0,61,61
learned_part,44,1026,dev_unseen,61,3,61,61
learned_part,44,1023,dev_unseen,61,2,61,61
learned_part,44,1040,dev_unseen,61,0,61,61
learned_part,44,1048,dev_unseen,61,2,61,61
learned_part,44,1032,dev_unseen,61,1,61,61
learned_part,44,1004,dev_unseen,61,3,61,61
learned_part,44,1000,dev_unseen,61,1,61,61
learned_part,44,1053,dev_unseen,61,4,61,61
learned_part,44,10034,dev_unseen,62,4,70,70
learned_part,44,10038,dev_unseen,62,1,50,50
learned_part,44,10066,dev_unseen,62,3,18,18
learned_part,44,10020,dev_unseen,62,0,62,62
learned_part,44,10013,dev_unseen,62,1,28,28
learned_part,44,10009,dev_unseen,62,3,28,28
learned_part,44,10060,dev_unseen,62,4,17,17
learned_part,44,10015,dev_unseen,62,2,70,70
learned_part,44,10019,dev_unseen,62,0,50,50
learned_part,44,10050,dev_unseen,62,2,62,70
learned_part,44,7045,dev_unseen,63,0,17,64
learned_part,44,7082,dev_unseen,63,2,63,63
learned_part,44,7070,dev_unseen,63,3,64,64
learned_part,44,7059,dev_unseen,63,3,51,51
learned_part,44,7050,dev_unseen,63,1,63,63
learned_part,44,7039,dev_unseen,63,2,63,63
learned_part,44,7042,dev_unseen,63,4,63,63
learned_part,44,7079,dev_unseen,63,1,63,63
learned_part,44,7044,dev_unseen,63,0,63,64
learned_part,44,7052,dev_unseen,63,4,51,7
learned_part,44,7438,dev_unseen,64,0,64,64
learned_part,44,7412,dev_unseen,64,3,64,64
learned_part,44,7411,dev_unseen,64,0,64,64
learned_part,44,7439,dev_unseen,64,4,63,63
learned_part,44,7402,dev_unseen,64,1,64,64
learned_part,44,7444,dev_unseen,64,1,64,64
learned_part,44,7392,dev_unseen,64,3,64,64
learned_part,44,7420,dev_unseen,64,2,64,63
learned_part,44,7393,dev_unseen,64,2,64,64
learned_part,44,7410,dev_unseen,64,4,64,64
learned_part,44,11006,dev_unseen,65,1,65,65
learned_part,44,10966,dev_unseen,65,2,65,65
learned_part,44,10964,dev_unseen,65,0,65,65
learned_part,44,10997,dev_unseen,65,1,65,65
learned_part,44,10988,dev_unseen,65,4,65,65
learned_part,44,11009,dev_unseen,65,2,65,65
learned_part,44,10968,dev_unseen,65,3,65,65
learned_part,44,10982,dev_unseen,65,3,65,65
learned_part,44,10992,dev_unseen,65,0,65,65
learned_part,44,10969,dev_unseen,65,4,65,65
learned_part,44,5844,dev_unseen,66,1,66,66
learned_part,44,5835,dev_unseen,66,1,66,66
learned_part,44,5842,dev_unseen,66,3,66,66
learned_part,44,5841,dev_unseen,66,3,66,66
learned_part,44,5830,dev_unseen,66,0,66,66
learned_part,44,5831,dev_unseen,66,4,66,66
learned_part,44,5819,dev_unseen,66,0,66,66
learned_part,44,5839,dev_unseen,66,2,66,66
learned_part,44,5824,dev_unseen,66,2,66,66
learned_part,44,5834,dev_unseen,66,4,66,66
learned_part,44,4520,dev_unseen,67,4,67,67
learned_part,44,4551,dev_unseen,67,1,67,67
learned_part,44,4541,dev_unseen,67,4,67,67
learned_part,44,4531,dev_unseen,67,0,67,67
learned_part,44,4521,dev_unseen,67,1,12,12
learned_part,44,4510,dev_unseen,67,3,67,67
learned_part,44,4494,dev_unseen,67,3,67,67
learned_part,44,4530,dev_unseen,67,2,67,67
learned_part,44,4549,dev_unseen,67,0,67,67
learned_part,44,4529,dev_unseen,67,2,67,67
learned_part,44,7120,dev_unseen,68,3,53,53
learned_part,44,7090,dev_unseen,68,1,63,63
learned_part,44,7136,dev_unseen,68,4,50,50
learned_part,44,7142,dev_unseen,68,0,17,53
learned_part,44,7108,dev_unseen,68,3,17,17
learned_part,44,7106,dev_unseen,68,0,51,68
learned_part,44,7147,dev_unseen,68,2,17,17
learned_part,44,7143,dev_unseen,68,2,17,17
learned_part,44,7111,dev_unseen,68,1,17,17
learned_part,44,7123,dev_unseen,68,4,17,17
learned_part,44,11668,dev_unseen,69,2,69,0
learned_part,44,11621,dev_unseen,69,3,69,69
learned_part,44,11666,dev_unseen,69,0,0,0
learned_part,44,11610,dev_unseen,69,0,69,69
learned_part,44,11634,dev_unseen,69,1,69,69
learned_part,44,11660,dev_unseen,69,4,69,69
learned_part,44,11612,dev_unseen,69,2,69,69
learned_part,44,11652,dev_unseen,69,4,69,69
learned_part,44,11636,dev_unseen,69,3,69,69
learned_part,44,11657,dev_unseen,69,1,69,69
learned_part,44,9653,dev_unseen,70,4,70,70
learned_part,44,9671,dev_unseen,70,0,70,70
learned_part,44,9710,dev_unseen,70,2,7,70
learned_part,44,9691,dev_unseen,70,3,70,70
learned_part,44,9664,dev_unseen,70,1,70,70
learned_part,44,9677,dev_unseen,70,4,70,70
learned_part,44,9685,dev_unseen,70,1,70,70
learned_part,44,9657,dev_unseen,70,0,70,70
learned_part,44,9675,dev_unseen,70,3,70,70
learned_part,44,9680,dev_unseen,70,2,70,70
learned_part,44,3117,dev_unseen,71,1,71,71
learned_part,44,3082,dev_unseen,71,3,71,71
learned_part,44,3095,dev_unseen,71,1,71,71
learned_part,44,3125,dev_unseen,71,2,71,71
learned_part,44,3109,dev_unseen,71,0,71,71
learned_part,44,3089,dev_unseen,71,4,71,71
learned_part,44,3123,dev_unseen,71,3,71,71
learned_part,44,3120,dev_unseen,71,0,71,71
learned_part,44,3119,dev_unseen,71,2,71,71
learned_part,44,3103,dev_unseen,71,4,71,71
learned_part,44,6000,dev_unseen,72,3,67,67
learned_part,44,5977,dev_unseen,72,1,67,11
learned_part,44,6023,dev_unseen,72,3,67,67
learned_part,44,6026,dev_unseen,72,4,11,11
learned_part,44,6028,dev_unseen,72,0,67,39
learned_part,44,5981,dev_unseen,72,2,11,11
learned_part,44,5994,dev_unseen,72,2,67,11
learned_part,44,6017,dev_unseen,72,1,11,11
learned_part,44,5992,dev_unseen,72,0,67,11
learned_part,44,5979,dev_unseen,72,4,72,72
learned_part,44,9857,dev_unseen,73,4,13,13
learned_part,44,9840,dev_unseen,73,3,73,73
learned_part,44,9844,dev_unseen,73,4,13,13
learned_part,44,9852,dev_unseen,73,1,13,13
learned_part,44,9834,dev_unseen,73,0,73,73
learned_part,44,9859,dev_unseen,73,1,73,73
learned_part,44,9880,dev_unseen,73,3,73,73
learned_part,44,9882,dev_unseen,73,2,28,13
learned_part,44,9833,dev_unseen,73,0,13,13
learned_part,44,9881,dev_unseen,73,2,73,73
learned_part,44,879,dev_unseen,74,3,74,74
learned_part,44,853,dev_unseen,74,0,74,74
learned_part,44,873,dev_unseen,74,4,74,74
learned_part,44,862,dev_unseen,74,2,74,74
learned_part,44,855,dev_unseen,74,1,74,74
learned_part,44,841,dev_unseen,74,1,47,47
learned_part,44,871,dev_unseen,74,4,74,74
learned_part,44,865,dev_unseen,74,3,74,74
learned_part,44,874,dev_unseen,74,0,74,74
learned_part,44,857,dev_unseen,74,2,74,74
wrong_part,42,11529,dev_seen,0,4,3,3
wrong_part,42,11493,dev_seen,0,1,0,0
wrong_part,42,11498,dev_seen,0,3,0,0
wrong_part,42,11517,dev_seen,0,0,0,0
wrong_part,42,11490,dev_seen,0,2,0,0
wrong_part,42,9315,dev_seen,1,1,1,1
wrong_part,42,9305,dev_seen,1,3,1,1
wrong_part,42,9337,dev_seen,1,2,1,1
wrong_part,42,9307,dev_seen,1,0,1,1
wrong_part,42,9336,dev_seen,1,4,1,1
wrong_part,42,5008,dev_seen,2,1,2,2
wrong_part,42,4968,dev_seen,2,4,57,57
wrong_part,42,4969,dev_seen,2,3,2,2
wrong_part,42,5020,dev_seen,2,2,2,2
wrong_part,42,4972,dev_seen,2,0,2,2
wrong_part,42,11604,dev_seen,3,0,3,3
wrong_part,42,11555,dev_seen,3,2,17,3
wrong_part,42,11552,dev_seen,3,3,3,3
wrong_part,42,11557,dev_seen,3,4,3,3
wrong_part,42,11606,dev_seen,3,1,3,3
wrong_part,42,469,dev_seen,4,3,59,59
wrong_part,42,444,dev_seen,4,4,37,4
wrong_part,42,470,dev_seen,4,2,59,59
wrong_part,42,441,dev_seen,4,1,20,20
wrong_part,42,429,dev_seen,4,0,4,4
wrong_part,42,3608,dev_seen,5,2,5,5
wrong_part,42,3650,dev_seen,5,4,5,5
wrong_part,42,3618,dev_seen,5,1,5,5
wrong_part,42,3609,dev_seen,5,0,5,5
wrong_part,42,3614,dev_seen,5,3,5,5
wrong_part,42,1595,dev_seen,6,2,6,6
wrong_part,42,1589,dev_seen,6,3,20,20
wrong_part,42,1603,dev_seen,6,0,38,38
wrong_part,42,1632,dev_seen,6,1,20,6
wrong_part,42,1587,dev_seen,6,4,6,6
wrong_part,42,7619,dev_seen,7,1,17,7
wrong_part,42,7608,dev_seen,7,2,17,7
wrong_part,42,7570,dev_seen,7,3,7,7
wrong_part,42,7610,dev_seen,7,4,40,40
wrong_part,42,7569,dev_seen,7,0,7,7
wrong_part,42,6235,dev_seen,8,3,6,6
wrong_part,42,6243,dev_seen,8,4,20,20
wrong_part,42,6250,dev_seen,8,1,38,38
wrong_part,42,6220,dev_seen,8,2,20,20
wrong_part,42,6228,dev_seen,8,0,8,8
wrong_part,42,10440,dev_seen,9,0,9,9
wrong_part,42,10451,dev_seen,9,4,9,9
wrong_part,42,10459,dev_seen,9,1,9,9
wrong_part,42,10460,dev_seen,9,2,17,9
wrong_part,42,10428,dev_seen,9,3,62,9
wrong_part,42,3375,dev_seen,10,1,32,10
wrong_part,42,3389,dev_seen,10,2,10,10
wrong_part,42,3412,dev_seen,10,0,34,10
wrong_part,42,3396,dev_seen,10,4,10,10
wrong_part,42,3422,dev_seen,10,3,32,32
wrong_part,42,5960,dev_seen,11,1,11,11
wrong_part,42,5919,dev_seen,11,4,11,11
wrong_part,42,5935,dev_seen,11,3,11,11
wrong_part,42,5967,dev_seen,11,0,11,11
wrong_part,42,5968,dev_seen,11,2,67,67
wrong_part,42,8755,dev_seen,12,0,12,12
wrong_part,42,8738,dev_seen,12,3,12,12
wrong_part,42,8761,dev_seen,12,2,12,12
wrong_part,42,8704,dev_seen,12,4,12,12
wrong_part,42,8734,dev_seen,12,1,12,12
wrong_part,42,11731,dev_seen,13,2,13,13
wrong_part,42,11746,dev_seen,13,3,13,13
wrong_part,42,11781,dev_seen,13,0,13,13
wrong_part,42,11762,dev_seen,13,1,13,13
wrong_part,42,11787,dev_seen,13,4,13,13
wrong_part,42,7883,dev_seen,14,1,14,14
wrong_part,42,7905,dev_seen,14,3,14,14
wrong_part,42,7885,dev_seen,14,2,14,14
wrong_part,42,7902,dev_seen,14,4,14,14
wrong_part,42,7875,dev_seen,14,0,14,14
wrong_part,42,393,dev_seen,15,4,25,15
wrong_part,42,417,dev_seen,15,3,15,15
wrong_part,42,392,dev_seen,15,2,52,15
wrong_part,42,406,dev_seen,15,0,15,15
wrong_part,42,409,dev_seen,15,1,15,52
wrong_part,42,4653,dev_seen,16,1,16,16
wrong_part,42,4665,dev_seen,16,3,16,16
wrong_part,42,4669,dev_seen,16,0,16,16
wrong_part,42,4621,dev_seen,16,2,16,16
wrong_part,42,4646,dev_seen,16,4,16,16
wrong_part,42,6943,dev_seen,17,3,17,17
wrong_part,42,6945,dev_seen,17,2,17,17
wrong_part,42,6927,dev_seen,17,0,17,17
wrong_part,42,6918,dev_seen,17,4,17,17
wrong_part,42,6950,dev_seen,17,1,17,17
wrong_part,42,9719,dev_seen,18,4,18,18
wrong_part,42,9747,dev_seen,18,1,18,18
wrong_part,42,9736,dev_seen,18,0,18,18
wrong_part,42,9740,dev_seen,18,2,18,18
wrong_part,42,9764,dev_seen,18,3,18,18
wrong_part,42,9019,dev_seen,19,0,19,19
wrong_part,42,9022,dev_seen,19,2,70,19
wrong_part,42,9036,dev_seen,19,1,19,19
wrong_part,42,9020,dev_seen,19,3,19,19
wrong_part,42,9002,dev_seen,19,4,70,19
wrong_part,42,1675,dev_seen,20,4,37,37
wrong_part,42,1691,dev_seen,20,0,20,20
wrong_part,42,1690,dev_seen,20,3,20,6
wrong_part,42,1668,dev_seen,20,2,8,8
wrong_part,42,1680,dev_seen,20,1,20,20
wrong_part,42,907,dev_seen,21,3,21,21
wrong_part,42,910,dev_seen,21,4,21,21
wrong_part,42,926,dev_seen,21,0,21,21
wrong_part,42,916,dev_seen,21,2,21,21
wrong_part,42,929,dev_seen,21,1,21,21
wrong_part,42,3286,dev_seen,22,4,22,22
wrong_part,42,3293,dev_seen,22,0,22,22
wrong_part,42,3271,dev_seen,22,3,22,22
wrong_part,42,3265,dev_seen,22,1,22,22
wrong_part,42,3277,dev_seen,22,2,22,22
wrong_part,42,4868,dev_seen,23,2,23,23
wrong_part,42,4876,dev_seen,23,1,23,23
wrong_part,42,4857,dev_seen,23,3,23,23
wrong_part,42,4899,dev_seen,23,4,23,23
wrong_part,42,4860,dev_seen,23,0,23,23
wrong_part,42,9371,dev_seen,24,1,24,24
wrong_part,42,9408,dev_seen,24,0,24,24
wrong_part,42,9393,dev_seen,24,2,24,24
wrong_part,42,9359,dev_seen,24,3,24,24
wrong_part,42,9367,dev_seen,24,4,24,24
wrong_part,42,324,dev_seen,25,0,25,25
wrong_part,42,347,dev_seen,25,1,25,25
wrong_part,42,339,dev_seen,25,4,52,25
wrong_part,42,331,dev_seen,25,2,52,25
wrong_part,42,364,dev_seen,25,3,25,25
wrong_part,42,4242,dev_seen,26,1,26,26
wrong_part,42,4233,dev_seen,26,3,26,26
wrong_part,42,4230,dev_seen,26,2,26,26
wrong_part,42,4208,dev_seen,26,4,26,26
wrong_part,42,4243,dev_seen,26,0,26,26
wrong_part,42,8170,dev_seen,27,0,49,27
wrong_part,42,8187,dev_seen,27,3,49,27
wrong_part,42,8167,dev_seen,27,2,27,27
wrong_part,42,8198,dev_seen,27,1,27,27
wrong_part,42,8202,dev_seen,27,4,27,27
wrong_part,42,9895,dev_seen,28,2,28,28
wrong_part,42,9923,dev_seen,28,1,28,28
wrong_part,42,9898,dev_seen,28,0,28,28
wrong_part,42,9902,dev_seen,28,4,28,28
wrong_part,42,9933,dev_seen,28,3,28,48
wrong_part,42,5086,dev_seen,29,3,58,13
wrong_part,42,5087,dev_seen,29,4,29,29
wrong_part,42,5143,dev_seen,29,0,29,29
wrong_part,42,5131,dev_seen,29,1,29,29
wrong_part,42,5089,dev_seen,29,2,29,29
wrong_part,42,11076,dev_seen,30,2,30,30
wrong_part,42,11089,dev_seen,30,4,30,30
wrong_part,42,11075,dev_seen,30,1,30,30
wrong_part,42,11112,dev_seen,30,3,30,30
wrong_part,42,11109,dev_seen,30,0,30,30
wrong_part,42,2910,dev_seen,31,3,31,31
wrong_part,42,2928,dev_seen,31,2,31,31
wrong_part,42,2927,dev_seen,31,4,31,31
wrong_part,42,2905,dev_seen,31,1,31,31
wrong_part,42,2914,dev_seen,31,0,31,31
wrong_part,42,3591,dev_seen,32,4,10,32
wrong_part,42,3572,dev_seen,32,1,32,32
wrong_part,42,3564,dev_seen,32,3,32,32
wrong_part,42,3560,dev_seen,32,0,32,32
wrong_part,42,3561,dev_seen,32,2,34,34
wrong_part,42,3003,dev_seen,33,2,33,33
wrong_part,42,2999,dev_seen,33,1,33,33
wrong_part,42,2973,dev_seen,33,0,33,33
wrong_part,42,2994,dev_seen,33,3,33,33
wrong_part,42,2969,dev_seen,33,4,33,33
wrong_part,42,3739,dev_seen,34,1,10,10
wrong_part,42,3776,dev_seen,34,2,32,34
wrong_part,42,3756,dev_seen,34,3,34,34
wrong_part,42,3743,dev_seen,34,0,34,34
wrong_part,42,3757,dev_seen,34,4,32,32
wrong_part,42,11238,dev_seen,35,2,35,35
wrong_part,42,11206,dev_seen,35,0,35,35
wrong_part,42,11210,dev_seen,35,4,35,35
wrong_part,42,11240,dev_seen,35,1,35,35
wrong_part,42,11214,dev_seen,35,3,35,35
wrong_part,42,4278,dev_seen,36,1,36,36
wrong_part,42,4296,dev_seen,36,3,26,36
wrong_part,42,4303,dev_seen,36,2,36,36
wrong_part,42,4268,dev_seen,36,0,26,36
wrong_part,42,4269,dev_seen,36,4,36,36
wrong_part,42,2777,dev_seen,37,1,37,37
wrong_part,42,2797,dev_seen,37,3,37,37
wrong_part,42,2779,dev_seen,37,4,59,71
wrong_part,42,2823,dev_seen,37,0,37,37
wrong_part,42,2808,dev_seen,37,2,37,37
wrong_part,42,6290,dev_seen,38,4,38,38
wrong_part,42,6287,dev_seen,38,3,38,38
wrong_part,42,6291,dev_seen,38,2,38,38
wrong_part,42,6305,dev_seen,38,0,38,38
wrong_part,42,6309,dev_seen,38,1,38,38
wrong_part,42,4449,dev_seen,39,1,39,39
wrong_part,42,4478,dev_seen,39,0,39,39
wrong_part,42,4485,dev_seen,39,3,39,39
wrong_part,42,4490,dev_seen,39,2,39,39
wrong_part,42,4491,dev_seen,39,4,39,39
wrong_part,42,7298,dev_seen,40,4,64,64
wrong_part,42,7322,dev_seen,40,2,64,64
wrong_part,42,7274,dev_seen,40,0,51,40
wrong_part,42,7270,dev_seen,40,1,64,64
wrong_part,42,7278,dev_seen,40,3,40,40
wrong_part,42,15,dev_seen,41,0,42,41
wrong_part,42,49,dev_seen,41,3,41,41
wrong_part,42,42,dev_seen,41,4,41,41
wrong_part,42,41,dev_seen,41,1,42,41
wrong_part,42,2,dev_seen,41,2,42,41
wrong_part,42,137,dev_seen,42,4,42,42
wrong_part,42,127,dev_seen,42,3,42,42
wrong_part,42,125,dev_seen,42,0,42,42
wrong_part,42,122,dev_seen,42,1,42,42
wrong_part,42,136,dev_seen,42,2,42,42
wrong_part,42,6167,dev_seen,43,4,15,15
wrong_part,42,6184,dev_seen,43,2,43,43
wrong_part,42,6168,dev_seen,43,3,43,43
wrong_part,42,6186,dev_seen,43,0,43,43
wrong_part,42,6191,dev_seen,43,1,43,43
wrong_part,42,8661,dev_seen,44,2,44,44
wrong_part,42,8689,dev_seen,44,0,44,44
wrong_part,42,8671,dev_seen,44,4,44,44
wrong_part,42,8646,dev_seen,44,3,51,44
wrong_part,42,8701,dev_seen,44,1,44,44
wrong_part,42,716,dev_seen,45,4,45,45
wrong_part,42,677,dev_seen,45,2,45,45
wrong_part,42,699,dev_seen,45,3,45,45
wrong_part,42,667,dev_seen,45,1,45,45
wrong_part,42,685,dev_seen,45,0,45,45
wrong_part,42,4057,dev_seen,46,0,46,46
wrong_part,42,4018,dev_seen,46,4,46,46
wrong_part,42,4060,dev_seen,46,3,46,46
wrong_part,42,4066,dev_seen,46,1,46,46
wrong_part,42,4030,dev_seen,46,2,46,46
wrong_part,42,4346,dev_seen,47,1,47,47
wrong_part,42,4370,dev_seen,47,0,47,47
wrong_part,42,4355,dev_seen,47,2,47,47
wrong_part,42,4324,dev_seen,47,3,47,47
wrong_part,42,4331,dev_seen,47,4,47,47
wrong_part,42,9206,dev_seen,48,1,48,48
wrong_part,42,9209,dev_seen,48,4,48,48
wrong_part,42,9204,dev_seen,48,3,70,48
wrong_part,42,9228,dev_seen,48,0,73,73
wrong_part,42,9226,dev_seen,48,2,48,48
wrong_part,42,8151,dev_seen,49,2,49,49
wrong_part,42,8142,dev_seen,49,4,49,49
wrong_part,42,8115,dev_seen,49,0,49,49
wrong_part,42,8107,dev_seen,49,1,49,49
wrong_part,42,8121,dev_seen,49,3,49,49
wrong_part,42,9286,dev_unseen,50,1,50,50
wrong_part,42,9237,dev_unseen,50,0,50,50
wrong_part,42,9291,dev_unseen,50,4,50,22
wrong_part,42,9274,dev_unseen,50,4,50,50
wrong_part,42,9244,dev_unseen,50,3,44,50
wrong_part,42,9269,dev_unseen,50,1,50,50
wrong_part,42,9263,dev_unseen,50,2,50,50
wrong_part,42,9283,dev_unseen,50,2,50,50
wrong_part,42,9234,dev_unseen,50,3,50,50
wrong_part,42,9287,dev_unseen,50,0,50,50
wrong_part,42,7366,dev_unseen,51,2,51,17
wrong_part,42,7353,dev_unseen,51,4,17,17
wrong_part,42,7336,dev_unseen,51,1,63,40
wrong_part,42,7371,dev_unseen,51,0,64,64
wrong_part,42,7359,dev_unseen,51,2,51,51
wrong_part,42,7332,dev_unseen,51,3,50,40
wrong_part,42,7373,dev_unseen,51,0,64,40
wrong_part,42,7364,dev_unseen,51,3,64,64
wrong_part,42,7348,dev_unseen,51,1,17,17
wrong_part,42,7370,dev_unseen,51,4,17,40
wrong_part,42,250,dev_unseen,52,0,52,52
wrong_part,42,242,dev_unseen,52,2,52,52
wrong_part,42,268,dev_unseen,52,1,52,52
wrong_part,42,280,dev_unseen,52,1,52,52
wrong_part,42,243,dev_unseen,52,2,52,52
wrong_part,42,253,dev_unseen,52,4,52,52
wrong_part,42,249,dev_unseen,52,3,52,52
wrong_part,42,247,dev_unseen,52,0,52,52
wrong_part,42,274,dev_unseen,52,3,52,52
wrong_part,42,272,dev_unseen,52,4,52,52
wrong_part,42,7188,dev_unseen,53,3,40,40
wrong_part,42,7157,dev_unseen,53,3,64,64
wrong_part,42,7208,dev_unseen,53,4,63,63
wrong_part,42,7195,dev_unseen,53,4,63,40
wrong_part,42,7161,dev_unseen,53,0,64,64
wrong_part,42,7191,dev_unseen,53,0,64,64
wrong_part,42,7179,dev_unseen,53,1,64,63
wrong_part,42,7171,dev_unseen,53,2,64,64
wrong_part,42,7178,dev_unseen,53,2,64,64
wrong_part,42,7163,dev_unseen,53,1,64,40
wrong_part,42,6362,dev_unseen,54,2,54,54
wrong_part,42,6353,dev_unseen,54,0,54,18
wrong_part,42,6347,dev_unseen,54,0,54,54
wrong_part,42,6339,dev_unseen,54,1,50,55
wrong_part,42,6373,dev_unseen,54,4,44,54
wrong_part,42,6345,dev_unseen,54,3,54,54
wrong_part,42,6335,dev_unseen,54,3,54,54
wrong_part,42,6363,dev_unseen,54,1,54,56
wrong_part,42,6350,dev_unseen,54,4,54,54
wrong_part,42,6336,dev_unseen,54,2,54,54
wrong_part,42,5726,dev_unseen,55,3,55,55
wrong_part,42,5688,dev_unseen,55,0,39,39
wrong_part,42,5695,dev_unseen,55,0,55,55
wrong_part,42,5724,dev_unseen,55,4,56,56
wrong_part,42,5727,dev_unseen,55,2,55,55
wrong_part,42,5733,dev_unseen,55,1,28,28
wrong_part,42,5743,dev_unseen,55,1,55,55
wrong_part,42,5698,dev_unseen,55,3,55,55
wrong_part,42,5705,dev_unseen,55,2,55,55
wrong_part,42,5713,dev_unseen,55,4,50,13
wrong_part,42,631,dev_unseen,56,0,56,56
wrong_part,42,620,dev_unseen,56,2,56,56
wrong_part,42,647,dev_unseen,56,4,56,56
wrong_part,42,657,dev_unseen,56,3,56,56
wrong_part,42,607,dev_unseen,56,4,56,56
wrong_part,42,655,dev_unseen,56,1,56,56
wrong_part,42,641,dev_unseen,56,0,50,13
wrong_part,42,652,dev_unseen,56,3,56,56
wrong_part,42,611,dev_unseen,56,1,56,56
wrong_part,42,642,dev_unseen,56,2,56,56
wrong_part,42,3023,dev_unseen,57,2,57,57
wrong_part,42,3036,dev_unseen,57,2,57,57
wrong_part,42,3038,dev_unseen,57,4,57,57
wrong_part,42,3043,dev_unseen,57,0,57,57
wrong_part,42,3028,dev_unseen,57,1,57,57
wrong_part,42,3027,dev_unseen,57,3,57,57
wrong_part,42,3041,dev_unseen,57,0,57,31
wrong_part,42,3024,dev_unseen,57,1,57,57
wrong_part,42,3033,dev_unseen,57,3,57,57
wrong_part,42,3014,dev_unseen,57,4,57,57
wrong_part,42,2762,dev_unseen,58,3,58,58
wrong_part,42,2757,dev_unseen,58,4,58,58
wrong_part,42,2745,dev_unseen,58,2,58,58
wrong_part,42,2721,dev_unseen,58,3,58,58
wrong_part,42,2759,dev_unseen,58,4,58,58
wrong_part,42,2739,dev_unseen,58,0,53,58
wrong_part,42,2754,dev_unseen,58,1,58,58
wrong_part,42,2720,dev_unseen,58,0,58,58
wrong_part,42,2724,dev_unseen,58,1,58,58
wrong_part,42,2732,dev_unseen,58,2,58,58
wrong_part,42,1455,dev_unseen,59,4,59,59
wrong_part,42,1445,dev_unseen,59,0,59,71
wrong_part,42,1414,dev_unseen,59,2,59,59
wrong_part,42,1447,dev_unseen,59,4,59,59
wrong_part,42,1461,dev_unseen,59,0,59,59
wrong_part,42,1405,dev_unseen,59,3,59,59
wrong_part,42,1426,dev_unseen,59,3,59,59
wrong_part,42,1458,dev_unseen,59,1,4,4
wrong_part,42,1460,dev_unseen,59,1,59,59
wrong_part,42,1418,dev_unseen,59,2,59,4
wrong_part,42,5458,dev_unseen,60,1,60,60
wrong_part,42,5492,dev_unseen,60,3,60,60
wrong_part,42,5500,dev_unseen,60,2,60,60
wrong_part,42,5472,dev_unseen,60,4,60,60
wrong_part,42,5465,dev_unseen,60,0,60,60
wrong_part,42,5482,dev_unseen,60,0,60,60
wrong_part,42,5461,dev_unseen,60,1,60,60
wrong_part,42,5454,dev_unseen,60,2,60,60
wrong_part,42,5460,dev_unseen,60,4,60,60
wrong_part,42,5462,dev_unseen,60,3,60,60
wrong_part,42,1029,dev_unseen,61,4,61,61
wrong_part,42,1042,dev_unseen,61,0,61,61
wrong_part,42,1026,dev_unseen,61,3,61,61
wrong_part,42,1023,dev_unseen,61,2,61,61
wrong_part,42,1040,dev_unseen,61,0,61,61
wrong_part,42,1048,dev_unseen,61,2,61,61
wrong_part,42,1032,dev_unseen,61,1,61,61
wrong_part,42,1004,dev_unseen,61,3,61,61
wrong_part,42,1000,dev_unseen,61,1,61,61
wrong_part,42,1053,dev_unseen,61,4,61,61
wrong_part,42,10034,dev_unseen,62,4,70,70
wrong_part,42,10038,dev_unseen,62,1,50,62
wrong_part,42,10066,dev_unseen,62,3,18,18
wrong_part,42,10020,dev_unseen,62,0,62,18
wrong_part,42,10013,dev_unseen,62,1,28,28
wrong_part,42,10009,dev_unseen,62,3,28,28
wrong_part,42,10060,dev_unseen,62,4,17,28
wrong_part,42,10015,dev_unseen,62,2,70,70
wrong_part,42,10019,dev_unseen,62,0,50,62
wrong_part,42,10050,dev_unseen,62,2,62,70
wrong_part,42,7045,dev_unseen,63,0,17,64
wrong_part,42,7082,dev_unseen,63,2,63,63
wrong_part,42,7070,dev_unseen,63,3,64,64
wrong_part,42,7059,dev_unseen,63,3,51,63
wrong_part,42,7050,dev_unseen,63,1,63,63
wrong_part,42,7039,dev_unseen,63,2,63,63
wrong_part,42,7042,dev_unseen,63,4,63,63
wrong_part,42,7079,dev_unseen,63,1,63,63
wrong_part,42,7044,dev_unseen,63,0,63,63
wrong_part,42,7052,dev_unseen,63,4,51,7
wrong_part,42,7438,dev_unseen,64,0,64,64
wrong_part,42,7412,dev_unseen,64,3,64,64
wrong_part,42,7411,dev_unseen,64,0,64,64
wrong_part,42,7439,dev_unseen,64,4,63,63
wrong_part,42,7402,dev_unseen,64,1,64,64
wrong_part,42,7444,dev_unseen,64,1,64,64
wrong_part,42,7392,dev_unseen,64,3,64,64
wrong_part,42,7420,dev_unseen,64,2,64,63
wrong_part,42,7393,dev_unseen,64,2,64,64
wrong_part,42,7410,dev_unseen,64,4,64,64
wrong_part,42,11006,dev_unseen,65,1,65,65
wrong_part,42,10966,dev_unseen,65,2,65,65
wrong_part,42,10964,dev_unseen,65,0,65,65
wrong_part,42,10997,dev_unseen,65,1,65,65
wrong_part,42,10988,dev_unseen,65,4,65,65
wrong_part,42,11009,dev_unseen,65,2,65,65
wrong_part,42,10968,dev_unseen,65,3,65,65
wrong_part,42,10982,dev_unseen,65,3,65,65
wrong_part,42,10992,dev_unseen,65,0,65,65
wrong_part,42,10969,dev_unseen,65,4,65,65
wrong_part,42,5844,dev_unseen,66,1,66,66
wrong_part,42,5835,dev_unseen,66,1,66,66
wrong_part,42,5842,dev_unseen,66,3,66,66
wrong_part,42,5841,dev_unseen,66,3,66,66
wrong_part,42,5830,dev_unseen,66,0,66,66
wrong_part,42,5831,dev_unseen,66,4,66,66
wrong_part,42,5819,dev_unseen,66,0,66,66
wrong_part,42,5839,dev_unseen,66,2,66,66
wrong_part,42,5824,dev_unseen,66,2,66,66
wrong_part,42,5834,dev_unseen,66,4,66,66
wrong_part,42,4520,dev_unseen,67,4,67,67
wrong_part,42,4551,dev_unseen,67,1,67,67
wrong_part,42,4541,dev_unseen,67,4,67,67
wrong_part,42,4531,dev_unseen,67,0,67,67
wrong_part,42,4521,dev_unseen,67,1,12,12
wrong_part,42,4510,dev_unseen,67,3,67,67
wrong_part,42,4494,dev_unseen,67,3,67,67
wrong_part,42,4530,dev_unseen,67,2,67,67
wrong_part,42,4549,dev_unseen,67,0,67,67
wrong_part,42,4529,dev_unseen,67,2,67,67
wrong_part,42,7120,dev_unseen,68,3,53,53
wrong_part,42,7090,dev_unseen,68,1,63,63
wrong_part,42,7136,dev_unseen,68,4,50,17
wrong_part,42,7142,dev_unseen,68,0,17,17
wrong_part,42,7108,dev_unseen,68,3,17,7
wrong_part,42,7106,dev_unseen,68,0,51,68
wrong_part,42,7147,dev_unseen,68,2,17,17
wrong_part,42,7143,dev_unseen,68,2,17,17
wrong_part,42,7111,dev_unseen,68,1,17,64
wrong_part,42,7123,dev_unseen,68,4,17,17
wrong_part,42,11668,dev_unseen,69,2,69,0
wrong_part,42,11621,dev_unseen,69,3,69,69
wrong_part,42,11666,dev_unseen,69,0,0,0
wrong_part,42,11610,dev_unseen,69,0,69,69
wrong_part,42,11634,dev_unseen,69,1,69,69
wrong_part,42,11660,dev_unseen,69,4,69,69
wrong_part,42,11612,dev_unseen,69,2,69,69
wrong_part,42,11652,dev_unseen,69,4,69,69
wrong_part,42,11636,dev_unseen,69,3,69,69
wrong_part,42,11657,dev_unseen,69,1,69,69
wrong_part,42,9653,dev_unseen,70,4,70,70
wrong_part,42,9671,dev_unseen,70,0,70,70
wrong_part,42,9710,dev_unseen,70,2,7,7
wrong_part,42,9691,dev_unseen,70,3,70,70
wrong_part,42,9664,dev_unseen,70,1,70,70
wrong_part,42,9677,dev_unseen,70,4,70,70
wrong_part,42,9685,dev_unseen,70,1,70,70
wrong_part,42,9657,dev_unseen,70,0,70,70
wrong_part,42,9675,dev_unseen,70,3,70,70
wrong_part,42,9680,dev_unseen,70,2,70,70
wrong_part,42,3117,dev_unseen,71,1,71,71
wrong_part,42,3082,dev_unseen,71,3,71,71
wrong_part,42,3095,dev_unseen,71,1,71,71
wrong_part,42,3125,dev_unseen,71,2,71,71
wrong_part,42,3109,dev_unseen,71,0,71,71
wrong_part,42,3089,dev_unseen,71,4,71,71
wrong_part,42,3123,dev_unseen,71,3,71,71
wrong_part,42,3120,dev_unseen,71,0,71,71
wrong_part,42,3119,dev_unseen,71,2,71,71
wrong_part,42,3103,dev_unseen,71,4,71,71
wrong_part,42,6000,dev_unseen,72,3,67,67
wrong_part,42,5977,dev_unseen,72,1,67,11
wrong_part,42,6023,dev_unseen,72,3,67,39
wrong_part,42,6026,dev_unseen,72,4,11,11
wrong_part,42,6028,dev_unseen,72,0,67,39
wrong_part,42,5981,dev_unseen,72,2,11,11
wrong_part,42,5994,dev_unseen,72,2,67,11
wrong_part,42,6017,dev_unseen,72,1,11,11
wrong_part,42,5992,dev_unseen,72,0,67,11
wrong_part,42,5979,dev_unseen,72,4,72,72
wrong_part,42,9857,dev_unseen,73,4,13,13
wrong_part,42,9840,dev_unseen,73,3,73,73
wrong_part,42,9844,dev_unseen,73,4,13,13
wrong_part,42,9852,dev_unseen,73,1,13,13
wrong_part,42,9834,dev_unseen,73,0,73,73
wrong_part,42,9859,dev_unseen,73,1,73,73
wrong_part,42,9880,dev_unseen,73,3,73,73
wrong_part,42,9882,dev_unseen,73,2,28,13
wrong_part,42,9833,dev_unseen,73,0,13,13
wrong_part,42,9881,dev_unseen,73,2,73,73
wrong_part,42,879,dev_unseen,74,3,74,74
wrong_part,42,853,dev_unseen,74,0,74,74
wrong_part,42,873,dev_unseen,74,4,74,74
wrong_part,42,862,dev_unseen,74,2,74,74
wrong_part,42,855,dev_unseen,74,1,74,74
wrong_part,42,841,dev_unseen,74,1,47,47
wrong_part,42,871,dev_unseen,74,4,74,74
wrong_part,42,865,dev_unseen,74,3,74,74
wrong_part,42,874,dev_unseen,74,0,74,74
wrong_part,42,857,dev_unseen,74,2,74,74
wrong_part,43,11529,dev_seen,0,4,3,3
wrong_part,43,11493,dev_seen,0,1,0,0
wrong_part,43,11498,dev_seen,0,3,0,0
wrong_part,43,11517,dev_seen,0,0,0,0
wrong_part,43,11490,dev_seen,0,2,0,0
wrong_part,43,9315,dev_seen,1,1,1,1
wrong_part,43,9305,dev_seen,1,3,1,1
wrong_part,43,9337,dev_seen,1,2,1,1
wrong_part,43,9307,dev_seen,1,0,1,1
wrong_part,43,9336,dev_seen,1,4,1,1
wrong_part,43,5008,dev_seen,2,1,2,2
wrong_part,43,4968,dev_seen,2,4,57,57
wrong_part,43,4969,dev_seen,2,3,2,2
wrong_part,43,5020,dev_seen,2,2,2,2
wrong_part,43,4972,dev_seen,2,0,2,2
wrong_part,43,11604,dev_seen,3,0,3,3
wrong_part,43,11555,dev_seen,3,2,17,3
wrong_part,43,11552,dev_seen,3,3,3,3
wrong_part,43,11557,dev_seen,3,4,3,3
wrong_part,43,11606,dev_seen,3,1,3,3
wrong_part,43,469,dev_seen,4,3,59,59
wrong_part,43,444,dev_seen,4,4,37,4
wrong_part,43,470,dev_seen,4,2,59,59
wrong_part,43,441,dev_seen,4,1,20,20
wrong_part,43,429,dev_seen,4,0,4,4
wrong_part,43,3608,dev_seen,5,2,5,5
wrong_part,43,3650,dev_seen,5,4,5,5
wrong_part,43,3618,dev_seen,5,1,5,5
wrong_part,43,3609,dev_seen,5,0,5,5
wrong_part,43,3614,dev_seen,5,3,5,5
wrong_part,43,1595,dev_seen,6,2,6,6
wrong_part,43,1589,dev_seen,6,3,20,20
wrong_part,43,1603,dev_seen,6,0,38,38
wrong_part,43,1632,dev_seen,6,1,20,20
wrong_part,43,1587,dev_seen,6,4,6,6
wrong_part,43,7619,dev_seen,7,1,17,7
wrong_part,43,7608,dev_seen,7,2,17,7
wrong_part,43,7570,dev_seen,7,3,7,7
wrong_part,43,7610,dev_seen,7,4,40,40
wrong_part,43,7569,dev_seen,7,0,7,7
wrong_part,43,6235,dev_seen,8,3,6,6
wrong_part,43,6243,dev_seen,8,4,20,20
wrong_part,43,6250,dev_seen,8,1,38,38
wrong_part,43,6220,dev_seen,8,2,20,20
wrong_part,43,6228,dev_seen,8,0,8,8
wrong_part,43,10440,dev_seen,9,0,9,9
wrong_part,43,10451,dev_seen,9,4,9,9
wrong_part,43,10459,dev_seen,9,1,9,9
wrong_part,43,10460,dev_seen,9,2,17,9
wrong_part,43,10428,dev_seen,9,3,62,9
wrong_part,43,3375,dev_seen,10,1,32,10
wrong_part,43,3389,dev_seen,10,2,10,10
wrong_part,43,3412,dev_seen,10,0,34,34
wrong_part,43,3396,dev_seen,10,4,10,10
wrong_part,43,3422,dev_seen,10,3,32,32
wrong_part,43,5960,dev_seen,11,1,11,11
wrong_part,43,5919,dev_seen,11,4,11,11
wrong_part,43,5935,dev_seen,11,3,11,11
wrong_part,43,5967,dev_seen,11,0,11,11
wrong_part,43,5968,dev_seen,11,2,67,67
wrong_part,43,8755,dev_seen,12,0,12,12
wrong_part,43,8738,dev_seen,12,3,12,12
wrong_part,43,8761,dev_seen,12,2,12,12
wrong_part,43,8704,dev_seen,12,4,12,12
wrong_part,43,8734,dev_seen,12,1,12,12
wrong_part,43,11731,dev_seen,13,2,13,13
wrong_part,43,11746,dev_seen,13,3,13,13
wrong_part,43,11781,dev_seen,13,0,13,13
wrong_part,43,11762,dev_seen,13,1,13,13
wrong_part,43,11787,dev_seen,13,4,13,13
wrong_part,43,7883,dev_seen,14,1,14,14
wrong_part,43,7905,dev_seen,14,3,14,14
wrong_part,43,7885,dev_seen,14,2,14,14
wrong_part,43,7902,dev_seen,14,4,14,14
wrong_part,43,7875,dev_seen,14,0,14,14
wrong_part,43,393,dev_seen,15,4,25,15
wrong_part,43,417,dev_seen,15,3,15,15
wrong_part,43,392,dev_seen,15,2,52,15
wrong_part,43,406,dev_seen,15,0,15,15
wrong_part,43,409,dev_seen,15,1,15,15
wrong_part,43,4653,dev_seen,16,1,16,16
wrong_part,43,4665,dev_seen,16,3,16,16
wrong_part,43,4669,dev_seen,16,0,16,16
wrong_part,43,4621,dev_seen,16,2,16,16
wrong_part,43,4646,dev_seen,16,4,16,16
wrong_part,43,6943,dev_seen,17,3,17,17
wrong_part,43,6945,dev_seen,17,2,17,17
wrong_part,43,6927,dev_seen,17,0,17,17
wrong_part,43,6918,dev_seen,17,4,17,17
wrong_part,43,6950,dev_seen,17,1,17,17
wrong_part,43,9719,dev_seen,18,4,18,18
wrong_part,43,9747,dev_seen,18,1,18,18
wrong_part,43,9736,dev_seen,18,0,18,18
wrong_part,43,9740,dev_seen,18,2,18,18
wrong_part,43,9764,dev_seen,18,3,18,18
wrong_part,43,9019,dev_seen,19,0,19,19
wrong_part,43,9022,dev_seen,19,2,70,19
wrong_part,43,9036,dev_seen,19,1,19,19
wrong_part,43,9020,dev_seen,19,3,19,19
wrong_part,43,9002,dev_seen,19,4,70,19
wrong_part,43,1675,dev_seen,20,4,37,37
wrong_part,43,1691,dev_seen,20,0,20,20
wrong_part,43,1690,dev_seen,20,3,20,6
wrong_part,43,1668,dev_seen,20,2,8,8
wrong_part,43,1680,dev_seen,20,1,20,20
wrong_part,43,907,dev_seen,21,3,21,21
wrong_part,43,910,dev_seen,21,4,21,21
wrong_part,43,926,dev_seen,21,0,21,21
wrong_part,43,916,dev_seen,21,2,21,21
wrong_part,43,929,dev_seen,21,1,21,21
wrong_part,43,3286,dev_seen,22,4,22,22
wrong_part,43,3293,dev_seen,22,0,22,22
wrong_part,43,3271,dev_seen,22,3,22,22
wrong_part,43,3265,dev_seen,22,1,22,22
wrong_part,43,3277,dev_seen,22,2,22,22
wrong_part,43,4868,dev_seen,23,2,23,23
wrong_part,43,4876,dev_seen,23,1,23,23
wrong_part,43,4857,dev_seen,23,3,23,23
wrong_part,43,4899,dev_seen,23,4,23,23
wrong_part,43,4860,dev_seen,23,0,23,23
wrong_part,43,9371,dev_seen,24,1,24,24
wrong_part,43,9408,dev_seen,24,0,24,24
wrong_part,43,9393,dev_seen,24,2,24,24
wrong_part,43,9359,dev_seen,24,3,24,24
wrong_part,43,9367,dev_seen,24,4,24,24
wrong_part,43,324,dev_seen,25,0,25,25
wrong_part,43,347,dev_seen,25,1,25,25
wrong_part,43,339,dev_seen,25,4,52,25
wrong_part,43,331,dev_seen,25,2,52,25
wrong_part,43,364,dev_seen,25,3,25,25
wrong_part,43,4242,dev_seen,26,1,26,26
wrong_part,43,4233,dev_seen,26,3,26,26
wrong_part,43,4230,dev_seen,26,2,26,26
wrong_part,43,4208,dev_seen,26,4,26,26
wrong_part,43,4243,dev_seen,26,0,26,26
wrong_part,43,8170,dev_seen,27,0,49,27
wrong_part,43,8187,dev_seen,27,3,49,27
wrong_part,43,8167,dev_seen,27,2,27,27
wrong_part,43,8198,dev_seen,27,1,27,27
wrong_part,43,8202,dev_seen,27,4,27,27
wrong_part,43,9895,dev_seen,28,2,28,28
wrong_part,43,9923,dev_seen,28,1,28,28
wrong_part,43,9898,dev_seen,28,0,28,28
wrong_part,43,9902,dev_seen,28,4,28,28
wrong_part,43,9933,dev_seen,28,3,28,48
wrong_part,43,5086,dev_seen,29,3,58,13
wrong_part,43,5087,dev_seen,29,4,29,29
wrong_part,43,5143,dev_seen,29,0,29,29
wrong_part,43,5131,dev_seen,29,1,29,29
wrong_part,43,5089,dev_seen,29,2,29,29
wrong_part,43,11076,dev_seen,30,2,30,30
wrong_part,43,11089,dev_seen,30,4,30,30
wrong_part,43,11075,dev_seen,30,1,30,30
wrong_part,43,11112,dev_seen,30,3,30,30
wrong_part,43,11109,dev_seen,30,0,30,30
wrong_part,43,2910,dev_seen,31,3,31,31
wrong_part,43,2928,dev_seen,31,2,31,31
wrong_part,43,2927,dev_seen,31,4,31,31
wrong_part,43,2905,dev_seen,31,1,31,31
wrong_part,43,2914,dev_seen,31,0,31,31
wrong_part,43,3591,dev_seen,32,4,10,32
wrong_part,43,3572,dev_seen,32,1,32,32
wrong_part,43,3564,dev_seen,32,3,32,32
wrong_part,43,3560,dev_seen,32,0,32,32
wrong_part,43,3561,dev_seen,32,2,34,34
wrong_part,43,3003,dev_seen,33,2,33,33
wrong_part,43,2999,dev_seen,33,1,33,33
wrong_part,43,2973,dev_seen,33,0,33,33
wrong_part,43,2994,dev_seen,33,3,33,33
wrong_part,43,2969,dev_seen,33,4,33,33
wrong_part,43,3739,dev_seen,34,1,10,10
wrong_part,43,3776,dev_seen,34,2,32,34
wrong_part,43,3756,dev_seen,34,3,34,34
wrong_part,43,3743,dev_seen,34,0,34,34
wrong_part,43,3757,dev_seen,34,4,32,32
wrong_part,43,11238,dev_seen,35,2,35,35
wrong_part,43,11206,dev_seen,35,0,35,35
wrong_part,43,11210,dev_seen,35,4,35,35
wrong_part,43,11240,dev_seen,35,1,35,35
wrong_part,43,11214,dev_seen,35,3,35,35
wrong_part,43,4278,dev_seen,36,1,36,36
wrong_part,43,4296,dev_seen,36,3,26,36
wrong_part,43,4303,dev_seen,36,2,36,36
wrong_part,43,4268,dev_seen,36,0,26,36
wrong_part,43,4269,dev_seen,36,4,36,36
wrong_part,43,2777,dev_seen,37,1,37,37
wrong_part,43,2797,dev_seen,37,3,37,37
wrong_part,43,2779,dev_seen,37,4,59,71
wrong_part,43,2823,dev_seen,37,0,37,37
wrong_part,43,2808,dev_seen,37,2,37,37
wrong_part,43,6290,dev_seen,38,4,38,38
wrong_part,43,6287,dev_seen,38,3,38,38
wrong_part,43,6291,dev_seen,38,2,38,38
wrong_part,43,6305,dev_seen,38,0,38,38
wrong_part,43,6309,dev_seen,38,1,38,38
wrong_part,43,4449,dev_seen,39,1,39,39
wrong_part,43,4478,dev_seen,39,0,39,39
wrong_part,43,4485,dev_seen,39,3,39,39
wrong_part,43,4490,dev_seen,39,2,39,39
wrong_part,43,4491,dev_seen,39,4,39,39
wrong_part,43,7298,dev_seen,40,4,64,64
wrong_part,43,7322,dev_seen,40,2,64,64
wrong_part,43,7274,dev_seen,40,0,51,40
wrong_part,43,7270,dev_seen,40,1,64,64
wrong_part,43,7278,dev_seen,40,3,40,40
wrong_part,43,15,dev_seen,41,0,42,41
wrong_part,43,49,dev_seen,41,3,41,41
wrong_part,43,42,dev_seen,41,4,41,41
wrong_part,43,41,dev_seen,41,1,42,41
wrong_part,43,2,dev_seen,41,2,42,42
wrong_part,43,137,dev_seen,42,4,42,42
wrong_part,43,127,dev_seen,42,3,42,42
wrong_part,43,125,dev_seen,42,0,42,42
wrong_part,43,122,dev_seen,42,1,42,42
wrong_part,43,136,dev_seen,42,2,42,42
wrong_part,43,6167,dev_seen,43,4,15,15
wrong_part,43,6184,dev_seen,43,2,43,43
wrong_part,43,6168,dev_seen,43,3,43,43
wrong_part,43,6186,dev_seen,43,0,43,43
wrong_part,43,6191,dev_seen,43,1,43,43
wrong_part,43,8661,dev_seen,44,2,44,44
wrong_part,43,8689,dev_seen,44,0,44,44
wrong_part,43,8671,dev_seen,44,4,44,44
wrong_part,43,8646,dev_seen,44,3,51,44
wrong_part,43,8701,dev_seen,44,1,44,44
wrong_part,43,716,dev_seen,45,4,45,45
wrong_part,43,677,dev_seen,45,2,45,45
wrong_part,43,699,dev_seen,45,3,45,45
wrong_part,43,667,dev_seen,45,1,45,45
wrong_part,43,685,dev_seen,45,0,45,45
wrong_part,43,4057,dev_seen,46,0,46,46
wrong_part,43,4018,dev_seen,46,4,46,46
wrong_part,43,4060,dev_seen,46,3,46,46
wrong_part,43,4066,dev_seen,46,1,46,46
wrong_part,43,4030,dev_seen,46,2,46,46
wrong_part,43,4346,dev_seen,47,1,47,47
wrong_part,43,4370,dev_seen,47,0,47,47
wrong_part,43,4355,dev_seen,47,2,47,47
wrong_part,43,4324,dev_seen,47,3,47,47
wrong_part,43,4331,dev_seen,47,4,47,47
wrong_part,43,9206,dev_seen,48,1,48,48
wrong_part,43,9209,dev_seen,48,4,48,48
wrong_part,43,9204,dev_seen,48,3,70,48
wrong_part,43,9228,dev_seen,48,0,73,73
wrong_part,43,9226,dev_seen,48,2,48,48
wrong_part,43,8151,dev_seen,49,2,49,49
wrong_part,43,8142,dev_seen,49,4,49,49
wrong_part,43,8115,dev_seen,49,0,49,49
wrong_part,43,8107,dev_seen,49,1,49,49
wrong_part,43,8121,dev_seen,49,3,49,49
wrong_part,43,9286,dev_unseen,50,1,50,50
wrong_part,43,9237,dev_unseen,50,0,50,50
wrong_part,43,9291,dev_unseen,50,4,50,22
wrong_part,43,9274,dev_unseen,50,4,50,50
wrong_part,43,9244,dev_unseen,50,3,44,44
wrong_part,43,9269,dev_unseen,50,1,50,50
wrong_part,43,9263,dev_unseen,50,2,50,50
wrong_part,43,9283,dev_unseen,50,2,50,50
wrong_part,43,9234,dev_unseen,50,3,50,50
wrong_part,43,9287,dev_unseen,50,0,50,50
wrong_part,43,7366,dev_unseen,51,2,51,17
wrong_part,43,7353,dev_unseen,51,4,17,17
wrong_part,43,7336,dev_unseen,51,1,63,40
wrong_part,43,7371,dev_unseen,51,0,64,64
wrong_part,43,7359,dev_unseen,51,2,51,51
wrong_part,43,7332,dev_unseen,51,3,50,40
wrong_part,43,7373,dev_unseen,51,0,64,40
wrong_part,43,7364,dev_unseen,51,3,64,64
wrong_part,43,7348,dev_unseen,51,1,17,17
wrong_part,43,7370,dev_unseen,51,4,17,40
wrong_part,43,250,dev_unseen,52,0,52,52
wrong_part,43,242,dev_unseen,52,2,52,52
wrong_part,43,268,dev_unseen,52,1,52,52
wrong_part,43,280,dev_unseen,52,1,52,52
wrong_part,43,243,dev_unseen,52,2,52,52
wrong_part,43,253,dev_unseen,52,4,52,52
wrong_part,43,249,dev_unseen,52,3,52,52
wrong_part,43,247,dev_unseen,52,0,52,52
wrong_part,43,274,dev_unseen,52,3,52,52
wrong_part,43,272,dev_unseen,52,4,52,52
wrong_part,43,7188,dev_unseen,53,3,40,40
wrong_part,43,7157,dev_unseen,53,3,64,64
wrong_part,43,7208,dev_unseen,53,4,63,63
wrong_part,43,7195,dev_unseen,53,4,63,40
wrong_part,43,7161,dev_unseen,53,0,64,64
wrong_part,43,7191,dev_unseen,53,0,64,64
wrong_part,43,7179,dev_unseen,53,1,64,63
wrong_part,43,7171,dev_unseen,53,2,64,64
wrong_part,43,7178,dev_unseen,53,2,64,64
wrong_part,43,7163,dev_unseen,53,1,64,40
wrong_part,43,6362,dev_unseen,54,2,54,54
wrong_part,43,6353,dev_unseen,54,0,54,18
wrong_part,43,6347,dev_unseen,54,0,54,54
wrong_part,43,6339,dev_unseen,54,1,50,55
wrong_part,43,6373,dev_unseen,54,4,44,54
wrong_part,43,6345,dev_unseen,54,3,54,54
wrong_part,43,6335,dev_unseen,54,3,54,54
wrong_part,43,6363,dev_unseen,54,1,54,56
wrong_part,43,6350,dev_unseen,54,4,54,54
wrong_part,43,6336,dev_unseen,54,2,54,54
wrong_part,43,5726,dev_unseen,55,3,55,55
wrong_part,43,5688,dev_unseen,55,0,39,39
wrong_part,43,5695,dev_unseen,55,0,55,55
wrong_part,43,5724,dev_unseen,55,4,56,56
wrong_part,43,5727,dev_unseen,55,2,55,55
wrong_part,43,5733,dev_unseen,55,1,28,28
wrong_part,43,5743,dev_unseen,55,1,55,55
wrong_part,43,5698,dev_unseen,55,3,55,55
wrong_part,43,5705,dev_unseen,55,2,55,55
wrong_part,43,5713,dev_unseen,55,4,50,13
wrong_part,43,631,dev_unseen,56,0,56,56
wrong_part,43,620,dev_unseen,56,2,56,56
wrong_part,43,647,dev_unseen,56,4,56,56
wrong_part,43,657,dev_unseen,56,3,56,56
wrong_part,43,607,dev_unseen,56,4,56,56
wrong_part,43,655,dev_unseen,56,1,56,56
wrong_part,43,641,dev_unseen,56,0,50,13
wrong_part,43,652,dev_unseen,56,3,56,56
wrong_part,43,611,dev_unseen,56,1,56,56
wrong_part,43,642,dev_unseen,56,2,56,56
wrong_part,43,3023,dev_unseen,57,2,57,57
wrong_part,43,3036,dev_unseen,57,2,57,57
wrong_part,43,3038,dev_unseen,57,4,57,57
wrong_part,43,3043,dev_unseen,57,0,57,57
wrong_part,43,3028,dev_unseen,57,1,57,57
wrong_part,43,3027,dev_unseen,57,3,57,57
wrong_part,43,3041,dev_unseen,57,0,57,57
wrong_part,43,3024,dev_unseen,57,1,57,57
wrong_part,43,3033,dev_unseen,57,3,57,57
wrong_part,43,3014,dev_unseen,57,4,57,57
wrong_part,43,2762,dev_unseen,58,3,58,58
wrong_part,43,2757,dev_unseen,58,4,58,58
wrong_part,43,2745,dev_unseen,58,2,58,58
wrong_part,43,2721,dev_unseen,58,3,58,58
wrong_part,43,2759,dev_unseen,58,4,58,58
wrong_part,43,2739,dev_unseen,58,0,53,58
wrong_part,43,2754,dev_unseen,58,1,58,58
wrong_part,43,2720,dev_unseen,58,0,58,58
wrong_part,43,2724,dev_unseen,58,1,58,58
wrong_part,43,2732,dev_unseen,58,2,58,58
wrong_part,43,1455,dev_unseen,59,4,59,71
wrong_part,43,1445,dev_unseen,59,0,59,71
wrong_part,43,1414,dev_unseen,59,2,59,59
wrong_part,43,1447,dev_unseen,59,4,59,59
wrong_part,43,1461,dev_unseen,59,0,59,59
wrong_part,43,1405,dev_unseen,59,3,59,59
wrong_part,43,1426,dev_unseen,59,3,59,59
wrong_part,43,1458,dev_unseen,59,1,4,4
wrong_part,43,1460,dev_unseen,59,1,59,59
wrong_part,43,1418,dev_unseen,59,2,59,4
wrong_part,43,5458,dev_unseen,60,1,60,60
wrong_part,43,5492,dev_unseen,60,3,60,60
wrong_part,43,5500,dev_unseen,60,2,60,60
wrong_part,43,5472,dev_unseen,60,4,60,60
wrong_part,43,5465,dev_unseen,60,0,60,60
wrong_part,43,5482,dev_unseen,60,0,60,60
wrong_part,43,5461,dev_unseen,60,1,60,60
wrong_part,43,5454,dev_unseen,60,2,60,60
wrong_part,43,5460,dev_unseen,60,4,60,60
wrong_part,43,5462,dev_unseen,60,3,60,60
wrong_part,43,1029,dev_unseen,61,4,61,61
wrong_part,43,1042,dev_unseen,61,0,61,61
wrong_part,43,1026,dev_unseen,61,3,61,61
wrong_part,43,1023,dev_unseen,61,2,61,61
wrong_part,43,1040,dev_unseen,61,0,61,61
wrong_part,43,1048,dev_unseen,61,2,61,61
wrong_part,43,1032,dev_unseen,61,1,61,61
wrong_part,43,1004,dev_unseen,61,3,61,61
wrong_part,43,1000,dev_unseen,61,1,61,61
wrong_part,43,1053,dev_unseen,61,4,61,61
wrong_part,43,10034,dev_unseen,62,4,70,70
wrong_part,43,10038,dev_unseen,62,1,50,62
wrong_part,43,10066,dev_unseen,62,3,18,18
wrong_part,43,10020,dev_unseen,62,0,62,62
wrong_part,43,10013,dev_unseen,62,1,28,28
wrong_part,43,10009,dev_unseen,62,3,28,28
wrong_part,43,10060,dev_unseen,62,4,17,17
wrong_part,43,10015,dev_unseen,62,2,70,70
wrong_part,43,10019,dev_unseen,62,0,50,62
wrong_part,43,10050,dev_unseen,62,2,62,70
wrong_part,43,7045,dev_unseen,63,0,17,64
wrong_part,43,7082,dev_unseen,63,2,63,63
wrong_part,43,7070,dev_unseen,63,3,64,64
wrong_part,43,7059,dev_unseen,63,3,51,63
wrong_part,43,7050,dev_unseen,63,1,63,63
wrong_part,43,7039,dev_unseen,63,2,63,63
wrong_part,43,7042,dev_unseen,63,4,63,63
wrong_part,43,7079,dev_unseen,63,1,63,63
wrong_part,43,7044,dev_unseen,63,0,63,63
wrong_part,43,7052,dev_unseen,63,4,51,7
wrong_part,43,7438,dev_unseen,64,0,64,64
wrong_part,43,7412,dev_unseen,64,3,64,64
wrong_part,43,7411,dev_unseen,64,0,64,64
wrong_part,43,7439,dev_unseen,64,4,63,63
wrong_part,43,7402,dev_unseen,64,1,64,64
wrong_part,43,7444,dev_unseen,64,1,64,64
wrong_part,43,7392,dev_unseen,64,3,64,64
wrong_part,43,7420,dev_unseen,64,2,64,63
wrong_part,43,7393,dev_unseen,64,2,64,64
wrong_part,43,7410,dev_unseen,64,4,64,64
wrong_part,43,11006,dev_unseen,65,1,65,65
wrong_part,43,10966,dev_unseen,65,2,65,65
wrong_part,43,10964,dev_unseen,65,0,65,65
wrong_part,43,10997,dev_unseen,65,1,65,65
wrong_part,43,10988,dev_unseen,65,4,65,65
wrong_part,43,11009,dev_unseen,65,2,65,65
wrong_part,43,10968,dev_unseen,65,3,65,65
wrong_part,43,10982,dev_unseen,65,3,65,65
wrong_part,43,10992,dev_unseen,65,0,65,65
wrong_part,43,10969,dev_unseen,65,4,65,65
wrong_part,43,5844,dev_unseen,66,1,66,66
wrong_part,43,5835,dev_unseen,66,1,66,66
wrong_part,43,5842,dev_unseen,66,3,66,66
wrong_part,43,5841,dev_unseen,66,3,66,66
wrong_part,43,5830,dev_unseen,66,0,66,66
wrong_part,43,5831,dev_unseen,66,4,66,66
wrong_part,43,5819,dev_unseen,66,0,66,66
wrong_part,43,5839,dev_unseen,66,2,66,66
wrong_part,43,5824,dev_unseen,66,2,66,66
wrong_part,43,5834,dev_unseen,66,4,66,66
wrong_part,43,4520,dev_unseen,67,4,67,67
wrong_part,43,4551,dev_unseen,67,1,67,67
wrong_part,43,4541,dev_unseen,67,4,67,67
wrong_part,43,4531,dev_unseen,67,0,67,67
wrong_part,43,4521,dev_unseen,67,1,12,12
wrong_part,43,4510,dev_unseen,67,3,67,67
wrong_part,43,4494,dev_unseen,67,3,67,67
wrong_part,43,4530,dev_unseen,67,2,67,67
wrong_part,43,4549,dev_unseen,67,0,67,67
wrong_part,43,4529,dev_unseen,67,2,67,67
wrong_part,43,7120,dev_unseen,68,3,53,53
wrong_part,43,7090,dev_unseen,68,1,63,63
wrong_part,43,7136,dev_unseen,68,4,50,17
wrong_part,43,7142,dev_unseen,68,0,17,17
wrong_part,43,7108,dev_unseen,68,3,17,7
wrong_part,43,7106,dev_unseen,68,0,51,68
wrong_part,43,7147,dev_unseen,68,2,17,17
wrong_part,43,7143,dev_unseen,68,2,17,17
wrong_part,43,7111,dev_unseen,68,1,17,64
wrong_part,43,7123,dev_unseen,68,4,17,17
wrong_part,43,11668,dev_unseen,69,2,69,0
wrong_part,43,11621,dev_unseen,69,3,69,69
wrong_part,43,11666,dev_unseen,69,0,0,0
wrong_part,43,11610,dev_unseen,69,0,69,69
wrong_part,43,11634,dev_unseen,69,1,69,69
wrong_part,43,11660,dev_unseen,69,4,69,69
wrong_part,43,11612,dev_unseen,69,2,69,69
wrong_part,43,11652,dev_unseen,69,4,69,69
wrong_part,43,11636,dev_unseen,69,3,69,69
wrong_part,43,11657,dev_unseen,69,1,69,69
wrong_part,43,9653,dev_unseen,70,4,70,70
wrong_part,43,9671,dev_unseen,70,0,70,70
wrong_part,43,9710,dev_unseen,70,2,7,7
wrong_part,43,9691,dev_unseen,70,3,70,70
wrong_part,43,9664,dev_unseen,70,1,70,70
wrong_part,43,9677,dev_unseen,70,4,70,70
wrong_part,43,9685,dev_unseen,70,1,70,70
wrong_part,43,9657,dev_unseen,70,0,70,70
wrong_part,43,9675,dev_unseen,70,3,70,70
wrong_part,43,9680,dev_unseen,70,2,70,70
wrong_part,43,3117,dev_unseen,71,1,71,71
wrong_part,43,3082,dev_unseen,71,3,71,71
wrong_part,43,3095,dev_unseen,71,1,71,71
wrong_part,43,3125,dev_unseen,71,2,71,71
wrong_part,43,3109,dev_unseen,71,0,71,71
wrong_part,43,3089,dev_unseen,71,4,71,71
wrong_part,43,3123,dev_unseen,71,3,71,71
wrong_part,43,3120,dev_unseen,71,0,71,71
wrong_part,43,3119,dev_unseen,71,2,71,71
wrong_part,43,3103,dev_unseen,71,4,71,71
wrong_part,43,6000,dev_unseen,72,3,67,67
wrong_part,43,5977,dev_unseen,72,1,67,11
wrong_part,43,6023,dev_unseen,72,3,67,39
wrong_part,43,6026,dev_unseen,72,4,11,11
wrong_part,43,6028,dev_unseen,72,0,67,39
wrong_part,43,5981,dev_unseen,72,2,11,11
wrong_part,43,5994,dev_unseen,72,2,67,11
wrong_part,43,6017,dev_unseen,72,1,11,11
wrong_part,43,5992,dev_unseen,72,0,67,11
wrong_part,43,5979,dev_unseen,72,4,72,72
wrong_part,43,9857,dev_unseen,73,4,13,13
wrong_part,43,9840,dev_unseen,73,3,73,73
wrong_part,43,9844,dev_unseen,73,4,13,13
wrong_part,43,9852,dev_unseen,73,1,13,13
wrong_part,43,9834,dev_unseen,73,0,73,73
wrong_part,43,9859,dev_unseen,73,1,73,73
wrong_part,43,9880,dev_unseen,73,3,73,73
wrong_part,43,9882,dev_unseen,73,2,28,13
wrong_part,43,9833,dev_unseen,73,0,13,13
wrong_part,43,9881,dev_unseen,73,2,73,73
wrong_part,43,879,dev_unseen,74,3,74,74
wrong_part,43,853,dev_unseen,74,0,74,74
wrong_part,43,873,dev_unseen,74,4,74,74
wrong_part,43,862,dev_unseen,74,2,74,74
wrong_part,43,855,dev_unseen,74,1,74,74
wrong_part,43,841,dev_unseen,74,1,47,47
wrong_part,43,871,dev_unseen,74,4,74,74
wrong_part,43,865,dev_unseen,74,3,74,74
wrong_part,43,874,dev_unseen,74,0,74,74
wrong_part,43,857,dev_unseen,74,2,74,74
wrong_part,44,11529,dev_seen,0,4,3,3
wrong_part,44,11493,dev_seen,0,1,0,0
wrong_part,44,11498,dev_seen,0,3,0,0
wrong_part,44,11517,dev_seen,0,0,0,0
wrong_part,44,11490,dev_seen,0,2,0,0
wrong_part,44,9315,dev_seen,1,1,1,1
wrong_part,44,9305,dev_seen,1,3,1,1
wrong_part,44,9337,dev_seen,1,2,1,1
wrong_part,44,9307,dev_seen,1,0,1,1
wrong_part,44,9336,dev_seen,1,4,1,1
wrong_part,44,5008,dev_seen,2,1,2,2
wrong_part,44,4968,dev_seen,2,4,57,57
wrong_part,44,4969,dev_seen,2,3,2,2
wrong_part,44,5020,dev_seen,2,2,2,2
wrong_part,44,4972,dev_seen,2,0,2,2
wrong_part,44,11604,dev_seen,3,0,3,3
wrong_part,44,11555,dev_seen,3,2,17,3
wrong_part,44,11552,dev_seen,3,3,3,3
wrong_part,44,11557,dev_seen,3,4,3,3
wrong_part,44,11606,dev_seen,3,1,3,3
wrong_part,44,469,dev_seen,4,3,59,59
wrong_part,44,444,dev_seen,4,4,37,4
wrong_part,44,470,dev_seen,4,2,59,59
wrong_part,44,441,dev_seen,4,1,20,20
wrong_part,44,429,dev_seen,4,0,4,4
wrong_part,44,3608,dev_seen,5,2,5,5
wrong_part,44,3650,dev_seen,5,4,5,5
wrong_part,44,3618,dev_seen,5,1,5,5
wrong_part,44,3609,dev_seen,5,0,5,5
wrong_part,44,3614,dev_seen,5,3,5,5
wrong_part,44,1595,dev_seen,6,2,6,6
wrong_part,44,1589,dev_seen,6,3,20,20
wrong_part,44,1603,dev_seen,6,0,38,38
wrong_part,44,1632,dev_seen,6,1,20,6
wrong_part,44,1587,dev_seen,6,4,6,6
wrong_part,44,7619,dev_seen,7,1,17,7
wrong_part,44,7608,dev_seen,7,2,17,7
wrong_part,44,7570,dev_seen,7,3,7,7
wrong_part,44,7610,dev_seen,7,4,40,40
wrong_part,44,7569,dev_seen,7,0,7,7
wrong_part,44,6235,dev_seen,8,3,6,6
wrong_part,44,6243,dev_seen,8,4,20,20
wrong_part,44,6250,dev_seen,8,1,38,38
wrong_part,44,6220,dev_seen,8,2,20,20
wrong_part,44,6228,dev_seen,8,0,8,8
wrong_part,44,10440,dev_seen,9,0,9,9
wrong_part,44,10451,dev_seen,9,4,9,9
wrong_part,44,10459,dev_seen,9,1,9,9
wrong_part,44,10460,dev_seen,9,2,17,9
wrong_part,44,10428,dev_seen,9,3,62,9
wrong_part,44,3375,dev_seen,10,1,32,10
wrong_part,44,3389,dev_seen,10,2,10,10
wrong_part,44,3412,dev_seen,10,0,34,34
wrong_part,44,3396,dev_seen,10,4,10,10
wrong_part,44,3422,dev_seen,10,3,32,32
wrong_part,44,5960,dev_seen,11,1,11,11
wrong_part,44,5919,dev_seen,11,4,11,11
wrong_part,44,5935,dev_seen,11,3,11,11
wrong_part,44,5967,dev_seen,11,0,11,11
wrong_part,44,5968,dev_seen,11,2,67,67
wrong_part,44,8755,dev_seen,12,0,12,12
wrong_part,44,8738,dev_seen,12,3,12,12
wrong_part,44,8761,dev_seen,12,2,12,12
wrong_part,44,8704,dev_seen,12,4,12,12
wrong_part,44,8734,dev_seen,12,1,12,12
wrong_part,44,11731,dev_seen,13,2,13,13
wrong_part,44,11746,dev_seen,13,3,13,13
wrong_part,44,11781,dev_seen,13,0,13,13
wrong_part,44,11762,dev_seen,13,1,13,13
wrong_part,44,11787,dev_seen,13,4,13,13
wrong_part,44,7883,dev_seen,14,1,14,14
wrong_part,44,7905,dev_seen,14,3,14,14
wrong_part,44,7885,dev_seen,14,2,14,14
wrong_part,44,7902,dev_seen,14,4,14,14
wrong_part,44,7875,dev_seen,14,0,14,14
wrong_part,44,393,dev_seen,15,4,25,15
wrong_part,44,417,dev_seen,15,3,15,15
wrong_part,44,392,dev_seen,15,2,52,15
wrong_part,44,406,dev_seen,15,0,15,15
wrong_part,44,409,dev_seen,15,1,15,52
wrong_part,44,4653,dev_seen,16,1,16,16
wrong_part,44,4665,dev_seen,16,3,16,16
wrong_part,44,4669,dev_seen,16,0,16,16
wrong_part,44,4621,dev_seen,16,2,16,16
wrong_part,44,4646,dev_seen,16,4,16,16
wrong_part,44,6943,dev_seen,17,3,17,17
wrong_part,44,6945,dev_seen,17,2,17,17
wrong_part,44,6927,dev_seen,17,0,17,17
wrong_part,44,6918,dev_seen,17,4,17,17
wrong_part,44,6950,dev_seen,17,1,17,17
wrong_part,44,9719,dev_seen,18,4,18,18
wrong_part,44,9747,dev_seen,18,1,18,18
wrong_part,44,9736,dev_seen,18,0,18,18
wrong_part,44,9740,dev_seen,18,2,18,18
wrong_part,44,9764,dev_seen,18,3,18,18
wrong_part,44,9019,dev_seen,19,0,19,19
wrong_part,44,9022,dev_seen,19,2,70,19
wrong_part,44,9036,dev_seen,19,1,19,19
wrong_part,44,9020,dev_seen,19,3,19,19
wrong_part,44,9002,dev_seen,19,4,70,19
wrong_part,44,1675,dev_seen,20,4,37,37
wrong_part,44,1691,dev_seen,20,0,20,20
wrong_part,44,1690,dev_seen,20,3,20,6
wrong_part,44,1668,dev_seen,20,2,8,8
wrong_part,44,1680,dev_seen,20,1,20,20
wrong_part,44,907,dev_seen,21,3,21,21
wrong_part,44,910,dev_seen,21,4,21,21
wrong_part,44,926,dev_seen,21,0,21,21
wrong_part,44,916,dev_seen,21,2,21,21
wrong_part,44,929,dev_seen,21,1,21,21
wrong_part,44,3286,dev_seen,22,4,22,22
wrong_part,44,3293,dev_seen,22,0,22,22
wrong_part,44,3271,dev_seen,22,3,22,22
wrong_part,44,3265,dev_seen,22,1,22,22
wrong_part,44,3277,dev_seen,22,2,22,22
wrong_part,44,4868,dev_seen,23,2,23,23
wrong_part,44,4876,dev_seen,23,1,23,23
wrong_part,44,4857,dev_seen,23,3,23,23
wrong_part,44,4899,dev_seen,23,4,23,23
wrong_part,44,4860,dev_seen,23,0,23,23
wrong_part,44,9371,dev_seen,24,1,24,24
wrong_part,44,9408,dev_seen,24,0,24,24
wrong_part,44,9393,dev_seen,24,2,24,24
wrong_part,44,9359,dev_seen,24,3,24,24
wrong_part,44,9367,dev_seen,24,4,24,24
wrong_part,44,324,dev_seen,25,0,25,25
wrong_part,44,347,dev_seen,25,1,25,25
wrong_part,44,339,dev_seen,25,4,52,25
wrong_part,44,331,dev_seen,25,2,52,25
wrong_part,44,364,dev_seen,25,3,25,25
wrong_part,44,4242,dev_seen,26,1,26,26
wrong_part,44,4233,dev_seen,26,3,26,26
wrong_part,44,4230,dev_seen,26,2,26,26
wrong_part,44,4208,dev_seen,26,4,26,26
wrong_part,44,4243,dev_seen,26,0,26,26
wrong_part,44,8170,dev_seen,27,0,49,27
wrong_part,44,8187,dev_seen,27,3,49,27
wrong_part,44,8167,dev_seen,27,2,27,27
wrong_part,44,8198,dev_seen,27,1,27,27
wrong_part,44,8202,dev_seen,27,4,27,27
wrong_part,44,9895,dev_seen,28,2,28,28
wrong_part,44,9923,dev_seen,28,1,28,28
wrong_part,44,9898,dev_seen,28,0,28,28
wrong_part,44,9902,dev_seen,28,4,28,28
wrong_part,44,9933,dev_seen,28,3,28,28
wrong_part,44,5086,dev_seen,29,3,58,13
wrong_part,44,5087,dev_seen,29,4,29,29
wrong_part,44,5143,dev_seen,29,0,29,29
wrong_part,44,5131,dev_seen,29,1,29,29
wrong_part,44,5089,dev_seen,29,2,29,29
wrong_part,44,11076,dev_seen,30,2,30,30
wrong_part,44,11089,dev_seen,30,4,30,30
wrong_part,44,11075,dev_seen,30,1,30,30
wrong_part,44,11112,dev_seen,30,3,30,30
wrong_part,44,11109,dev_seen,30,0,30,30
wrong_part,44,2910,dev_seen,31,3,31,31
wrong_part,44,2928,dev_seen,31,2,31,31
wrong_part,44,2927,dev_seen,31,4,31,31
wrong_part,44,2905,dev_seen,31,1,31,31
wrong_part,44,2914,dev_seen,31,0,31,31
wrong_part,44,3591,dev_seen,32,4,10,32
wrong_part,44,3572,dev_seen,32,1,32,32
wrong_part,44,3564,dev_seen,32,3,32,32
wrong_part,44,3560,dev_seen,32,0,32,32
wrong_part,44,3561,dev_seen,32,2,34,34
wrong_part,44,3003,dev_seen,33,2,33,33
wrong_part,44,2999,dev_seen,33,1,33,33
wrong_part,44,2973,dev_seen,33,0,33,33
wrong_part,44,2994,dev_seen,33,3,33,33
wrong_part,44,2969,dev_seen,33,4,33,33
wrong_part,44,3739,dev_seen,34,1,10,10
wrong_part,44,3776,dev_seen,34,2,32,34
wrong_part,44,3756,dev_seen,34,3,34,34
wrong_part,44,3743,dev_seen,34,0,34,34
wrong_part,44,3757,dev_seen,34,4,32,32
wrong_part,44,11238,dev_seen,35,2,35,35
wrong_part,44,11206,dev_seen,35,0,35,35
wrong_part,44,11210,dev_seen,35,4,35,35
wrong_part,44,11240,dev_seen,35,1,35,35
wrong_part,44,11214,dev_seen,35,3,35,35
wrong_part,44,4278,dev_seen,36,1,36,36
wrong_part,44,4296,dev_seen,36,3,26,36
wrong_part,44,4303,dev_seen,36,2,36,36
wrong_part,44,4268,dev_seen,36,0,26,36
wrong_part,44,4269,dev_seen,36,4,36,36
wrong_part,44,2777,dev_seen,37,1,37,37
wrong_part,44,2797,dev_seen,37,3,37,37
wrong_part,44,2779,dev_seen,37,4,59,71
wrong_part,44,2823,dev_seen,37,0,37,37
wrong_part,44,2808,dev_seen,37,2,37,37
wrong_part,44,6290,dev_seen,38,4,38,38
wrong_part,44,6287,dev_seen,38,3,38,38
wrong_part,44,6291,dev_seen,38,2,38,38
wrong_part,44,6305,dev_seen,38,0,38,38
wrong_part,44,6309,dev_seen,38,1,38,38
wrong_part,44,4449,dev_seen,39,1,39,39
wrong_part,44,4478,dev_seen,39,0,39,39
wrong_part,44,4485,dev_seen,39,3,39,39
wrong_part,44,4490,dev_seen,39,2,39,39
wrong_part,44,4491,dev_seen,39,4,39,39
wrong_part,44,7298,dev_seen,40,4,64,64
wrong_part,44,7322,dev_seen,40,2,64,64
wrong_part,44,7274,dev_seen,40,0,51,40
wrong_part,44,7270,dev_seen,40,1,64,64
wrong_part,44,7278,dev_seen,40,3,40,40
wrong_part,44,15,dev_seen,41,0,42,41
wrong_part,44,49,dev_seen,41,3,41,41
wrong_part,44,42,dev_seen,41,4,41,41
wrong_part,44,41,dev_seen,41,1,42,41
wrong_part,44,2,dev_seen,41,2,42,41
wrong_part,44,137,dev_seen,42,4,42,42
wrong_part,44,127,dev_seen,42,3,42,42
wrong_part,44,125,dev_seen,42,0,42,42
wrong_part,44,122,dev_seen,42,1,42,42
wrong_part,44,136,dev_seen,42,2,42,42
wrong_part,44,6167,dev_seen,43,4,15,15
wrong_part,44,6184,dev_seen,43,2,43,43
wrong_part,44,6168,dev_seen,43,3,43,43
wrong_part,44,6186,dev_seen,43,0,43,43
wrong_part,44,6191,dev_seen,43,1,43,43
wrong_part,44,8661,dev_seen,44,2,44,44
wrong_part,44,8689,dev_seen,44,0,44,44
wrong_part,44,8671,dev_seen,44,4,44,44
wrong_part,44,8646,dev_seen,44,3,51,44
wrong_part,44,8701,dev_seen,44,1,44,44
wrong_part,44,716,dev_seen,45,4,45,45
wrong_part,44,677,dev_seen,45,2,45,45
wrong_part,44,699,dev_seen,45,3,45,45
wrong_part,44,667,dev_seen,45,1,45,45
wrong_part,44,685,dev_seen,45,0,45,45
wrong_part,44,4057,dev_seen,46,0,46,46
wrong_part,44,4018,dev_seen,46,4,46,46
wrong_part,44,4060,dev_seen,46,3,46,46
wrong_part,44,4066,dev_seen,46,1,46,46
wrong_part,44,4030,dev_seen,46,2,46,46
wrong_part,44,4346,dev_seen,47,1,47,47
wrong_part,44,4370,dev_seen,47,0,47,47
wrong_part,44,4355,dev_seen,47,2,47,47
wrong_part,44,4324,dev_seen,47,3,47,47
wrong_part,44,4331,dev_seen,47,4,47,47
wrong_part,44,9206,dev_seen,48,1,48,48
wrong_part,44,9209,dev_seen,48,4,48,48
wrong_part,44,9204,dev_seen,48,3,70,48
wrong_part,44,9228,dev_seen,48,0,73,73
wrong_part,44,9226,dev_seen,48,2,48,48
wrong_part,44,8151,dev_seen,49,2,49,49
wrong_part,44,8142,dev_seen,49,4,49,49
wrong_part,44,8115,dev_seen,49,0,49,49
wrong_part,44,8107,dev_seen,49,1,49,49
wrong_part,44,8121,dev_seen,49,3,49,49
wrong_part,44,9286,dev_unseen,50,1,50,50
wrong_part,44,9237,dev_unseen,50,0,50,50
wrong_part,44,9291,dev_unseen,50,4,50,22
wrong_part,44,9274,dev_unseen,50,4,50,50
wrong_part,44,9244,dev_unseen,50,3,44,44
wrong_part,44,9269,dev_unseen,50,1,50,50
wrong_part,44,9263,dev_unseen,50,2,50,50
wrong_part,44,9283,dev_unseen,50,2,50,50
wrong_part,44,9234,dev_unseen,50,3,50,50
wrong_part,44,9287,dev_unseen,50,0,50,50
wrong_part,44,7366,dev_unseen,51,2,51,17
wrong_part,44,7353,dev_unseen,51,4,17,17
wrong_part,44,7336,dev_unseen,51,1,63,40
wrong_part,44,7371,dev_unseen,51,0,64,64
wrong_part,44,7359,dev_unseen,51,2,51,51
wrong_part,44,7332,dev_unseen,51,3,50,40
wrong_part,44,7373,dev_unseen,51,0,64,40
wrong_part,44,7364,dev_unseen,51,3,64,64
wrong_part,44,7348,dev_unseen,51,1,17,17
wrong_part,44,7370,dev_unseen,51,4,17,40
wrong_part,44,250,dev_unseen,52,0,52,52
wrong_part,44,242,dev_unseen,52,2,52,52
wrong_part,44,268,dev_unseen,52,1,52,52
wrong_part,44,280,dev_unseen,52,1,52,52
wrong_part,44,243,dev_unseen,52,2,52,52
wrong_part,44,253,dev_unseen,52,4,52,52
wrong_part,44,249,dev_unseen,52,3,52,52
wrong_part,44,247,dev_unseen,52,0,52,52
wrong_part,44,274,dev_unseen,52,3,52,52
wrong_part,44,272,dev_unseen,52,4,52,52
wrong_part,44,7188,dev_unseen,53,3,40,40
wrong_part,44,7157,dev_unseen,53,3,64,64
wrong_part,44,7208,dev_unseen,53,4,63,63
wrong_part,44,7195,dev_unseen,53,4,63,40
wrong_part,44,7161,dev_unseen,53,0,64,64
wrong_part,44,7191,dev_unseen,53,0,64,64
wrong_part,44,7179,dev_unseen,53,1,64,63
wrong_part,44,7171,dev_unseen,53,2,64,64
wrong_part,44,7178,dev_unseen,53,2,64,64
wrong_part,44,7163,dev_unseen,53,1,64,40
wrong_part,44,6362,dev_unseen,54,2,54,54
wrong_part,44,6353,dev_unseen,54,0,54,18
wrong_part,44,6347,dev_unseen,54,0,54,54
wrong_part,44,6339,dev_unseen,54,1,50,55
wrong_part,44,6373,dev_unseen,54,4,44,54
wrong_part,44,6345,dev_unseen,54,3,54,54
wrong_part,44,6335,dev_unseen,54,3,54,54
wrong_part,44,6363,dev_unseen,54,1,54,56
wrong_part,44,6350,dev_unseen,54,4,54,54
wrong_part,44,6336,dev_unseen,54,2,54,54
wrong_part,44,5726,dev_unseen,55,3,55,55
wrong_part,44,5688,dev_unseen,55,0,39,39
wrong_part,44,5695,dev_unseen,55,0,55,55
wrong_part,44,5724,dev_unseen,55,4,56,56
wrong_part,44,5727,dev_unseen,55,2,55,55
wrong_part,44,5733,dev_unseen,55,1,28,28
wrong_part,44,5743,dev_unseen,55,1,55,55
wrong_part,44,5698,dev_unseen,55,3,55,55
wrong_part,44,5705,dev_unseen,55,2,55,55
wrong_part,44,5713,dev_unseen,55,4,50,13
wrong_part,44,631,dev_unseen,56,0,56,56
wrong_part,44,620,dev_unseen,56,2,56,56
wrong_part,44,647,dev_unseen,56,4,56,56
wrong_part,44,657,dev_unseen,56,3,56,56
wrong_part,44,607,dev_unseen,56,4,56,56
wrong_part,44,655,dev_unseen,56,1,56,56
wrong_part,44,641,dev_unseen,56,0,50,13
wrong_part,44,652,dev_unseen,56,3,56,56
wrong_part,44,611,dev_unseen,56,1,56,56
wrong_part,44,642,dev_unseen,56,2,56,56
wrong_part,44,3023,dev_unseen,57,2,57,57
wrong_part,44,3036,dev_unseen,57,2,57,57
wrong_part,44,3038,dev_unseen,57,4,57,57
wrong_part,44,3043,dev_unseen,57,0,57,57
wrong_part,44,3028,dev_unseen,57,1,57,57
wrong_part,44,3027,dev_unseen,57,3,57,57
wrong_part,44,3041,dev_unseen,57,0,57,57
wrong_part,44,3024,dev_unseen,57,1,57,57
wrong_part,44,3033,dev_unseen,57,3,57,57
wrong_part,44,3014,dev_unseen,57,4,57,57
wrong_part,44,2762,dev_unseen,58,3,58,58
wrong_part,44,2757,dev_unseen,58,4,58,58
wrong_part,44,2745,dev_unseen,58,2,58,58
wrong_part,44,2721,dev_unseen,58,3,58,58
wrong_part,44,2759,dev_unseen,58,4,58,58
wrong_part,44,2739,dev_unseen,58,0,53,44
wrong_part,44,2754,dev_unseen,58,1,58,58
wrong_part,44,2720,dev_unseen,58,0,58,58
wrong_part,44,2724,dev_unseen,58,1,58,58
wrong_part,44,2732,dev_unseen,58,2,58,58
wrong_part,44,1455,dev_unseen,59,4,59,59
wrong_part,44,1445,dev_unseen,59,0,59,71
wrong_part,44,1414,dev_unseen,59,2,59,59
wrong_part,44,1447,dev_unseen,59,4,59,59
wrong_part,44,1461,dev_unseen,59,0,59,59
wrong_part,44,1405,dev_unseen,59,3,59,59
wrong_part,44,1426,dev_unseen,59,3,59,59
wrong_part,44,1458,dev_unseen,59,1,4,4
wrong_part,44,1460,dev_unseen,59,1,59,59
wrong_part,44,1418,dev_unseen,59,2,59,4
wrong_part,44,5458,dev_unseen,60,1,60,60
wrong_part,44,5492,dev_unseen,60,3,60,60
wrong_part,44,5500,dev_unseen,60,2,60,60
wrong_part,44,5472,dev_unseen,60,4,60,60
wrong_part,44,5465,dev_unseen,60,0,60,60
wrong_part,44,5482,dev_unseen,60,0,60,60
wrong_part,44,5461,dev_unseen,60,1,60,60
wrong_part,44,5454,dev_unseen,60,2,60,60
wrong_part,44,5460,dev_unseen,60,4,60,60
wrong_part,44,5462,dev_unseen,60,3,60,60
wrong_part,44,1029,dev_unseen,61,4,61,61
wrong_part,44,1042,dev_unseen,61,0,61,61
wrong_part,44,1026,dev_unseen,61,3,61,61
wrong_part,44,1023,dev_unseen,61,2,61,61
wrong_part,44,1040,dev_unseen,61,0,61,61
wrong_part,44,1048,dev_unseen,61,2,61,61
wrong_part,44,1032,dev_unseen,61,1,61,61
wrong_part,44,1004,dev_unseen,61,3,61,61
wrong_part,44,1000,dev_unseen,61,1,61,61
wrong_part,44,1053,dev_unseen,61,4,61,61
wrong_part,44,10034,dev_unseen,62,4,70,70
wrong_part,44,10038,dev_unseen,62,1,50,62
wrong_part,44,10066,dev_unseen,62,3,18,18
wrong_part,44,10020,dev_unseen,62,0,62,62
wrong_part,44,10013,dev_unseen,62,1,28,28
wrong_part,44,10009,dev_unseen,62,3,28,28
wrong_part,44,10060,dev_unseen,62,4,17,28
wrong_part,44,10015,dev_unseen,62,2,70,70
wrong_part,44,10019,dev_unseen,62,0,50,62
wrong_part,44,10050,dev_unseen,62,2,62,70
wrong_part,44,7045,dev_unseen,63,0,17,64
wrong_part,44,7082,dev_unseen,63,2,63,63
wrong_part,44,7070,dev_unseen,63,3,64,64
wrong_part,44,7059,dev_unseen,63,3,51,63
wrong_part,44,7050,dev_unseen,63,1,63,63
wrong_part,44,7039,dev_unseen,63,2,63,63
wrong_part,44,7042,dev_unseen,63,4,63,63
wrong_part,44,7079,dev_unseen,63,1,63,63
wrong_part,44,7044,dev_unseen,63,0,63,64
wrong_part,44,7052,dev_unseen,63,4,51,7
wrong_part,44,7438,dev_unseen,64,0,64,64
wrong_part,44,7412,dev_unseen,64,3,64,64
wrong_part,44,7411,dev_unseen,64,0,64,64
wrong_part,44,7439,dev_unseen,64,4,63,63
wrong_part,44,7402,dev_unseen,64,1,64,64
wrong_part,44,7444,dev_unseen,64,1,64,64
wrong_part,44,7392,dev_unseen,64,3,64,64
wrong_part,44,7420,dev_unseen,64,2,64,63
wrong_part,44,7393,dev_unseen,64,2,64,64
wrong_part,44,7410,dev_unseen,64,4,64,64
wrong_part,44,11006,dev_unseen,65,1,65,65
wrong_part,44,10966,dev_unseen,65,2,65,65
wrong_part,44,10964,dev_unseen,65,0,65,65
wrong_part,44,10997,dev_unseen,65,1,65,65
wrong_part,44,10988,dev_unseen,65,4,65,65
wrong_part,44,11009,dev_unseen,65,2,65,65
wrong_part,44,10968,dev_unseen,65,3,65,65
wrong_part,44,10982,dev_unseen,65,3,65,65
wrong_part,44,10992,dev_unseen,65,0,65,65
wrong_part,44,10969,dev_unseen,65,4,65,65
wrong_part,44,5844,dev_unseen,66,1,66,66
wrong_part,44,5835,dev_unseen,66,1,66,66
wrong_part,44,5842,dev_unseen,66,3,66,66
wrong_part,44,5841,dev_unseen,66,3,66,66
wrong_part,44,5830,dev_unseen,66,0,66,66
wrong_part,44,5831,dev_unseen,66,4,66,66
wrong_part,44,5819,dev_unseen,66,0,66,66
wrong_part,44,5839,dev_unseen,66,2,66,66
wrong_part,44,5824,dev_unseen,66,2,66,66
wrong_part,44,5834,dev_unseen,66,4,66,66
wrong_part,44,4520,dev_unseen,67,4,67,67
wrong_part,44,4551,dev_unseen,67,1,67,67
wrong_part,44,4541,dev_unseen,67,4,67,67
wrong_part,44,4531,dev_unseen,67,0,67,67
wrong_part,44,4521,dev_unseen,67,1,12,12
wrong_part,44,4510,dev_unseen,67,3,67,67
wrong_part,44,4494,dev_unseen,67,3,67,67
wrong_part,44,4530,dev_unseen,67,2,67,67
wrong_part,44,4549,dev_unseen,67,0,67,67
wrong_part,44,4529,dev_unseen,67,2,67,67
wrong_part,44,7120,dev_unseen,68,3,53,53
wrong_part,44,7090,dev_unseen,68,1,63,63
wrong_part,44,7136,dev_unseen,68,4,50,17
wrong_part,44,7142,dev_unseen,68,0,17,53
wrong_part,44,7108,dev_unseen,68,3,17,7
wrong_part,44,7106,dev_unseen,68,0,51,68
wrong_part,44,7147,dev_unseen,68,2,17,17
wrong_part,44,7143,dev_unseen,68,2,17,17
wrong_part,44,7111,dev_unseen,68,1,17,64
wrong_part,44,7123,dev_unseen,68,4,17,17
wrong_part,44,11668,dev_unseen,69,2,69,0
wrong_part,44,11621,dev_unseen,69,3,69,69
wrong_part,44,11666,dev_unseen,69,0,0,0
wrong_part,44,11610,dev_unseen,69,0,69,69
wrong_part,44,11634,dev_unseen,69,1,69,69
wrong_part,44,11660,dev_unseen,69,4,69,69
wrong_part,44,11612,dev_unseen,69,2,69,69
wrong_part,44,11652,dev_unseen,69,4,69,69
wrong_part,44,11636,dev_unseen,69,3,69,69
wrong_part,44,11657,dev_unseen,69,1,69,69
wrong_part,44,9653,dev_unseen,70,4,70,70
wrong_part,44,9671,dev_unseen,70,0,70,70
wrong_part,44,9710,dev_unseen,70,2,7,7
wrong_part,44,9691,dev_unseen,70,3,70,70
wrong_part,44,9664,dev_unseen,70,1,70,70
wrong_part,44,9677,dev_unseen,70,4,70,70
wrong_part,44,9685,dev_unseen,70,1,70,70
wrong_part,44,9657,dev_unseen,70,0,70,70
wrong_part,44,9675,dev_unseen,70,3,70,70
wrong_part,44,9680,dev_unseen,70,2,70,70
wrong_part,44,3117,dev_unseen,71,1,71,71
wrong_part,44,3082,dev_unseen,71,3,71,71
wrong_part,44,3095,dev_unseen,71,1,71,71
wrong_part,44,3125,dev_unseen,71,2,71,71
wrong_part,44,3109,dev_unseen,71,0,71,71
wrong_part,44,3089,dev_unseen,71,4,71,71
wrong_part,44,3123,dev_unseen,71,3,71,71
wrong_part,44,3120,dev_unseen,71,0,71,71
wrong_part,44,3119,dev_unseen,71,2,71,71
wrong_part,44,3103,dev_unseen,71,4,71,71
wrong_part,44,6000,dev_unseen,72,3,67,67
wrong_part,44,5977,dev_unseen,72,1,67,11
wrong_part,44,6023,dev_unseen,72,3,67,39
wrong_part,44,6026,dev_unseen,72,4,11,11
wrong_part,44,6028,dev_unseen,72,0,67,39
wrong_part,44,5981,dev_unseen,72,2,11,11
wrong_part,44,5994,dev_unseen,72,2,67,11
wrong_part,44,6017,dev_unseen,72,1,11,11
wrong_part,44,5992,dev_unseen,72,0,67,11
wrong_part,44,5979,dev_unseen,72,4,72,72
wrong_part,44,9857,dev_unseen,73,4,13,13
wrong_part,44,9840,dev_unseen,73,3,73,73
wrong_part,44,9844,dev_unseen,73,4,13,13
wrong_part,44,9852,dev_unseen,73,1,13,13
wrong_part,44,9834,dev_unseen,73,0,73,73
wrong_part,44,9859,dev_unseen,73,1,73,73
wrong_part,44,9880,dev_unseen,73,3,73,73
wrong_part,44,9882,dev_unseen,73,2,28,13
wrong_part,44,9833,dev_unseen,73,0,13,13
wrong_part,44,9881,dev_unseen,73,2,73,73
wrong_part,44,879,dev_unseen,74,3,74,74
wrong_part,44,853,dev_unseen,74,0,74,74
wrong_part,44,873,dev_unseen,74,4,74,74
wrong_part,44,862,dev_unseen,74,2,74,74
wrong_part,44,855,dev_unseen,74,1,74,74
wrong_part,44,841,dev_unseen,74,1,47,47
wrong_part,44,871,dev_unseen,74,4,74,74
wrong_part,44,865,dev_unseen,74,3,74,74
wrong_part,44,874,dev_unseen,74,0,74,74
wrong_part,44,857,dev_unseen,74,2,74,74
